Time,Temperature (°C),Heat Flow (Normalized)(W/g),Label
30.025,119.557,-0.616675,Control
30.0267,119.563,-0.616677,Control
30.0283,119.567,-0.616686,Control
30.03,119.572,-0.616689,Control
30.0317,119.577,-0.616689,Control
30.0333,119.581,-0.616689,Control
30.035,119.587,-0.616688,Control
30.0367,119.591,-0.616692,Control
30.0383,119.596,-0.616691,Control
30.04,119.602,-0.616689,Control
30.0417,119.607,-0.616691,Control
30.0433,119.611,-0.616693,Control
30.045,119.616,-0.616696,Control
30.0467,119.621,-0.616696,Control
30.0483,119.626,-0.616699,Control
30.05,119.63,-0.616703,Control
30.0517,119.636,-0.616707,Control
30.0533,119.64,-0.616708,Control
30.055,119.646,-0.616708,Control
30.0567,119.649,-0.616707,Control
30.0583,119.654,-0.616705,Control
30.06,119.658,-0.616699,Control
30.0617,119.663,-0.616685,Control
30.0633,119.667,-0.616662,Control
30.065,119.671,-0.616629,Control
30.0667,119.675,-0.616545,Control
30.0683,119.68,-0.616343,Control
30.07,119.683,-0.61596,Control
30.0717,119.688,-0.615352,Control
30.0733,119.691,-0.61428,Control
30.075,119.695,-0.61239,Control
30.0767,119.699,-0.609857,Control
30.0783,119.701,-0.606463,Control
30.08,119.705,-0.60206,Control
30.0817,119.707,-0.597234,Control
30.0833,119.71,-0.59106,Control
30.085,119.713,-0.583766,Control
30.0867,119.715,-0.576396,Control
30.0883,119.717,-0.569998,Control
30.09,119.719,-0.56474,Control
30.0917,119.721,-0.558983,Control
30.0933,119.723,-0.552749,Control
30.095,119.725,-0.546671,Control
30.0967,119.726,-0.53968,Control
30.0983,119.728,-0.532478,Control
30.1,119.729,-0.52543,Control
30.1017,119.73,-0.517377,Control
30.1033,119.73,-0.509114,Control
30.105,119.731,-0.500655,Control
30.1067,119.733,-0.491976,Control
30.1083,119.732,-0.483712,Control
30.11,119.732,-0.473412,Control
30.1117,119.732,-0.463895,Control
30.1133,119.732,-0.453965,Control
30.115,119.731,-0.444507,Control
30.1167,119.731,-0.433814,Control
30.1183,119.729,-0.423107,Control
30.12,119.728,-0.413007,Control
30.1217,119.725,-0.402169,Control
30.1233,119.725,-0.391503,Control
30.125,119.723,-0.380651,Control
30.1267,119.722,-0.369942,Control
30.1283,119.721,-0.358765,Control
30.13,119.718,-0.348538,Control
30.1317,119.716,-0.337715,Control
30.1333,119.715,-0.326693,Control
30.135,119.711,-0.315717,Control
30.1367,119.71,-0.304806,Control
30.1383,119.706,-0.294513,Control
30.14,119.704,-0.283903,Control
30.1417,119.701,-0.273956,Control
30.1433,119.697,-0.263751,Control
30.145,119.694,-0.252222,Control
30.1467,119.692,-0.241718,Control
30.1483,119.688,-0.231642,Control
30.15,119.685,-0.221356,Control
30.1517,119.681,-0.210336,Control
30.1533,119.678,-0.201169,Control
30.155,119.673,-0.191612,Control
30.1567,119.669,-0.182491,Control
30.1583,119.665,-0.173949,Control
30.16,119.662,-0.165452,Control
30.1617,119.656,-0.156962,Control
30.1633,119.653,-0.148679,Control
30.165,119.648,-0.140113,Control
30.1667,119.645,-0.131369,Control
30.1683,119.64,-0.123933,Control
30.17,119.636,-0.115695,Control
30.1717,119.631,-0.108548,Control
30.1733,119.626,-0.101758,Control
30.175,119.621,-0.0951358,Control
30.1767,119.617,-0.0879953,Control
30.1783,119.611,-0.0806282,Control
30.18,119.606,-0.073527,Control
30.1817,119.6,-0.0664662,Control
30.1833,119.596,-0.0592473,Control
30.185,119.591,-0.0523841,Control
30.1867,119.586,-0.0466085,Control
30.1883,119.58,-0.0412698,Control
30.19,119.575,-0.0354447,Control
30.1917,119.57,-0.0314625,Control
30.1933,119.564,-0.02738,Control
30.195,119.558,-0.0219659,Control
30.1967,119.553,-0.0165808,Control
30.1983,119.548,-0.0115135,Control
30.2,119.542,-0.00675301,Control
30.2017,119.536,-0.00149802,Control
30.2033,119.531,0.00314708,Control
30.205,119.524,0.00858092,Control
30.2067,119.52,0.0135272,Control
30.2083,119.514,0.018756,Control
30.21,119.508,0.0227804,Control
30.2117,119.502,0.0264791,Control
30.2133,119.496,0.0293843,Control
30.215,119.49,0.0341375,Control
30.2167,119.484,0.0388827,Control
30.2183,119.479,0.0427659,Control
30.22,119.472,0.0466582,Control
30.2217,119.466,0.0495558,Control
30.2233,119.459,0.0536408,Control
30.225,119.454,0.0583186,Control
30.2267,119.447,0.0610702,Control
30.2283,119.441,0.0647718,Control
30.23,119.434,0.068229,Control
30.2317,119.43,0.0709313,Control
30.2333,119.422,0.0741671,Control
30.235,119.415,0.0779249,Control
30.2367,119.409,0.0816483,Control
30.2383,119.403,0.0860948,Control
30.24,119.397,0.0902668,Control
30.2417,119.39,0.0937685,Control
30.2433,119.384,0.0977044,Control
30.245,119.378,0.101173,Control
30.2467,119.371,0.104413,Control
30.2483,119.364,0.108956,Control
30.25,119.357,0.112134,Control
30.2517,119.351,0.115143,Control
30.2533,119.345,0.117054,Control
30.255,119.338,0.120123,Control
30.2567,119.33,0.12348,Control
30.2583,119.324,0.127453,Control
30.26,119.318,0.130464,Control
30.2617,119.311,0.133163,Control
30.2633,119.303,0.135347,Control
30.265,119.297,0.137418,Control
30.2667,119.29,0.140957,Control
30.2683,119.282,0.143661,Control
30.27,119.275,0.147125,Control
30.2717,119.268,0.14987,Control
30.2733,119.262,0.151646,Control
30.275,119.255,0.154673,Control
30.2767,119.246,0.156276,Control
30.2783,119.241,0.158722,Control
30.28,119.233,0.160553,Control
30.2817,119.226,0.162455,Control
30.2833,119.22,0.164386,Control
30.285,119.212,0.167563,Control
30.2867,119.204,0.170604,Control
30.2883,119.198,0.173946,Control
30.29,119.191,0.17689,Control
30.2917,119.182,0.178392,Control
30.2933,119.176,0.181286,Control
30.295,119.168,0.183414,Control
30.2967,119.162,0.185416,Control
30.2983,119.154,0.187499,Control
30.3,119.146,0.189274,Control
30.3017,119.14,0.190003,Control
30.3033,119.132,0.191228,Control
30.305,119.124,0.193372,Control
30.3067,119.116,0.195513,Control
30.3083,119.108,0.198132,Control
30.31,119.101,0.19937,Control
30.3117,119.093,0.201239,Control
30.3133,119.087,0.203477,Control
30.315,119.079,0.20696,Control
30.3167,119.071,0.208653,Control
30.3183,119.064,0.210824,Control
30.32,119.056,0.212643,Control
30.3217,119.049,0.212709,Control
30.3233,119.041,0.213799,Control
30.325,119.034,0.215904,Control
30.3267,119.027,0.217259,Control
30.3283,119.02,0.218088,Control
30.33,119.011,0.21895,Control
30.3317,119.003,0.219557,Control
30.3333,118.995,0.223335,Control
30.335,118.988,0.225049,Control
30.3367,118.981,0.227088,Control
30.3383,118.971,0.227825,Control
30.34,118.965,0.229594,Control
30.3417,118.956,0.229921,Control
30.3433,118.95,0.231801,Control
30.345,118.942,0.231889,Control
30.3467,118.934,0.232579,Control
30.3483,118.927,0.232693,Control
30.35,118.919,0.233772,Control
30.3517,118.912,0.235816,Control
30.3533,118.904,0.237425,Control
30.355,118.896,0.239179,Control
30.3567,118.887,0.240546,Control
30.3583,118.88,0.241564,Control
30.36,118.871,0.242406,Control
30.3617,118.866,0.243058,Control
30.3633,118.856,0.243704,Control
30.365,118.849,0.244753,Control
30.3667,118.84,0.245426,Control
30.3683,118.833,0.24676,Control
30.37,118.825,0.247633,Control
30.3717,118.817,0.248277,Control
30.3733,118.808,0.249142,Control
30.375,118.801,0.249244,Control
30.3767,118.793,0.248919,Control
30.3783,118.785,0.248823,Control
30.38,118.777,0.249107,Control
30.3817,118.769,0.249293,Control
30.3833,118.761,0.250166,Control
30.385,118.753,0.251274,Control
30.3867,118.746,0.252642,Control
30.3883,118.737,0.254107,Control
30.39,118.73,0.255656,Control
30.3917,118.722,0.257203,Control
30.3933,118.715,0.258419,Control
30.395,118.706,0.258818,Control
30.3967,118.698,0.259661,Control
30.3983,118.69,0.260532,Control
30.4,118.682,0.261135,Control
30.4017,118.674,0.26161,Control
30.4033,118.667,0.262248,Control
30.405,118.658,0.262695,Control
30.4067,118.65,0.262768,Control
30.4083,118.643,0.262969,Control
30.41,118.634,0.263233,Control
30.4117,118.627,0.263797,Control
30.4133,118.619,0.264254,Control
30.415,118.611,0.264762,Control
30.4167,118.601,0.26529,Control
30.4183,118.594,0.26589,Control
30.42,118.587,0.266578,Control
30.4217,118.579,0.267623,Control
30.4233,118.57,0.268615,Control
30.425,118.562,0.269232,Control
30.4267,118.554,0.269616,Control
30.4283,118.546,0.269806,Control
30.43,118.539,0.270208,Control
30.4317,118.531,0.270624,Control
30.4333,118.522,0.270904,Control
30.435,118.513,0.271323,Control
30.4367,118.506,0.271509,Control
30.4383,118.498,0.271847,Control
30.44,118.489,0.272257,Control
30.4417,118.48,0.272845,Control
30.4433,118.473,0.273212,Control
30.445,118.465,0.273561,Control
30.4467,118.458,0.27376,Control
30.4483,118.45,0.273912,Control
30.45,118.442,0.273986,Control
30.4517,118.433,0.274157,Control
30.4533,118.426,0.274362,Control
30.455,118.417,0.274636,Control
30.4567,118.408,0.275159,Control
30.4583,118.4,0.275912,Control
30.46,118.393,0.276845,Control
30.4617,118.384,0.27753,Control
30.4633,118.376,0.278044,Control
30.465,118.368,0.27832,Control
30.4667,118.36,0.278548,Control
30.4683,118.352,0.278602,Control
30.47,118.344,0.278628,Control
30.4717,118.336,0.278646,Control
30.4733,118.328,0.278638,Control
30.475,118.32,0.278673,Control
30.4767,118.312,0.278768,Control
30.4783,118.303,0.278892,Control
30.48,118.295,0.279132,Control
30.4817,118.287,0.279449,Control
30.4833,118.28,0.279856,Control
30.485,118.271,0.280357,Control
30.4867,118.263,0.280846,Control
30.4883,118.255,0.281158,Control
30.49,118.245,0.281475,Control
30.4917,118.238,0.281696,Control
30.4933,118.229,0.281867,Control
30.495,118.221,0.281953,Control
30.4967,118.214,0.28199,Control
30.4983,118.205,0.282015,Control
30.5,118.198,0.282041,Control
30.5017,118.189,0.282111,Control
30.5033,118.181,0.282326,Control
30.505,118.173,0.28261,Control
30.5067,118.165,0.282873,Control
30.5083,118.157,0.283203,Control
30.51,118.148,0.283672,Control
30.5117,118.139,0.284015,Control
30.5133,118.132,0.284225,Control
30.515,118.125,0.284415,Control
30.5167,118.116,0.284576,Control
30.5183,118.107,0.284664,Control
30.52,118.099,0.284803,Control
30.5217,118.091,0.284978,Control
30.5233,118.082,0.285197,Control
30.525,118.074,0.285477,Control
30.5267,118.066,0.285874,Control
30.5283,118.058,0.286278,Control
30.53,118.051,0.286556,Control
30.5317,118.041,0.286733,Control
30.5333,118.033,0.286919,Control
30.535,118.024,0.287117,Control
30.5367,118.017,0.287265,Control
30.5383,118.01,0.287374,Control
30.54,118,0.287473,Control
30.5417,117.992,0.287546,Control
30.5433,117.984,0.287646,Control
30.545,117.977,0.287782,Control
30.5467,117.969,0.287908,Control
30.5483,117.959,0.28801,Control
30.55,117.951,0.288106,Control
30.5517,117.943,0.288181,Control
30.5533,117.935,0.288257,Control
30.555,117.926,0.288311,Control
30.5567,117.919,0.288366,Control
30.5583,117.909,0.288401,Control
30.56,117.901,0.288433,Control
30.5617,117.894,0.288464,Control
30.5633,117.887,0.288702,Control
30.565,117.878,0.288731,Control
30.5667,117.869,0.28877,Control
30.5683,117.861,0.288822,Control
30.57,117.853,0.288869,Control
30.5717,117.844,0.288901,Control
30.5733,117.836,0.288938,Control
30.575,117.827,0.288986,Control
30.5767,117.82,0.289033,Control
30.5783,117.812,0.289078,Control
30.58,117.803,0.289129,Control
30.5817,117.795,0.289186,Control
30.5833,117.787,0.289236,Control
30.585,117.778,0.289302,Control
30.5867,117.77,0.289363,Control
30.5883,117.763,0.289408,Control
30.59,117.754,0.289453,Control
30.5917,117.745,0.2895,Control
30.5933,117.737,0.289545,Control
30.595,117.728,0.289587,Control
30.5967,117.722,0.289716,Control
30.5983,117.713,0.289841,Control
30.6,117.704,0.289884,Control
30.6017,117.696,0.289931,Control
30.6033,117.688,0.28997,Control
30.605,117.68,0.29001,Control
30.6067,117.672,0.290055,Control
30.6083,117.664,0.290099,Control
30.61,117.655,0.290143,Control
30.6117,117.647,0.290192,Control
30.6133,117.639,0.29027,Control
30.615,117.631,0.290323,Control
30.6167,117.622,0.290375,Control
30.6183,117.614,0.290484,Control
30.62,117.605,0.290595,Control
30.6217,117.598,0.290712,Control
30.6233,117.589,0.290765,Control
30.625,117.581,0.290818,Control
30.6267,117.573,0.290869,Control
30.6283,117.565,0.290921,Control
30.63,117.557,0.29097,Control
30.6317,117.547,0.291023,Control
30.6333,117.539,0.291117,Control
30.635,117.531,0.291164,Control
30.6367,117.523,0.291213,Control
30.6383,117.515,0.291267,Control
30.64,117.506,0.291316,Control
30.6417,117.498,0.291369,Control
30.6433,117.491,0.291416,Control
30.645,117.482,0.291463,Control
30.6467,117.473,0.29153,Control
30.6483,117.465,0.291576,Control
30.65,117.458,0.29164,Control
30.6517,117.448,0.2917,Control
30.6533,117.441,0.29176,Control
30.655,117.432,0.291817,Control
30.6567,117.424,0.291874,Control
30.6583,117.416,0.291928,Control
30.66,117.408,0.291991,Control
30.6617,117.4,0.292063,Control
30.6633,117.392,0.292119,Control
30.665,117.383,0.292172,Control
30.6667,117.375,0.292227,Control
30.6683,117.367,0.292286,Control
30.67,117.358,0.292344,Control
30.6717,117.35,0.292403,Control
30.6733,117.342,0.29246,Control
30.675,117.333,0.292513,Control
30.6767,117.325,0.292561,Control
30.6783,117.316,0.292609,Control
30.68,117.308,0.292658,Control
30.6817,117.3,0.2927,Control
30.6833,117.292,0.292736,Control
30.685,117.284,0.292773,Control
30.6867,117.275,0.292816,Control
30.6883,117.267,0.292863,Control
30.69,117.259,0.292914,Control
30.6917,117.251,0.292963,Control
30.6933,117.243,0.293011,Control
30.695,117.234,0.293066,Control
30.6967,117.227,0.293124,Control
30.6983,117.218,0.293183,Control
30.7,117.21,0.293242,Control
30.7017,117.201,0.29329,Control
30.7033,117.194,0.293334,Control
30.705,117.185,0.29338,Control
30.7067,117.177,0.293427,Control
30.7083,117.169,0.293477,Control
30.71,117.16,0.293528,Control
30.7117,117.151,0.293581,Control
30.7133,117.144,0.29364,Control
30.715,117.135,0.293724,Control
30.7167,117.126,0.293827,Control
30.7183,117.118,0.293922,Control
30.72,117.11,0.294041,Control
30.7217,117.102,0.294103,Control
30.7233,117.094,0.294158,Control
30.725,117.085,0.29421,Control
30.7267,117.077,0.294258,Control
30.7283,117.068,0.294308,Control
30.73,117.061,0.294356,Control
30.7317,117.052,0.294403,Control
30.7333,117.043,0.294453,Control
30.735,117.036,0.294506,Control
30.7367,117.027,0.294562,Control
30.7383,117.018,0.294629,Control
30.74,117.011,0.294689,Control
30.7417,117.002,0.294747,Control
30.7433,116.994,0.294799,Control
30.745,116.985,0.294844,Control
30.7467,116.978,0.294891,Control
30.7483,116.969,0.294937,Control
30.75,116.961,0.294974,Control
30.7517,116.952,0.295012,Control
30.7533,116.945,0.295049,Control
30.755,116.936,0.295091,Control
30.7567,116.928,0.295138,Control
30.7583,116.92,0.295191,Control
30.76,116.911,0.295245,Control
30.7617,116.903,0.295302,Control
30.7633,116.894,0.295351,Control
30.765,116.886,0.295398,Control
30.7667,116.878,0.295442,Control
30.7683,116.87,0.295485,Control
30.77,116.862,0.29552,Control
30.7717,116.853,0.295554,Control
30.7733,116.846,0.295591,Control
30.775,116.837,0.295633,Control
30.7767,116.828,0.29568,Control
30.7783,116.82,0.295734,Control
30.78,116.811,0.29579,Control
30.7817,116.804,0.295846,Control
30.7833,116.796,0.295895,Control
30.785,116.788,0.295935,Control
30.7867,116.78,0.295973,Control
30.7883,116.77,0.296006,Control
30.79,116.762,0.296042,Control
30.7917,116.754,0.296085,Control
30.7933,116.746,0.29613,Control
30.795,116.737,0.296176,Control
30.7967,116.729,0.296228,Control
30.7983,116.72,0.296278,Control
30.8,116.712,0.296334,Control
30.8017,116.704,0.296388,Control
30.8033,116.695,0.296441,Control
30.805,116.686,0.296485,Control
30.8067,116.68,0.296522,Control
30.8083,116.672,0.296558,Control
30.81,116.663,0.296595,Control
30.8117,116.655,0.296631,Control
30.8133,116.646,0.296657,Control
30.815,116.638,0.296681,Control
30.8167,116.629,0.296707,Control
30.8183,116.621,0.296744,Control
30.82,116.612,0.296786,Control
30.8217,116.604,0.296827,Control
30.8233,116.595,0.296869,Control
30.825,116.588,0.29691,Control
30.8267,116.579,0.296946,Control
30.8283,116.571,0.296977,Control
30.83,116.562,0.297008,Control
30.8317,116.555,0.297035,Control
30.8333,116.546,0.297066,Control
30.835,116.538,0.2971,Control
30.8367,116.529,0.297138,Control
30.8383,116.522,0.297171,Control
30.84,116.513,0.297206,Control
30.8417,116.505,0.29724,Control
30.8433,116.497,0.297271,Control
30.845,116.489,0.297299,Control
30.8467,116.48,0.29733,Control
30.8483,116.473,0.297364,Control
30.85,116.464,0.297404,Control
30.8517,116.454,0.297443,Control
30.8533,116.447,0.297487,Control
30.855,116.439,0.297528,Control
30.8567,116.429,0.297559,Control
30.8583,116.422,0.29759,Control
30.86,116.414,0.297613,Control
30.8617,116.406,0.297634,Control
30.8633,116.397,0.297657,Control
30.865,116.389,0.297684,Control
30.8667,116.38,0.297714,Control
30.8683,116.373,0.297748,Control
30.87,116.363,0.297791,Control
30.8717,116.356,0.29783,Control
30.8733,116.348,0.297862,Control
30.875,116.339,0.297897,Control
30.8767,116.331,0.297933,Control
30.8783,116.322,0.297973,Control
30.88,116.314,0.298008,Control
30.8817,116.307,0.298038,Control
30.8833,116.297,0.298069,Control
30.885,116.289,0.298096,Control
30.8867,116.28,0.298126,Control
30.8883,116.272,0.298147,Control
30.89,116.264,0.298164,Control
30.8917,116.257,0.298173,Control
30.8933,116.248,0.298186,Control
30.895,116.24,0.298205,Control
30.8967,116.231,0.298231,Control
30.8983,116.223,0.298253,Control
30.9,116.216,0.298271,Control
30.9017,116.207,0.298291,Control
30.9033,116.198,0.298314,Control
30.905,116.19,0.298341,Control
30.9067,116.183,0.298362,Control
30.9083,116.173,0.298386,Control
30.91,116.166,0.298413,Control
30.9117,116.157,0.298443,Control
30.9133,116.149,0.298474,Control
30.915,116.141,0.2985,Control
30.9167,116.133,0.298526,Control
30.9183,116.124,0.298544,Control
30.92,116.117,0.298557,Control
30.9217,116.108,0.298571,Control
30.9233,116.1,0.298587,Control
30.925,116.09,0.298596,Control
30.9267,116.083,0.298612,Control
30.9283,116.075,0.298639,Control
30.93,116.066,0.298672,Control
30.9317,116.058,0.298706,Control
30.9333,116.049,0.298745,Control
30.935,116.041,0.298783,Control
30.9367,116.033,0.298818,Control
30.9383,116.025,0.298851,Control
30.94,116.016,0.298887,Control
30.9417,116.008,0.298929,Control
30.9433,115.999,0.298972,Control
30.945,115.992,0.299014,Control
30.9467,115.982,0.299058,Control
30.9483,115.975,0.299096,Control
30.95,115.966,0.299134,Control
30.9517,115.958,0.29917,Control
30.9533,115.95,0.299201,Control
30.955,115.941,0.29923,Control
30.9567,115.933,0.299257,Control
30.9583,115.925,0.299283,Control
30.96,115.917,0.299312,Control
30.9617,115.908,0.299346,Control
30.9633,115.9,0.299376,Control
30.965,115.891,0.299397,Control
30.9667,115.884,0.29942,Control
30.9683,115.875,0.299439,Control
30.97,115.867,0.299457,Control
30.9717,115.859,0.299474,Control
30.9733,115.85,0.299495,Control
30.975,115.841,0.299518,Control
30.9767,115.833,0.299551,Control
30.9783,115.826,0.299577,Control
30.98,115.815,0.2996,Control
30.9817,115.808,0.299622,Control
30.9833,115.801,0.299638,Control
30.985,115.792,0.299651,Control
30.9867,115.783,0.299665,Control
30.9883,115.776,0.299681,Control
30.99,115.768,0.299694,Control
30.9917,115.759,0.29971,Control
30.9933,115.75,0.299723,Control
30.995,115.743,0.299737,Control
30.9967,115.735,0.299756,Control
30.9983,115.726,0.299772,Control
31,115.718,0.299787,Control
31.0017,115.71,0.299801,Control
31.0033,115.701,0.299817,Control
31.005,115.692,0.299834,Control
31.0067,115.684,0.299852,Control
31.0083,115.676,0.299865,Control
31.01,115.667,0.299886,Control
31.0117,115.659,0.299912,Control
31.0133,115.651,0.299944,Control
31.015,115.642,0.299979,Control
31.0167,115.634,0.30001,Control
31.0183,115.626,0.300041,Control
31.02,115.618,0.300062,Control
31.0217,115.61,0.300077,Control
31.0233,115.601,0.300088,Control
31.025,115.593,0.300098,Control
31.0267,115.585,0.300103,Control
31.0283,115.577,0.300099,Control
31.03,115.568,0.300098,Control
31.0317,115.56,0.3001,Control
31.0333,115.551,0.300103,Control
31.035,115.543,0.30011,Control
31.0367,115.535,0.300125,Control
31.0383,115.527,0.300126,Control
31.04,115.519,0.300127,Control
31.0417,115.51,0.300133,Control
31.0433,115.502,0.300151,Control
31.045,115.493,0.300167,Control
31.0467,115.485,0.300174,Control
31.0483,115.476,0.300182,Control
31.05,115.469,0.300187,Control
31.0517,115.461,0.300195,Control
31.0533,115.452,0.300207,Control
31.055,115.443,0.300227,Control
31.0567,115.436,0.300239,Control
31.0583,115.427,0.300255,Control
31.06,115.419,0.30029,Control
31.0617,115.41,0.300377,Control
31.0633,115.403,0.300477,Control
31.065,115.394,0.300537,Control
31.0667,115.386,0.300611,Control
31.0683,115.378,0.300649,Control
31.07,115.369,0.300685,Control
31.0717,115.36,0.300711,Control
31.0733,115.353,0.300729,Control
31.075,115.344,0.300743,Control
31.0767,115.335,0.300761,Control
31.0783,115.328,0.300782,Control
31.08,115.319,0.300798,Control
31.0817,115.311,0.300808,Control
31.0833,115.302,0.300821,Control
31.085,115.294,0.300832,Control
31.0867,115.286,0.300838,Control
31.0883,115.278,0.300854,Control
31.09,115.27,0.300866,Control
31.0917,115.261,0.300876,Control
31.0933,115.253,0.300885,Control
31.095,115.244,0.300894,Control
31.0967,115.236,0.30091,Control
31.0983,115.228,0.300923,Control
31.1,115.22,0.300937,Control
31.1017,115.211,0.300951,Control
31.1033,115.203,0.30096,Control
31.105,115.195,0.300975,Control
31.1067,115.186,0.300993,Control
31.1083,115.178,0.301009,Control
31.11,115.169,0.301031,Control
31.1117,115.162,0.301053,Control
31.1133,115.154,0.301066,Control
31.115,115.144,0.30108,Control
31.1167,115.137,0.301098,Control
31.1183,115.128,0.301116,Control
31.12,115.12,0.301132,Control
31.1217,115.112,0.301144,Control
31.1233,115.103,0.301163,Control
31.125,115.094,0.301187,Control
31.1267,115.087,0.301205,Control
31.1283,115.08,0.301218,Control
31.13,115.07,0.301228,Control
31.1317,115.062,0.301229,Control
31.1333,115.054,0.301228,Control
31.135,115.045,0.301234,Control
31.1367,115.037,0.301244,Control
31.1383,115.029,0.301257,Control
31.14,115.021,0.301269,Control
31.1417,115.012,0.301285,Control
31.1433,115.004,0.301314,Control
31.145,114.996,0.301344,Control
31.1467,114.987,0.301368,Control
31.1483,114.979,0.301387,Control
31.15,114.97,0.301396,Control
31.1517,114.963,0.301399,Control
31.1533,114.954,0.301402,Control
31.155,114.945,0.301411,Control
31.1567,114.937,0.301425,Control
31.1583,114.929,0.301444,Control
31.16,114.92,0.301467,Control
31.1617,114.913,0.301489,Control
31.1633,114.904,0.301515,Control
31.165,114.894,0.301531,Control
31.1667,114.887,0.301543,Control
31.1683,114.88,0.301555,Control
31.17,114.87,0.30156,Control
31.1717,114.863,0.301568,Control
31.1733,114.854,0.301581,Control
31.175,114.846,0.301583,Control
31.1767,114.837,0.301586,Control
31.1783,114.829,0.301594,Control
31.18,114.821,0.301601,Control
31.1817,114.813,0.301617,Control
31.1833,114.804,0.301633,Control
31.185,114.796,0.301645,Control
31.1867,114.788,0.301667,Control
31.1883,114.78,0.301686,Control
31.19,114.771,0.301706,Control
31.1917,114.763,0.301729,Control
31.1933,114.754,0.301751,Control
31.195,114.747,0.301771,Control
31.1967,114.737,0.30179,Control
31.1983,114.73,0.301798,Control
31.2,114.721,0.3018,Control
31.2017,114.712,0.301801,Control
31.2033,114.705,0.301803,Control
31.205,114.696,0.301811,Control
31.2067,114.688,0.301819,Control
31.2083,114.679,0.301825,Control
31.21,114.672,0.301832,Control
31.2117,114.663,0.30184,Control
31.2133,114.656,0.301846,Control
31.215,114.646,0.301852,Control
31.2167,114.639,0.301858,Control
31.2183,114.63,0.301859,Control
31.22,114.621,0.301858,Control
31.2217,114.613,0.301863,Control
31.2233,114.604,0.301882,Control
31.225,114.596,0.301898,Control
31.2267,114.589,0.301912,Control
31.2283,114.58,0.301928,Control
31.23,114.572,0.301943,Control
31.2317,114.563,0.301947,Control
31.2333,114.555,0.301949,Control
31.235,114.547,0.301949,Control
31.2367,114.538,0.301948,Control
31.2383,114.53,0.301946,Control
31.24,114.522,0.301946,Control
31.2417,114.513,0.301956,Control
31.2433,114.505,0.301973,Control
31.245,114.496,0.301997,Control
31.2467,114.488,0.302017,Control
31.2483,114.481,0.302041,Control
31.25,114.472,0.302058,Control
31.2517,114.463,0.30207,Control
31.2533,114.455,0.302072,Control
31.255,114.446,0.302061,Control
31.2567,114.438,0.302051,Control
31.2583,114.43,0.302044,Control
31.26,114.422,0.30204,Control
31.2617,114.415,0.302044,Control
31.2633,114.406,0.302058,Control
31.265,114.397,0.302078,Control
31.2667,114.388,0.302096,Control
31.2683,114.38,0.302107,Control
31.27,114.371,0.302117,Control
31.2717,114.363,0.302125,Control
31.2733,114.355,0.302131,Control
31.275,114.347,0.302134,Control
31.2767,114.339,0.302142,Control
31.2783,114.331,0.302156,Control
31.28,114.322,0.30217,Control
31.2817,114.314,0.302196,Control
31.2833,114.306,0.302226,Control
31.285,114.298,0.302259,Control
31.2867,114.29,0.302289,Control
31.2883,114.28,0.302308,Control
31.29,114.272,0.302323,Control
31.2917,114.264,0.302333,Control
31.2933,114.256,0.302341,Control
31.295,114.248,0.30235,Control
31.2967,114.24,0.302358,Control
31.2983,114.231,0.30236,Control
31.3,114.223,0.302358,Control
31.3017,114.214,0.302354,Control
31.3033,114.206,0.302359,Control
31.305,114.197,0.302368,Control
31.3067,114.19,0.302375,Control
31.3083,114.181,0.302387,Control
31.31,114.174,0.302399,Control
31.3117,114.164,0.30241,Control
31.3133,114.155,0.302427,Control
31.315,114.147,0.302444,Control
31.3167,114.14,0.302457,Control
31.3183,114.13,0.30247,Control
31.32,114.122,0.302475,Control
31.3217,114.115,0.302476,Control
31.3233,114.107,0.302476,Control
31.325,114.099,0.302485,Control
31.3267,114.09,0.302499,Control
31.3283,114.082,0.302515,Control
31.33,114.074,0.302526,Control
31.3317,114.065,0.302537,Control
31.3333,114.057,0.302549,Control
31.335,114.049,0.302561,Control
31.3367,114.039,0.302574,Control
31.3383,114.031,0.30258,Control
31.34,114.023,0.302577,Control
31.3417,114.015,0.302569,Control
31.3433,114.006,0.302567,Control
31.345,113.998,0.302569,Control
31.3467,113.989,0.302573,Control
31.3483,113.981,0.302575,Control
31.35,113.974,0.302579,Control
31.3517,113.965,0.30259,Control
31.3533,113.957,0.302609,Control
31.355,113.947,0.302633,Control
31.3567,113.94,0.302667,Control
31.3583,113.932,0.302698,Control
31.36,113.923,0.302726,Control
31.3617,113.915,0.302748,Control
31.3633,113.907,0.302771,Control
31.365,113.898,0.30279,Control
31.3667,113.89,0.302807,Control
31.3683,113.882,0.302818,Control
31.37,113.874,0.302819,Control
31.3717,113.865,0.302818,Control
31.3733,113.857,0.302817,Control
31.375,113.849,0.302817,Control
31.3767,113.839,0.302816,Control
31.3783,113.831,0.302812,Control
31.38,113.824,0.302809,Control
31.3817,113.815,0.302816,Control
31.3833,113.808,0.302823,Control
31.385,113.799,0.302837,Control
31.3867,113.79,0.302848,Control
31.3883,113.782,0.302856,Control
31.39,113.774,0.302862,Control
31.3917,113.766,0.302864,Control
31.3933,113.756,0.302866,Control
31.395,113.748,0.302861,Control
31.3967,113.741,0.302859,Control
31.3983,113.731,0.302862,Control
31.4,113.724,0.302874,Control
31.4017,113.715,0.302881,Control
31.4033,113.706,0.302891,Control
31.405,113.698,0.302903,Control
31.4067,113.69,0.302918,Control
31.4083,113.682,0.302937,Control
31.41,113.674,0.302953,Control
31.4117,113.665,0.302969,Control
31.4133,113.657,0.302984,Control
31.415,113.648,0.302991,Control
31.4167,113.641,0.302991,Control
31.4183,113.631,0.302996,Control
31.42,113.623,0.303008,Control
31.4217,113.615,0.303017,Control
31.4233,113.607,0.303025,Control
31.425,113.598,0.303036,Control
31.4267,113.59,0.303047,Control
31.4283,113.582,0.303057,Control
31.43,113.573,0.303064,Control
31.4317,113.564,0.303069,Control
31.4333,113.557,0.303063,Control
31.435,113.548,0.303051,Control
31.4367,113.541,0.303037,Control
31.4383,113.533,0.303037,Control
31.44,113.524,0.303043,Control
31.4417,113.515,0.303052,Control
31.4433,113.507,0.303067,Control
31.445,113.499,0.30308,Control
31.4467,113.491,0.303091,Control
31.4483,113.482,0.303096,Control
31.45,113.475,0.303097,Control
31.4517,113.466,0.303091,Control
31.4533,113.457,0.303076,Control
31.455,113.449,0.303045,Control
31.4567,113.441,0.303016,Control
31.4583,113.432,0.302983,Control
31.46,113.423,0.302961,Control
31.4617,113.416,0.302946,Control
31.4633,113.408,0.302933,Control
31.465,113.399,0.302926,Control
31.4667,113.391,0.302928,Control
31.4683,113.383,0.302928,Control
31.47,113.374,0.30293,Control
31.4717,113.366,0.302931,Control
31.4733,113.357,0.302931,Control
31.475,113.348,0.302932,Control
31.4767,113.341,0.302932,Control
31.4783,113.332,0.302933,Control
31.48,113.324,0.302936,Control
31.4817,113.315,0.30294,Control
31.4833,113.308,0.302949,Control
31.485,113.299,0.302954,Control
31.4867,113.29,0.302964,Control
31.4883,113.282,0.302975,Control
31.49,113.274,0.302982,Control
31.4917,113.265,0.302991,Control
31.4933,113.257,0.303002,Control
31.495,113.249,0.303012,Control
31.4967,113.241,0.303016,Control
31.4983,113.233,0.303018,Control
31.5,113.225,0.30302,Control
31.5017,113.215,0.30302,Control
31.5033,113.208,0.303008,Control
31.505,113.2,0.302999,Control
31.5067,113.191,0.302986,Control
31.5083,113.181,0.302977,Control
31.51,113.174,0.302973,Control
31.5117,113.167,0.302984,Control
31.5133,113.158,0.303006,Control
31.515,113.15,0.303022,Control
31.5167,113.14,0.303041,Control
31.5183,113.134,0.303065,Control
31.52,113.125,0.303083,Control
31.5217,113.117,0.303091,Control
31.5233,113.108,0.303084,Control
31.525,113.099,0.303067,Control
31.5267,113.092,0.303041,Control
31.5283,113.083,0.303004,Control
31.53,113.075,0.302987,Control
31.5317,113.067,0.30298,Control
31.5333,113.058,0.302984,Control
31.535,113.05,0.30299,Control
31.5367,113.042,0.303001,Control
31.5383,113.033,0.303011,Control
31.54,113.025,0.303022,Control
31.5417,113.017,0.303028,Control
31.5433,113.008,0.303034,Control
31.545,113,0.303038,Control
31.5467,112.992,0.303042,Control
31.5483,112.984,0.303043,Control
31.55,112.975,0.303048,Control
31.5517,112.966,0.30306,Control
31.5533,112.959,0.303072,Control
31.555,112.95,0.30308,Control
31.5567,112.941,0.303079,Control
31.5583,112.934,0.303079,Control
31.56,112.925,0.30308,Control
31.5617,112.916,0.30308,Control
31.5633,112.908,0.303071,Control
31.565,112.899,0.303059,Control
31.5667,112.892,0.303054,Control
31.5683,112.883,0.30305,Control
31.57,112.875,0.303045,Control
31.5717,112.867,0.303042,Control
31.5733,112.858,0.303043,Control
31.575,112.851,0.303039,Control
31.5767,112.84,0.303044,Control
31.5783,112.833,0.303063,Control
31.58,112.825,0.303093,Control
31.5817,112.815,0.303115,Control
31.5833,112.808,0.30314,Control
31.585,112.8,0.303185,Control
31.5867,112.792,0.303212,Control
31.5883,112.784,0.303233,Control
31.59,112.775,0.303251,Control
31.5917,112.766,0.303262,Control
31.5933,112.758,0.303261,Control
31.595,112.75,0.30326,Control
31.5967,112.741,0.303265,Control
31.5983,112.734,0.303278,Control
31.6,112.725,0.303288,Control
31.6017,112.717,0.303301,Control
31.6033,112.709,0.30332,Control
31.605,112.7,0.303347,Control
31.6067,112.692,0.303367,Control
31.6083,112.683,0.303384,Control
31.61,112.675,0.303395,Control
31.6117,112.667,0.303408,Control
31.6133,112.659,0.303422,Control
31.615,112.65,0.303427,Control
31.6167,112.642,0.303432,Control
31.6183,112.634,0.303426,Control
31.62,112.625,0.303419,Control
31.6217,112.617,0.303416,Control
31.6233,112.608,0.303411,Control
31.625,112.599,0.303408,Control
31.6267,112.591,0.303407,Control
31.6283,112.583,0.303403,Control
31.63,112.575,0.303397,Control
31.6317,112.567,0.303396,Control
31.6333,112.559,0.303387,Control
31.635,112.55,0.303384,Control
31.6367,112.542,0.303379,Control
31.6383,112.533,0.303368,Control
31.64,112.525,0.303364,Control
31.6417,112.517,0.303356,Control
31.6433,112.508,0.303355,Control
31.645,112.5,0.303361,Control
31.6467,112.493,0.303372,Control
31.6483,112.484,0.303378,Control
31.65,112.475,0.303386,Control
31.6517,112.467,0.303395,Control
31.6533,112.458,0.3034,Control
31.655,112.45,0.303397,Control
31.6567,112.442,0.303392,Control
31.6583,112.434,0.303384,Control
31.66,112.425,0.303372,Control
31.6617,112.416,0.303362,Control
31.6633,112.408,0.303353,Control
31.665,112.401,0.303348,Control
31.6667,112.392,0.303349,Control
31.6683,112.383,0.303359,Control
31.67,112.376,0.303373,Control
31.6717,112.367,0.303381,Control
31.6733,112.359,0.30339,Control
31.675,112.35,0.303394,Control
31.6767,112.342,0.30339,Control
31.6783,112.333,0.303389,Control
31.68,112.325,0.303388,Control
31.6817,112.317,0.30338,Control
31.6833,112.309,0.303378,Control
31.685,112.3,0.303378,Control
31.6867,112.293,0.303378,Control
31.6883,112.283,0.30338,Control
31.69,112.276,0.303386,Control
31.6917,112.268,0.303397,Control
31.6933,112.259,0.303408,Control
31.695,112.25,0.303404,Control
31.6967,112.242,0.303396,Control
31.6983,112.234,0.30339,Control
31.7,112.226,0.303383,Control
31.7017,112.218,0.303371,Control
31.7033,112.209,0.303364,Control
31.705,112.201,0.303355,Control
31.7067,112.192,0.303353,Control
31.7083,112.184,0.303356,Control
31.71,112.176,0.303366,Control
31.7117,112.168,0.303377,Control
31.7133,112.159,0.303385,Control
31.715,112.15,0.303385,Control
31.7167,112.142,0.303375,Control
31.7183,112.135,0.303375,Control
31.72,112.126,0.303373,Control
31.7217,112.118,0.303382,Control
31.7233,112.109,0.303385,Control
31.725,112.101,0.303379,Control
31.7267,112.093,0.30337,Control
31.7283,112.084,0.30337,Control
31.73,112.075,0.303369,Control
31.7317,112.068,0.303368,Control
31.7333,112.058,0.303369,Control
31.735,112.052,0.303369,Control
31.7367,112.042,0.303362,Control
31.7383,112.035,0.30336,Control
31.74,112.026,0.30336,Control
31.7417,112.018,0.303363,Control
31.7433,112.009,0.303365,Control
31.745,112.001,0.303366,Control
31.7467,111.993,0.303373,Control
31.7483,111.985,0.30338,Control
31.75,111.976,0.303385,Control
31.7517,111.968,0.303389,Control
31.7533,111.959,0.303396,Control
31.755,111.951,0.3034,Control
31.7567,111.943,0.303395,Control
31.7583,111.935,0.303389,Control
31.76,111.926,0.303386,Control
31.7617,111.917,0.30338,Control
31.7633,111.909,0.303369,Control
31.765,111.902,0.303359,Control
31.7667,111.893,0.30335,Control
31.7683,111.885,0.303341,Control
31.77,111.877,0.303336,Control
31.7717,111.867,0.303331,Control
31.7733,111.859,0.303325,Control
31.775,111.851,0.303314,Control
31.7767,111.843,0.3033,Control
31.7783,111.834,0.30329,Control
31.78,111.826,0.303278,Control
31.7817,111.819,0.303265,Control
31.7833,111.81,0.30326,Control
31.785,111.802,0.303255,Control
31.7867,111.793,0.303254,Control
31.7883,111.785,0.303262,Control
31.79,111.776,0.303268,Control
31.7917,111.768,0.303277,Control
31.7933,111.759,0.30328,Control
31.795,111.75,0.303281,Control
31.7967,111.742,0.303273,Control
31.7983,111.734,0.303267,Control
31.8,111.726,0.303261,Control
31.8017,111.717,0.303253,Control
31.8033,111.71,0.303252,Control
31.805,111.701,0.303262,Control
31.8067,111.692,0.303274,Control
31.8083,111.685,0.303289,Control
31.81,111.677,0.303309,Control
31.8117,111.667,0.303323,Control
31.8133,111.66,0.303333,Control
31.815,111.651,0.303329,Control
31.8167,111.643,0.303326,Control
31.8183,111.634,0.303327,Control
31.82,111.628,0.303322,Control
31.8217,111.618,0.30332,Control
31.8233,111.61,0.303321,Control
31.825,111.6,0.303314,Control
31.8267,111.593,0.303308,Control
31.8283,111.585,0.303309,Control
31.83,111.576,0.303312,Control
31.8317,111.567,0.303315,Control
31.8333,111.559,0.303312,Control
31.835,111.551,0.303306,Control
31.8367,111.543,0.303306,Control
31.8383,111.535,0.303307,Control
31.84,111.526,0.303306,Control
31.8417,111.518,0.3033,Control
31.8433,111.51,0.303286,Control
31.845,111.501,0.303269,Control
31.8467,111.492,0.303253,Control
31.8483,111.485,0.303246,Control
31.85,111.477,0.303236,Control
31.8517,111.468,0.303227,Control
31.8533,111.459,0.303225,Control
31.855,111.451,0.303225,Control
31.8567,111.443,0.303222,Control
31.8583,111.435,0.303219,Control
31.86,111.426,0.303214,Control
31.8617,111.418,0.303211,Control
31.8633,111.41,0.303212,Control
31.865,111.402,0.303205,Control
31.8667,111.393,0.303189,Control
31.8683,111.386,0.303166,Control
31.87,111.376,0.303147,Control
31.8717,111.369,0.303136,Control
31.8733,111.36,0.303125,Control
31.875,111.351,0.303111,Control
31.8767,111.343,0.303098,Control
31.8783,111.335,0.30308,Control
31.88,111.327,0.30306,Control
31.8817,111.318,0.303045,Control
31.8833,111.31,0.303028,Control
31.885,111.301,0.303008,Control
31.8867,111.294,0.302987,Control
31.8883,111.285,0.302977,Control
31.89,111.277,0.302972,Control
31.8917,111.268,0.302966,Control
31.8933,111.26,0.302959,Control
31.895,111.252,0.302958,Control
31.8967,111.243,0.302947,Control
31.8983,111.235,0.302933,Control
31.9,111.228,0.302921,Control
31.9017,111.218,0.302916,Control
31.9033,111.21,0.302919,Control
31.905,111.201,0.302922,Control
31.9067,111.194,0.302926,Control
31.9083,111.185,0.302935,Control
31.91,111.177,0.302944,Control
31.9117,111.169,0.302949,Control
31.9133,111.159,0.302953,Control
31.915,111.152,0.302961,Control
31.9167,111.144,0.302975,Control
31.9183,111.135,0.302987,Control
31.92,111.126,0.303002,Control
31.9217,111.118,0.303014,Control
31.9233,111.111,0.303021,Control
31.925,111.102,0.303026,Control
31.9267,111.093,0.303025,Control
31.9283,111.085,0.303018,Control
31.93,111.077,0.303006,Control
31.9317,111.069,0.302999,Control
31.9333,111.06,0.303003,Control
31.935,111.052,0.303011,Control
31.9367,111.044,0.303012,Control
31.9383,111.035,0.303004,Control
31.94,111.027,0.302999,Control
31.9417,111.019,0.30299,Control
31.9433,111.011,0.302978,Control
31.945,111.002,0.302962,Control
31.9467,110.993,0.302951,Control
31.9483,110.985,0.302936,Control
31.95,110.977,0.302934,Control
31.9517,110.969,0.302941,Control
31.9533,110.96,0.302941,Control
31.955,110.951,0.302944,Control
31.9567,110.943,0.302953,Control
31.9583,110.934,0.302956,Control
31.96,110.927,0.302963,Control
31.9617,110.918,0.302974,Control
31.9633,110.91,0.302986,Control
31.965,110.903,0.302998,Control
31.9667,110.894,0.302997,Control
31.9683,110.886,0.302994,Control
31.97,110.876,0.302991,Control
31.9717,110.868,0.302977,Control
31.9733,110.86,0.302962,Control
31.975,110.852,0.30295,Control
31.9767,110.843,0.30294,Control
31.9783,110.836,0.302931,Control
31.98,110.827,0.30293,Control
31.9817,110.819,0.302928,Control
31.9833,110.811,0.302929,Control
31.985,110.801,0.302931,Control
31.9867,110.793,0.30293,Control
31.9883,110.785,0.302917,Control
31.99,110.776,0.3029,Control
31.9917,110.769,0.302888,Control
31.9933,110.759,0.30287,Control
31.995,110.752,0.302845,Control
31.9967,110.744,0.302825,Control
31.9983,110.736,0.30282,Control
32,110.727,0.302817,Control
32.0017,110.719,0.302817,Control
32.0033,110.71,0.302821,Control
32.005,110.702,0.302825,Control
32.0067,110.694,0.302827,Control
32.0083,110.686,0.302823,Control
32.01,110.676,0.302827,Control
32.0117,110.668,0.302823,Control
32.0133,110.66,0.302826,Control
32.015,110.651,0.302831,Control
32.0167,110.643,0.30284,Control
32.0183,110.634,0.302857,Control
32.02,110.626,0.302866,Control
32.0217,110.618,0.302874,Control
32.0233,110.61,0.302877,Control
32.025,110.602,0.302871,Control
32.0267,110.594,0.302864,Control
32.0283,110.585,0.302846,Control
32.03,110.577,0.302825,Control
32.0317,110.569,0.302802,Control
32.0333,110.559,0.302781,Control
32.035,110.552,0.30276,Control
32.0367,110.544,0.302741,Control
32.0383,110.536,0.302722,Control
32.04,110.526,0.302702,Control
32.0417,110.52,0.302685,Control
32.0433,110.511,0.302673,Control
32.045,110.502,0.302664,Control
32.0467,110.493,0.302657,Control
32.0483,110.485,0.302651,Control
32.05,110.476,0.302639,Control
32.0517,110.468,0.302616,Control
32.0533,110.46,0.302587,Control
32.055,110.451,0.302564,Control
32.0567,110.444,0.302547,Control
32.0583,110.436,0.302529,Control
32.06,110.427,0.302509,Control
32.0617,110.419,0.302498,Control
32.0633,110.411,0.302479,Control
32.065,110.402,0.302463,Control
32.0667,110.393,0.302451,Control
32.0683,110.385,0.302439,Control
32.07,110.377,0.30243,Control
32.0717,110.369,0.302426,Control
32.0733,110.361,0.30243,Control
32.075,110.352,0.302439,Control
32.0767,110.344,0.302458,Control
32.0783,110.335,0.302511,Control
32.08,110.327,0.302545,Control
32.0817,110.32,0.302581,Control
32.0833,110.31,0.302597,Control
32.085,110.302,0.30261,Control
32.0867,110.294,0.302614,Control
32.0883,110.285,0.302607,Control
32.09,110.277,0.302593,Control
32.0917,110.269,0.302574,Control
32.0933,110.259,0.302559,Control
32.095,110.252,0.302542,Control
32.0967,110.244,0.302527,Control
32.0983,110.235,0.302509,Control
32.1,110.227,0.302497,Control
32.1017,110.219,0.30249,Control
32.1033,110.21,0.302482,Control
32.105,110.202,0.302471,Control
32.1067,110.193,0.302468,Control
32.1083,110.186,0.302465,Control
32.11,110.177,0.302466,Control
32.1117,110.17,0.302475,Control
32.1133,110.16,0.302482,Control
32.115,110.152,0.302482,Control
32.1167,110.144,0.302486,Control
32.1183,110.135,0.302494,Control
32.12,110.127,0.302497,Control
32.1217,110.119,0.302491,Control
32.1233,110.11,0.302478,Control
32.125,110.103,0.302462,Control
32.1267,110.094,0.302453,Control
32.1283,110.086,0.302448,Control
32.13,110.077,0.302433,Control
32.1317,110.069,0.30242,Control
32.1333,110.06,0.302401,Control
32.135,110.053,0.302391,Control
32.1367,110.045,0.302386,Control
32.1383,110.036,0.302387,Control
32.14,110.028,0.302378,Control
32.1417,110.019,0.302363,Control
32.1433,110.011,0.302342,Control
32.145,110.003,0.302324,Control
32.1467,109.994,0.302311,Control
32.1483,109.986,0.302294,Control
32.15,109.978,0.302282,Control
32.1517,109.97,0.302271,Control
32.1533,109.961,0.30226,Control
32.155,109.952,0.302257,Control
32.1567,109.944,0.302263,Control
32.1583,109.935,0.302268,Control
32.16,109.928,0.302276,Control
32.1617,109.919,0.302283,Control
32.1633,109.91,0.302289,Control
32.165,109.901,0.302298,Control
32.1667,109.894,0.302303,Control
32.1683,109.886,0.302303,Control
32.17,109.878,0.302296,Control
32.1717,109.869,0.302278,Control
32.1733,109.86,0.302263,Control
32.175,109.853,0.302247,Control
32.1767,109.845,0.302225,Control
32.1783,109.836,0.302214,Control
32.18,109.828,0.302211,Control
32.1817,109.819,0.302213,Control
32.1833,109.811,0.30222,Control
32.185,109.802,0.302235,Control
32.1867,109.793,0.302246,Control
32.1883,109.786,0.302245,Control
32.19,109.778,0.302231,Control
32.1917,109.769,0.302212,Control
32.1933,109.761,0.302188,Control
32.195,109.753,0.302159,Control
32.1967,109.744,0.302137,Control
32.1983,109.736,0.302121,Control
32.2,109.726,0.302107,Control
32.2017,109.719,0.302095,Control
32.2033,109.71,0.302095,Control
32.205,109.703,0.302105,Control
32.2067,109.694,0.302121,Control
32.2083,109.685,0.302129,Control
32.21,109.677,0.302135,Control
32.2117,109.669,0.302139,Control
32.2133,109.661,0.302147,Control
32.215,109.652,0.302153,Control
32.2167,109.644,0.302155,Control
32.2183,109.636,0.302148,Control
32.22,109.627,0.302135,Control
32.2217,109.618,0.302124,Control
32.2233,109.61,0.302113,Control
32.225,109.603,0.302099,Control
32.2267,109.595,0.302067,Control
32.2283,109.587,0.302042,Control
32.23,109.577,0.302021,Control
32.2317,109.569,0.302012,Control
32.2333,109.561,0.302007,Control
32.235,109.552,0.302,Control
32.2367,109.544,0.301993,Control
32.2383,109.536,0.30199,Control
32.24,109.528,0.301989,Control
32.2417,109.519,0.301991,Control
32.2433,109.511,0.30199,Control
32.245,109.502,0.301979,Control
32.2467,109.494,0.30196,Control
32.2483,109.485,0.301932,Control
32.25,109.478,0.301912,Control
32.2517,109.469,0.301897,Control
32.2533,109.46,0.301886,Control
32.255,109.453,0.301883,Control
32.2567,109.444,0.301881,Control
32.2583,109.436,0.301885,Control
32.26,109.427,0.301895,Control
32.2617,109.42,0.3019,Control
32.2633,109.411,0.301897,Control
32.265,109.403,0.301891,Control
32.2667,109.395,0.301872,Control
32.2683,109.385,0.301854,Control
32.27,109.378,0.301836,Control
32.2717,109.368,0.301819,Control
32.2733,109.361,0.301805,Control
32.275,109.353,0.301793,Control
32.2767,109.343,0.301786,Control
32.2783,109.337,0.301779,Control
32.28,109.328,0.301772,Control
32.2817,109.319,0.301765,Control
32.2833,109.311,0.30176,Control
32.285,109.303,0.301756,Control
32.2867,109.294,0.301746,Control
32.2883,109.286,0.301738,Control
32.29,109.278,0.301731,Control
32.2917,109.269,0.301724,Control
32.2933,109.262,0.301714,Control
32.295,109.252,0.301703,Control
32.2967,109.244,0.301692,Control
32.2983,109.236,0.301682,Control
32.3,109.228,0.301678,Control
32.3017,109.22,0.301675,Control
32.3033,109.211,0.30167,Control
32.305,109.204,0.301662,Control
32.3067,109.195,0.301658,Control
32.3083,109.186,0.301657,Control
32.31,109.177,0.301657,Control
32.3117,109.17,0.301654,Control
32.3133,109.162,0.301645,Control
32.315,109.153,0.301635,Control
32.3167,109.145,0.301633,Control
32.3183,109.135,0.301638,Control
32.32,109.128,0.301644,Control
32.3217,109.12,0.301639,Control
32.3233,109.111,0.301628,Control
32.325,109.103,0.301617,Control
32.3267,109.095,0.301608,Control
32.3283,109.086,0.301598,Control
32.33,109.078,0.3016,Control
32.3317,109.07,0.301598,Control
32.3333,109.06,0.301581,Control
32.335,109.053,0.301569,Control
32.3367,109.045,0.30156,Control
32.3383,109.036,0.301564,Control
32.34,109.028,0.301567,Control
32.3417,109.019,0.301571,Control
32.3433,109.012,0.30157,Control
32.345,109.002,0.301565,Control
32.3467,108.994,0.301567,Control
32.3483,108.987,0.301581,Control
32.35,108.977,0.301592,Control
32.3517,108.97,0.301596,Control
32.3533,108.962,0.301599,Control
32.355,108.954,0.301596,Control
32.3567,108.945,0.301597,Control
32.3583,108.936,0.301595,Control
32.36,108.928,0.301598,Control
32.3617,108.92,0.30159,Control
32.3633,108.911,0.301575,Control
32.365,108.903,0.301555,Control
32.3667,108.895,0.301542,Control
32.3683,108.887,0.301532,Control
32.37,108.878,0.301529,Control
32.3717,108.869,0.301532,Control
32.3733,108.861,0.301532,Control
32.375,108.853,0.301528,Control
32.3767,108.845,0.301526,Control
32.3783,108.837,0.301524,Control
32.38,108.828,0.30151,Control
32.3817,108.82,0.301496,Control
32.3833,108.812,0.301481,Control
32.385,108.803,0.301466,Control
32.3867,108.795,0.301454,Control
32.3883,108.787,0.301452,Control
32.39,108.779,0.301452,Control
32.3917,108.77,0.301454,Control
32.3933,108.762,0.301453,Control
32.395,108.753,0.301453,Control
32.3967,108.744,0.301454,Control
32.3983,108.737,0.301451,Control
32.4,108.729,0.301452,Control
32.4017,108.72,0.301445,Control
32.4033,108.712,0.301428,Control
32.405,108.703,0.301406,Control
32.4067,108.695,0.301393,Control
32.4083,108.686,0.301378,Control
32.41,108.679,0.301365,Control
32.4117,108.671,0.301353,Control
32.4133,108.663,0.301342,Control
32.415,108.654,0.301336,Control
32.4167,108.645,0.30133,Control
32.4183,108.637,0.301326,Control
32.42,108.629,0.301311,Control
32.4217,108.62,0.301296,Control
32.4233,108.613,0.301281,Control
32.425,108.604,0.301278,Control
32.4267,108.595,0.301273,Control
32.4283,108.587,0.301271,Control
32.43,108.579,0.301278,Control
32.4317,108.571,0.30129,Control
32.4333,108.563,0.301302,Control
32.435,108.554,0.301308,Control
32.4367,108.546,0.301307,Control
32.4383,108.538,0.301296,Control
32.44,108.529,0.301281,Control
32.4417,108.52,0.301266,Control
32.4433,108.512,0.301253,Control
32.445,108.504,0.301236,Control
32.4467,108.495,0.301215,Control
32.4483,108.488,0.301206,Control
32.45,108.479,0.301202,Control
32.4517,108.47,0.301204,Control
32.4533,108.462,0.301205,Control
32.455,108.453,0.301205,Control
32.4567,108.445,0.301206,Control
32.4583,108.437,0.301209,Control
32.46,108.428,0.301217,Control
32.4617,108.421,0.301215,Control
32.4633,108.412,0.301213,Control
32.465,108.404,0.301205,Control
32.4667,108.395,0.301197,Control
32.4683,108.388,0.301195,Control
32.47,108.379,0.301199,Control
32.4717,108.37,0.301209,Control
32.4733,108.361,0.301211,Control
32.475,108.355,0.301215,Control
32.4767,108.344,0.301213,Control
32.4783,108.337,0.301215,Control
32.48,108.329,0.301214,Control
32.4817,108.32,0.301216,Control
32.4833,108.311,0.301219,Control
32.485,108.303,0.30122,Control
32.4867,108.295,0.301219,Control
32.4883,108.287,0.301223,Control
32.49,108.279,0.301231,Control
32.4917,108.27,0.301232,Control
32.4933,108.262,0.301233,Control
32.495,108.254,0.301233,Control
32.4967,108.245,0.301232,Control
32.4983,108.237,0.30123,Control
32.5,108.23,0.301228,Control
32.5017,108.221,0.301216,Control
32.5033,108.212,0.301202,Control
32.505,108.204,0.301176,Control
32.5067,108.196,0.301144,Control
32.5083,108.187,0.301122,Control
32.51,108.179,0.301109,Control
32.5117,108.17,0.301105,Control
32.5133,108.162,0.301111,Control
32.515,108.154,0.30112,Control
32.5167,108.145,0.301135,Control
32.5183,108.137,0.301144,Control
32.52,108.129,0.301146,Control
32.5217,108.121,0.301155,Control
32.5233,108.112,0.301161,Control
32.525,108.104,0.301166,Control
32.5267,108.096,0.301166,Control
32.5283,108.087,0.301162,Control
32.53,108.079,0.301163,Control
32.5317,108.071,0.30117,Control
32.5333,108.063,0.301179,Control
32.535,108.053,0.301181,Control
32.5367,108.045,0.301177,Control
32.5383,108.037,0.301163,Control
32.54,108.029,0.301152,Control
32.5417,108.02,0.301146,Control
32.5433,108.011,0.301139,Control
32.545,108.004,0.301134,Control
32.5467,107.995,0.301129,Control
32.5483,107.987,0.301123,Control
32.55,107.979,0.301114,Control
32.5517,107.971,0.301111,Control
32.5533,107.962,0.301112,Control
32.555,107.954,0.301116,Control
32.5567,107.945,0.301116,Control
32.5583,107.938,0.301114,Control
32.56,107.929,0.301111,Control
32.5617,107.921,0.301111,Control
32.5633,107.913,0.30111,Control
32.565,107.904,0.301109,Control
32.5667,107.895,0.301108,Control
32.5683,107.887,0.301102,Control
32.57,107.878,0.301089,Control
32.5717,107.871,0.301079,Control
32.5733,107.862,0.301071,Control
32.575,107.855,0.301056,Control
32.5767,107.845,0.301044,Control
32.5783,107.837,0.30104,Control
32.58,107.83,0.301035,Control
32.5817,107.82,0.301029,Control
32.5833,107.813,0.301017,Control
32.585,107.803,0.301008,Control
32.5867,107.795,0.301001,Control
32.5883,107.786,0.30099,Control
32.59,107.779,0.300995,Control
32.5917,107.771,0.301007,Control
32.5933,107.762,0.301018,Control
32.595,107.753,0.30103,Control
32.5967,107.746,0.301034,Control
32.5983,107.737,0.301037,Control
32.6,107.729,0.301043,Control
32.6017,107.719,0.301047,Control
32.6033,107.713,0.301044,Control
32.605,107.704,0.30103,Control
32.6067,107.696,0.301014,Control
32.6083,107.687,0.301005,Control
32.61,107.679,0.301006,Control
32.6117,107.671,0.301013,Control
32.6133,107.662,0.301016,Control
32.615,107.653,0.301007,Control
32.6167,107.646,0.300996,Control
32.6183,107.638,0.30098,Control
32.62,107.628,0.300967,Control
32.6217,107.621,0.300961,Control
32.6233,107.612,0.300952,Control
32.625,107.604,0.300946,Control
32.6267,107.596,0.300937,Control
32.6283,107.588,0.300936,Control
32.63,107.579,0.300943,Control
32.6317,107.572,0.300948,Control
32.6333,107.563,0.300952,Control
32.635,107.554,0.300946,Control
32.6367,107.546,0.300941,Control
32.6383,107.538,0.300942,Control
32.64,107.53,0.300938,Control
32.6417,107.52,0.300935,Control
32.6433,107.512,0.300929,Control
32.645,107.504,0.300917,Control
32.6467,107.496,0.300901,Control
32.6483,107.487,0.300885,Control
32.65,107.479,0.300872,Control
32.6517,107.471,0.300858,Control
32.6533,107.463,0.30085,Control
32.655,107.456,0.300846,Control
32.6567,107.446,0.300853,Control
32.6583,107.437,0.30086,Control
32.66,107.429,0.300866,Control
32.6617,107.421,0.300874,Control
32.6633,107.413,0.300887,Control
32.665,107.404,0.300887,Control
32.6667,107.396,0.300883,Control
32.6683,107.388,0.300871,Control
32.67,107.379,0.300855,Control
32.6717,107.371,0.300834,Control
32.6733,107.362,0.300811,Control
32.675,107.355,0.30079,Control
32.6767,107.347,0.300764,Control
32.6783,107.339,0.300743,Control
32.68,107.33,0.300731,Control
32.6817,107.321,0.300726,Control
32.6833,107.313,0.300725,Control
32.685,107.305,0.300737,Control
32.6867,107.296,0.300744,Control
32.6883,107.288,0.300746,Control
32.69,107.28,0.300751,Control
32.6917,107.271,0.300761,Control
32.6933,107.263,0.300778,Control
32.695,107.254,0.300794,Control
32.6967,107.246,0.300807,Control
32.6983,107.237,0.300821,Control
32.7,107.23,0.300833,Control
32.7017,107.221,0.300845,Control
32.7033,107.214,0.300853,Control
32.705,107.205,0.300846,Control
32.7067,107.197,0.300832,Control
32.7083,107.189,0.300813,Control
32.71,107.179,0.300802,Control
32.7117,107.171,0.300794,Control
32.7133,107.162,0.30079,Control
32.715,107.154,0.300795,Control
32.7167,107.146,0.300809,Control
32.7183,107.137,0.300817,Control
32.72,107.129,0.30082,Control
32.7217,107.121,0.300821,Control
32.7233,107.113,0.300816,Control
32.725,107.105,0.300806,Control
32.7267,107.096,0.300789,Control
32.7283,107.088,0.300774,Control
32.73,107.08,0.300755,Control
32.7317,107.072,0.300744,Control
32.7333,107.063,0.300737,Control
32.735,107.056,0.300745,Control
32.7367,107.047,0.300757,Control
32.7383,107.037,0.300768,Control
32.74,107.03,0.300773,Control
32.7417,107.022,0.300777,Control
32.7433,107.014,0.300778,Control
32.745,107.005,0.300771,Control
32.7467,106.997,0.300761,Control
32.7483,106.988,0.300748,Control
32.75,106.98,0.300735,Control
32.7517,106.972,0.300723,Control
32.7533,106.963,0.300718,Control
32.755,106.955,0.30072,Control
32.7567,106.946,0.30072,Control
32.7583,106.938,0.300718,Control
32.76,106.931,0.300719,Control
32.7617,106.922,0.300715,Control
32.7633,106.913,0.300707,Control
32.765,106.905,0.300693,Control
32.7667,106.897,0.300678,Control
32.7683,106.889,0.300656,Control
32.77,106.881,0.300641,Control
32.7717,106.872,0.300632,Control
32.7733,106.863,0.30063,Control
32.775,106.855,0.300632,Control
32.7767,106.848,0.300637,Control
32.7783,106.839,0.300641,Control
32.78,106.83,0.300641,Control
32.7817,106.823,0.300638,Control
32.7833,106.813,0.300635,Control
32.785,106.806,0.300623,Control
32.7867,106.798,0.300614,Control
32.7883,106.789,0.300602,Control
32.79,106.78,0.300592,Control
32.7917,106.773,0.300581,Control
32.7933,106.763,0.300577,Control
32.795,106.756,0.300581,Control
32.7967,106.747,0.300587,Control
32.7983,106.739,0.300594,Control
32.8,106.731,0.30059,Control
32.8017,106.722,0.300579,Control
32.8033,106.714,0.300566,Control
32.805,106.705,0.300558,Control
32.8067,106.697,0.300548,Control
32.8083,106.688,0.300538,Control
32.81,106.68,0.300534,Control
32.8117,106.671,0.300536,Control
32.8133,106.665,0.300537,Control
32.815,106.655,0.300539,Control
32.8167,106.646,0.300544,Control
32.8183,106.638,0.300552,Control
32.82,106.63,0.300551,Control
32.8217,106.622,0.300545,Control
32.8233,106.614,0.300539,Control
32.825,106.606,0.30053,Control
32.8267,106.598,0.300522,Control
32.8283,106.589,0.300517,Control
32.83,106.58,0.300513,Control
32.8317,106.572,0.300513,Control
32.8333,106.564,0.300518,Control
32.835,106.555,0.300524,Control
32.8367,106.547,0.300533,Control
32.8383,106.539,0.300541,Control
32.84,106.531,0.300547,Control
32.8417,106.523,0.300551,Control
32.8433,106.514,0.300551,Control
32.845,106.505,0.300549,Control
32.8467,106.496,0.30054,Control
32.8483,106.49,0.300537,Control
32.85,106.481,0.30054,Control
32.8517,106.472,0.300549,Control
32.8533,106.463,0.300557,Control
32.855,106.455,0.300568,Control
32.8567,106.446,0.300583,Control
32.8583,106.438,0.300606,Control
32.86,106.431,0.300623,Control
32.8617,106.422,0.300636,Control
32.8633,106.414,0.300638,Control
32.865,106.406,0.300634,Control
32.8667,106.398,0.300629,Control
32.8683,106.389,0.300614,Control
32.87,106.38,0.300595,Control
32.8717,106.372,0.300576,Control
32.8733,106.364,0.300563,Control
32.875,106.355,0.300562,Control
32.8767,106.346,0.300565,Control
32.8783,106.338,0.300569,Control
32.88,106.331,0.30057,Control
32.8817,106.322,0.300574,Control
32.8833,106.314,0.300581,Control
32.885,106.306,0.300585,Control
32.8867,106.297,0.300582,Control
32.8883,106.289,0.300581,Control
32.89,106.28,0.30058,Control
32.8917,106.272,0.300578,Control
32.8933,106.264,0.300582,Control
32.895,106.255,0.300589,Control
32.8967,106.246,0.300592,Control
32.8983,106.239,0.300596,Control
32.9,106.23,0.300594,Control
32.9017,106.222,0.300593,Control
32.9033,106.214,0.300582,Control
32.905,106.206,0.300563,Control
32.9067,106.197,0.300547,Control
32.9083,106.19,0.300534,Control
32.91,106.18,0.300518,Control
32.9117,106.172,0.300507,Control
32.9133,106.163,0.300492,Control
32.915,106.155,0.300477,Control
32.9167,106.147,0.300469,Control
32.9183,106.138,0.300459,Control
32.92,106.13,0.300456,Control
32.9217,106.122,0.300446,Control
32.9233,106.114,0.300438,Control
32.925,106.105,0.300442,Control
32.9267,106.097,0.300458,Control
32.9283,106.09,0.300472,Control
32.93,106.08,0.300511,Control
32.9317,106.072,0.300538,Control
32.9333,106.064,0.300555,Control
32.935,106.056,0.300566,Control
32.9367,106.046,0.300568,Control
32.9383,106.039,0.300569,Control
32.94,106.031,0.300565,Control
32.9417,106.022,0.300552,Control
32.9433,106.014,0.300536,Control
32.945,106.005,0.300523,Control
32.9467,105.996,0.30051,Control
32.9483,105.989,0.300499,Control
32.95,105.98,0.300484,Control
32.9517,105.971,0.300467,Control
32.9533,105.963,0.300446,Control
32.955,105.955,0.300427,Control
32.9567,105.947,0.300417,Control
32.9583,105.939,0.300419,Control
32.96,105.93,0.30043,Control
32.9617,105.922,0.300437,Control
32.9633,105.913,0.300449,Control
32.965,105.905,0.30046,Control
32.9667,105.897,0.30047,Control
32.9683,105.889,0.30047,Control
32.97,105.88,0.300462,Control
32.9717,105.872,0.300447,Control
32.9733,105.863,0.300429,Control
32.975,105.855,0.300407,Control
32.9767,105.847,0.300392,Control
32.9783,105.839,0.300385,Control
32.98,105.83,0.300378,Control
32.9817,105.822,0.300383,Control
32.9833,105.814,0.300388,Control
32.985,105.805,0.300391,Control
32.9867,105.797,0.300393,Control
32.9883,105.788,0.300396,Control
32.99,105.78,0.300401,Control
32.9917,105.772,0.300408,Control
32.9933,105.764,0.300414,Control
32.995,105.755,0.300412,Control
32.9967,105.747,0.300406,Control
32.9983,105.739,0.300395,Control
33,105.731,0.300384,Control
33.0017,105.722,0.30037,Control
33.0033,105.713,0.300363,Control
33.005,105.704,0.300352,Control
33.0067,105.696,0.300338,Control
33.0083,105.688,0.300323,Control
33.01,105.68,0.300311,Control
33.0117,105.673,0.300303,Control
33.0133,105.664,0.300293,Control
33.015,105.656,0.300276,Control
33.0167,105.647,0.300258,Control
33.0183,105.638,0.300236,Control
33.02,105.631,0.300215,Control
33.0217,105.622,0.300206,Control
33.0233,105.613,0.300204,Control
33.025,105.606,0.300198,Control
33.0267,105.597,0.300193,Control
33.0283,105.589,0.300188,Control
33.03,105.581,0.300192,Control
33.0317,105.572,0.300198,Control
33.0333,105.564,0.300199,Control
33.035,105.556,0.300205,Control
33.0367,105.547,0.30021,Control
33.0383,105.54,0.300214,Control
33.04,105.531,0.30022,Control
33.0417,105.522,0.30023,Control
33.0433,105.513,0.30023,Control
33.045,105.506,0.300225,Control
33.0467,105.497,0.300221,Control
33.0483,105.489,0.300217,Control
33.05,105.481,0.300214,Control
33.0517,105.473,0.300202,Control
33.0533,105.464,0.300194,Control
33.055,105.457,0.300184,Control
33.0567,105.447,0.300177,Control
33.0583,105.439,0.300167,Control
33.06,105.431,0.300157,Control
33.0617,105.422,0.300144,Control
33.0633,105.413,0.300134,Control
33.065,105.406,0.300125,Control
33.0667,105.397,0.300118,Control
33.0683,105.388,0.300113,Control
33.07,105.38,0.300108,Control
33.0717,105.372,0.300105,Control
33.0733,105.364,0.300099,Control
33.075,105.356,0.300098,Control
33.0767,105.347,0.300101,Control
33.0783,105.339,0.300109,Control
33.08,105.331,0.300115,Control
33.0817,105.322,0.300122,Control
33.0833,105.314,0.300126,Control
33.085,105.305,0.300126,Control
33.0867,105.298,0.300129,Control
33.0883,105.289,0.300133,Control
33.09,105.281,0.300137,Control
33.0917,105.273,0.300141,Control
33.0933,105.264,0.300146,Control
33.095,105.256,0.300148,Control
33.0967,105.248,0.300154,Control
33.0983,105.239,0.300159,Control
33.1,105.231,0.300158,Control
33.1017,105.222,0.300154,Control
33.1033,105.214,0.300151,Control
33.105,105.206,0.30015,Control
33.1067,105.197,0.300147,Control
33.1083,105.189,0.300144,Control
33.11,105.18,0.300141,Control
33.1117,105.173,0.300129,Control
33.1133,105.164,0.300124,Control
33.115,105.156,0.300114,Control
33.1167,105.147,0.300109,Control
33.1183,105.139,0.300105,Control
33.12,105.131,0.300092,Control
33.1217,105.122,0.300085,Control
33.1233,105.115,0.300072,Control
33.125,105.105,0.300062,Control
33.1267,105.097,0.300055,Control
33.1283,105.089,0.30005,Control
33.13,105.081,0.300041,Control
33.1317,105.073,0.300039,Control
33.1333,105.063,0.300032,Control
33.135,105.056,0.300026,Control
33.1367,105.048,0.300018,Control
33.1383,105.039,0.300011,Control
33.14,105.031,0.300007,Control
33.1417,105.023,0.300003,Control
33.1433,105.014,0.299994,Control
33.145,105.005,0.29999,Control
33.1467,104.997,0.299995,Control
33.1483,104.99,0.300001,Control
33.15,104.981,0.300007,Control
33.1517,104.973,0.30001,Control
33.1533,104.964,0.300018,Control
33.155,104.956,0.300019,Control
33.1567,104.947,0.300024,Control
33.1583,104.939,0.300021,Control
33.16,104.93,0.300013,Control
33.1617,104.923,0.299999,Control
33.1633,104.914,0.299985,Control
33.165,104.906,0.299977,Control
33.1667,104.897,0.299974,Control
33.1683,104.889,0.299964,Control
33.17,104.881,0.299955,Control
33.1717,104.872,0.299953,Control
33.1733,104.864,0.299947,Control
33.175,104.856,0.299943,Control
33.1767,104.847,0.299933,Control
33.1783,104.84,0.299929,Control
33.18,104.832,0.299929,Control
33.1817,104.822,0.299938,Control
33.1833,104.813,0.299955,Control
33.185,104.806,0.299973,Control
33.1867,104.797,0.299981,Control
33.1883,104.789,0.299989,Control
33.19,104.781,0.299988,Control
33.1917,104.772,0.299979,Control
33.1933,104.764,0.299962,Control
33.195,104.755,0.29994,Control
33.1967,104.748,0.299915,Control
33.1983,104.74,0.299896,Control
33.2,104.731,0.29988,Control
33.2017,104.722,0.299871,Control
33.2033,104.715,0.299864,Control
33.205,104.706,0.299853,Control
33.2067,104.698,0.299842,Control
33.2083,104.69,0.299834,Control
33.21,104.681,0.29982,Control
33.2117,104.673,0.299818,Control
33.2133,104.664,0.299813,Control
33.215,104.655,0.299801,Control
33.2167,104.647,0.299794,Control
33.2183,104.639,0.29979,Control
33.22,104.631,0.299787,Control
33.2217,104.623,0.299785,Control
33.2233,104.614,0.299775,Control
33.225,104.605,0.299757,Control
33.2267,104.597,0.299736,Control
33.2283,104.588,0.299714,Control
33.23,104.58,0.299709,Control
33.2317,104.572,0.299712,Control
33.2333,104.564,0.29971,Control
33.235,104.555,0.29971,Control
33.2367,104.546,0.299711,Control
33.2383,104.539,0.299715,Control
33.24,104.531,0.299722,Control
33.2417,104.523,0.299736,Control
33.2433,104.515,0.299744,Control
33.245,104.506,0.299747,Control
33.2467,104.498,0.299753,Control
33.2483,104.489,0.29976,Control
33.25,104.481,0.299766,Control
33.2517,104.472,0.299769,Control
33.2533,104.464,0.299759,Control
33.255,104.456,0.299748,Control
33.2567,104.448,0.29974,Control
33.2583,104.439,0.299725,Control
33.26,104.431,0.299717,Control
33.2617,104.422,0.299704,Control
33.2633,104.414,0.299689,Control
33.265,104.406,0.29968,Control
33.2667,104.398,0.29967,Control
33.2683,104.389,0.299655,Control
33.27,104.38,0.299643,Control
33.2717,104.372,0.299626,Control
33.2733,104.364,0.299604,Control
33.275,104.357,0.299589,Control
33.2767,104.349,0.299581,Control
33.2783,104.339,0.299577,Control
33.28,104.331,0.299572,Control
33.2817,104.322,0.299566,Control
33.2833,104.314,0.299566,Control
33.285,104.306,0.299571,Control
33.2867,104.297,0.299577,Control
33.2883,104.29,0.299585,Control
33.29,104.281,0.299595,Control
33.2917,104.273,0.299601,Control
33.2933,104.265,0.299609,Control
33.295,104.257,0.299609,Control
33.2967,104.248,0.299603,Control
33.2983,104.24,0.299588,Control
33.3,104.232,0.299571,Control
33.3017,104.223,0.299556,Control
33.3033,104.214,0.299538,Control
33.305,104.207,0.299518,Control
33.3067,104.198,0.299492,Control
33.3083,104.191,0.299471,Control
33.31,104.18,0.299446,Control
33.3117,104.172,0.299434,Control
33.3133,104.165,0.299427,Control
33.315,104.156,0.299423,Control
33.3167,104.148,0.299417,Control
33.3183,104.14,0.299406,Control
33.32,104.131,0.299396,Control
33.3217,104.122,0.299398,Control
33.3233,104.114,0.299398,Control
33.325,104.107,0.299403,Control
33.3267,104.098,0.299401,Control
33.3283,104.09,0.299398,Control
33.33,104.081,0.299398,Control
33.3317,104.073,0.299395,Control
33.3333,104.065,0.299391,Control
33.335,104.057,0.299379,Control
33.3367,104.049,0.299363,Control
33.3383,104.04,0.299349,Control
33.34,104.031,0.299346,Control
33.3417,104.023,0.299346,Control
33.3433,104.014,0.299348,Control
33.345,104.006,0.299348,Control
33.3467,103.998,0.299347,Control
33.3483,103.99,0.299339,Control
33.35,103.981,0.299338,Control
33.3517,103.973,0.299329,Control
33.3533,103.964,0.299312,Control
33.355,103.955,0.299292,Control
33.3567,103.948,0.299285,Control
33.3583,103.939,0.299293,Control
33.36,103.932,0.299297,Control
33.3617,103.923,0.299299,Control
33.3633,103.915,0.299296,Control
33.365,103.907,0.299286,Control
33.3667,103.898,0.299267,Control
33.3683,103.891,0.299247,Control
33.37,103.881,0.29922,Control
33.3717,103.874,0.299193,Control
33.3733,103.865,0.299152,Control
33.375,103.857,0.299124,Control
33.3767,103.848,0.299105,Control
33.3783,103.84,0.299092,Control
33.38,103.831,0.29909,Control
33.3817,103.823,0.299085,Control
33.3833,103.815,0.299081,Control
33.385,103.807,0.299083,Control
33.3867,103.798,0.299087,Control
33.3883,103.79,0.299088,Control
33.39,103.782,0.299086,Control
33.3917,103.774,0.299081,Control
33.3933,103.765,0.299071,Control
33.395,103.756,0.299069,Control
33.3967,103.748,0.299065,Control
33.3983,103.74,0.299059,Control
33.4,103.731,0.299046,Control
33.4017,103.724,0.299033,Control
33.4033,103.714,0.299027,Control
33.405,103.706,0.299033,Control
33.4067,103.698,0.29904,Control
33.4083,103.69,0.299053,Control
33.41,103.681,0.299089,Control
33.4117,103.673,0.299121,Control
33.4133,103.665,0.299171,Control
33.415,103.656,0.299201,Control
33.4167,103.648,0.299232,Control
33.4183,103.64,0.299241,Control
33.42,103.631,0.299233,Control
33.4217,103.624,0.299217,Control
33.4233,103.615,0.299201,Control
33.425,103.607,0.299175,Control
33.4267,103.599,0.299149,Control
33.4283,103.59,0.299125,Control
33.43,103.581,0.299109,Control
33.4317,103.572,0.299102,Control
33.4333,103.565,0.299109,Control
33.435,103.557,0.299124,Control
33.4367,103.548,0.299134,Control
33.4383,103.54,0.299145,Control
33.44,103.531,0.299154,Control
33.4417,103.523,0.299163,Control
33.4433,103.514,0.299169,Control
33.445,103.507,0.299166,Control
33.4467,103.497,0.299161,Control
33.4483,103.49,0.299144,Control
33.45,103.482,0.299123,Control
33.4517,103.474,0.299102,Control
33.4533,103.466,0.299093,Control
33.455,103.456,0.299081,Control
33.4567,103.448,0.299067,Control
33.4583,103.44,0.299062,Control
33.46,103.432,0.299061,Control
33.4617,103.423,0.299059,Control
33.4633,103.415,0.299062,Control
33.465,103.406,0.29907,Control
33.4667,103.398,0.299079,Control
33.4683,103.389,0.299089,Control
33.47,103.381,0.299088,Control
33.4717,103.373,0.299084,Control
33.4733,103.364,0.299076,Control
33.475,103.356,0.299064,Control
33.4767,103.348,0.299058,Control
33.4783,103.339,0.299047,Control
33.48,103.331,0.29903,Control
33.4817,103.324,0.29901,Control
33.4833,103.315,0.298986,Control
33.485,103.307,0.298969,Control
33.4867,103.298,0.298962,Control
33.4883,103.29,0.298959,Control
33.49,103.281,0.298957,Control
33.4917,103.274,0.298954,Control
33.4933,103.264,0.298953,Control
33.495,103.257,0.298952,Control
33.4967,103.248,0.298956,Control
33.4983,103.241,0.298951,Control
33.5,103.231,0.29895,Control
33.5017,103.223,0.298941,Control
33.5033,103.215,0.29893,Control
33.505,103.206,0.298922,Control
33.5067,103.199,0.298916,Control
33.5083,103.19,0.298914,Control
33.51,103.181,0.298911,Control
33.5117,103.174,0.298905,Control
33.5133,103.165,0.2989,Control
33.515,103.156,0.298894,Control
33.5167,103.148,0.298882,Control
33.5183,103.14,0.298872,Control
33.52,103.131,0.298858,Control
33.5217,103.123,0.298849,Control
33.5233,103.114,0.298842,Control
33.525,103.107,0.29883,Control
33.5267,103.097,0.298819,Control
33.5283,103.09,0.29881,Control
33.53,103.082,0.298805,Control
33.5317,103.073,0.298803,Control
33.5333,103.065,0.298795,Control
33.535,103.057,0.298786,Control
33.5367,103.049,0.298777,Control
33.5383,103.039,0.298762,Control
33.54,103.032,0.298753,Control
33.5417,103.024,0.298757,Control
33.5433,103.015,0.298762,Control
33.545,103.006,0.298769,Control
33.5467,102.998,0.298777,Control
33.5483,102.99,0.298784,Control
33.55,102.981,0.298784,Control
33.5517,102.974,0.298778,Control
33.5533,102.964,0.298766,Control
33.555,102.956,0.298756,Control
33.5567,102.948,0.298744,Control
33.5583,102.939,0.298733,Control
33.56,102.932,0.298724,Control
33.5617,102.922,0.298723,Control
33.5633,102.914,0.298727,Control
33.565,102.906,0.298733,Control
33.5667,102.898,0.298734,Control
33.5683,102.889,0.298734,Control
33.57,102.88,0.298723,Control
33.5717,102.873,0.298705,Control
33.5733,102.865,0.298688,Control
33.575,102.856,0.298677,Control
33.5767,102.848,0.298674,Control
33.5783,102.839,0.29867,Control
33.58,102.831,0.298665,Control
33.5817,102.824,0.298664,Control
33.5833,102.815,0.298658,Control
33.585,102.806,0.298652,Control
33.5867,102.798,0.298656,Control
33.5883,102.79,0.298655,Control
33.59,102.781,0.298657,Control
33.5917,102.773,0.298658,Control
33.5933,102.766,0.298659,Control
33.595,102.757,0.298661,Control
33.5967,102.748,0.298665,Control
33.5983,102.741,0.298664,Control
33.6,102.731,0.298656,Control
33.6017,102.723,0.298642,Control
33.6033,102.715,0.298625,Control
33.605,102.707,0.298612,Control
33.6067,102.699,0.298602,Control
33.6083,102.69,0.298595,Control
33.61,102.681,0.298592,Control
33.6117,102.673,0.29858,Control
33.6133,102.665,0.298565,Control
33.615,102.655,0.298551,Control
33.6167,102.648,0.298537,Control
33.6183,102.64,0.298523,Control
33.62,102.631,0.298506,Control
33.6217,102.624,0.29848,Control
33.6233,102.615,0.29846,Control
33.625,102.607,0.298436,Control
33.6267,102.599,0.29842,Control
33.6283,102.59,0.298417,Control
33.63,102.582,0.298425,Control
33.6317,102.574,0.29843,Control
33.6333,102.565,0.298435,Control
33.635,102.556,0.298439,Control
33.6367,102.548,0.298442,Control
33.6383,102.54,0.298442,Control
33.64,102.53,0.298436,Control
33.6417,102.523,0.298431,Control
33.6433,102.515,0.298419,Control
33.645,102.506,0.298405,Control
33.6467,102.499,0.298393,Control
33.6483,102.49,0.298385,Control
33.65,102.482,0.298385,Control
33.6517,102.474,0.298391,Control
33.6533,102.465,0.298394,Control
33.655,102.457,0.298396,Control
33.6567,102.449,0.2984,Control
33.6583,102.44,0.298398,Control
33.66,102.432,0.2984,Control
33.6617,102.423,0.298401,Control
33.6633,102.415,0.298395,Control
33.665,102.407,0.298385,Control
33.6667,102.398,0.298372,Control
33.6683,102.389,0.298361,Control
33.67,102.382,0.298362,Control
33.6717,102.373,0.298365,Control
33.6733,102.364,0.298367,Control
33.675,102.356,0.29837,Control
33.6767,102.348,0.298365,Control
33.6783,102.341,0.298366,Control
33.68,102.331,0.298363,Control
33.6817,102.324,0.298358,Control
33.6833,102.315,0.298358,Control
33.685,102.307,0.298354,Control
33.6867,102.298,0.29835,Control
33.6883,102.289,0.298346,Control
33.69,102.282,0.298341,Control
33.6917,102.274,0.298337,Control
33.6933,102.266,0.298332,Control
33.695,102.257,0.298324,Control
33.6967,102.248,0.298316,Control
33.6983,102.24,0.298304,Control
33.7,102.232,0.298285,Control
33.7017,102.223,0.298269,Control
33.7033,102.215,0.298254,Control
33.705,102.208,0.298236,Control
33.7067,102.199,0.298221,Control
33.7083,102.19,0.298206,Control
33.71,102.181,0.298199,Control
33.7117,102.174,0.298189,Control
33.7133,102.167,0.298172,Control
33.715,102.158,0.298153,Control
33.7167,102.15,0.298131,Control
33.7183,102.141,0.298113,Control
33.72,102.132,0.298097,Control
33.7217,102.124,0.298088,Control
33.7233,102.115,0.298075,Control
33.725,102.107,0.29806,Control
33.7267,102.099,0.298048,Control
33.7283,102.09,0.298042,Control
33.73,102.082,0.29804,Control
33.7317,102.074,0.298037,Control
33.7333,102.065,0.298034,Control
33.735,102.057,0.298019,Control
33.7367,102.049,0.298005,Control
33.7383,102.04,0.297991,Control
33.74,102.033,0.29798,Control
33.7417,102.023,0.297969,Control
33.7433,102.015,0.297953,Control
33.745,102.008,0.297943,Control
33.7467,101.999,0.297941,Control
33.7483,101.992,0.297943,Control
33.75,101.982,0.297947,Control
33.7517,101.973,0.297949,Control
33.7533,101.965,0.297947,Control
33.755,101.958,0.297941,Control
33.7567,101.948,0.297937,Control
33.7583,101.94,0.297931,Control
33.76,101.932,0.297927,Control
33.7617,101.924,0.297932,Control
33.7633,101.914,0.297936,Control
33.765,101.907,0.297938,Control
33.7667,101.899,0.297939,Control
33.7683,101.89,0.297943,Control
33.77,101.882,0.29794,Control
33.7717,101.874,0.29794,Control
33.7733,101.867,0.297935,Control
33.775,101.857,0.297926,Control
33.7767,101.849,0.297921,Control
33.7783,101.839,0.297915,Control
33.78,101.832,0.297915,Control
33.7817,101.824,0.297911,Control
33.7833,101.815,0.297905,Control
33.785,101.807,0.297891,Control
33.7867,101.797,0.297881,Control
33.7883,101.79,0.297864,Control
33.79,101.782,0.297845,Control
33.7917,101.774,0.297832,Control
33.7933,101.765,0.297828,Control
33.795,101.757,0.297834,Control
33.7967,101.749,0.297843,Control
33.7983,101.741,0.297856,Control
33.8,101.733,0.297869,Control
33.8017,101.724,0.297882,Control
33.8033,101.715,0.297889,Control
33.805,101.707,0.297891,Control
33.8067,101.7,0.29789,Control
33.8083,101.691,0.297887,Control
33.81,101.682,0.297873,Control
33.8117,101.673,0.297857,Control
33.8133,101.665,0.297845,Control
33.815,101.657,0.297834,Control
33.8167,101.649,0.297824,Control
33.8183,101.64,0.297819,Control
33.82,101.632,0.297814,Control
33.8217,101.623,0.297813,Control
33.8233,101.616,0.297816,Control
33.825,101.607,0.297822,Control
33.8267,101.598,0.297821,Control
33.8283,101.59,0.297815,Control
33.83,101.582,0.297806,Control
33.8317,101.574,0.297792,Control
33.8333,101.566,0.297783,Control
33.835,101.558,0.297777,Control
33.8367,101.549,0.297769,Control
33.8383,101.541,0.297755,Control
33.84,101.533,0.29774,Control
33.8417,101.523,0.297724,Control
33.8433,101.516,0.297714,Control
33.845,101.507,0.297703,Control
33.8467,101.5,0.297698,Control
33.8483,101.491,0.297699,Control
33.85,101.483,0.297695,Control
33.8517,101.474,0.297693,Control
33.8533,101.466,0.297689,Control
33.855,101.458,0.297677,Control
33.8567,101.449,0.297662,Control
33.8583,101.441,0.297644,Control
33.86,101.433,0.297628,Control
33.8617,101.425,0.297614,Control
33.8633,101.417,0.297603,Control
33.865,101.408,0.297593,Control
33.8667,101.4,0.297584,Control
33.8683,101.391,0.297582,Control
33.87,101.383,0.29758,Control
33.8717,101.374,0.297572,Control
33.8733,101.366,0.29756,Control
33.875,101.357,0.297545,Control
33.8767,101.35,0.297536,Control
33.8783,101.341,0.297532,Control
33.88,101.333,0.297531,Control
33.8817,101.324,0.297546,Control
33.8833,101.316,0.297564,Control
33.885,101.307,0.297579,Control
33.8867,101.299,0.297596,Control
33.8883,101.291,0.297603,Control
33.89,101.283,0.297602,Control
33.8917,101.275,0.297605,Control
33.8933,101.267,0.297605,Control
33.895,101.258,0.297596,Control
33.8967,101.249,0.297589,Control
33.8983,101.241,0.297583,Control
33.9,101.233,0.297576,Control
33.9017,101.224,0.297575,Control
33.9033,101.215,0.297579,Control
33.905,101.208,0.297589,Control
33.9067,101.2,0.297599,Control
33.9083,101.191,0.297611,Control
33.91,101.184,0.297618,Control
33.9117,101.174,0.297623,Control
33.9133,101.166,0.297626,Control
33.915,101.158,0.297628,Control
33.9167,101.149,0.297625,Control
33.9183,101.141,0.297616,Control
33.92,101.133,0.297604,Control
33.9217,101.125,0.297595,Control
33.9233,101.116,0.297583,Control
33.925,101.108,0.297568,Control
33.9267,101.1,0.297556,Control
33.9283,101.091,0.297534,Control
33.93,101.083,0.297517,Control
33.9317,101.074,0.297499,Control
33.9333,101.066,0.297482,Control
33.935,101.057,0.29747,Control
33.9367,101.049,0.297465,Control
33.9383,101.04,0.297464,Control
33.94,101.032,0.29747,Control
33.9417,101.025,0.297472,Control
33.9433,101.016,0.29747,Control
33.945,101.008,0.297472,Control
33.9467,100.999,0.297473,Control
33.9483,100.991,0.297474,Control
33.95,100.983,0.297474,Control
33.9517,100.974,0.297476,Control
33.9533,100.966,0.297478,Control
33.955,100.958,0.297474,Control
33.9567,100.949,0.297463,Control
33.9583,100.942,0.297445,Control
33.96,100.933,0.297428,Control
33.9617,100.924,0.297416,Control
33.9633,100.916,0.297403,Control
33.965,100.908,0.297387,Control
33.9667,100.9,0.297372,Control
33.9683,100.892,0.297359,Control
33.97,100.884,0.29735,Control
33.9717,100.874,0.297347,Control
33.9733,100.867,0.297351,Control
33.975,100.858,0.297354,Control
33.9767,100.85,0.297352,Control
33.9783,100.842,0.297353,Control
33.98,100.833,0.297358,Control
33.9817,100.826,0.297365,Control
33.9833,100.816,0.297367,Control
33.985,100.807,0.297362,Control
33.9867,100.8,0.297349,Control
33.9883,100.792,0.297333,Control
33.99,100.783,0.297318,Control
33.9917,100.775,0.29731,Control
33.9933,100.766,0.297301,Control
33.995,100.758,0.297292,Control
33.9967,100.75,0.297283,Control
33.9983,100.741,0.29728,Control
34,100.733,0.297285,Control
34.0017,100.725,0.297306,Control
34.0033,100.716,0.297328,Control
34.005,100.708,0.297333,Control
34.0067,100.7,0.29734,Control
34.0083,100.691,0.297343,Control
34.01,100.683,0.297341,Control
34.0117,100.675,0.297334,Control
34.0133,100.666,0.297318,Control
34.015,100.659,0.297299,Control
34.0167,100.65,0.297279,Control
34.0183,100.641,0.297257,Control
34.02,100.633,0.297247,Control
34.0217,100.625,0.297245,Control
34.0233,100.617,0.297239,Control
34.025,100.608,0.297241,Control
34.0267,100.598,0.297243,Control
34.0283,100.591,0.297246,Control
34.03,100.583,0.297251,Control
34.0317,100.575,0.297255,Control
34.0333,100.566,0.297266,Control
34.035,100.557,0.297275,Control
34.0367,100.549,0.297282,Control
34.0383,100.541,0.297287,Control
34.04,100.533,0.29729,Control
34.0417,100.524,0.297292,Control
34.0433,100.517,0.29729,Control
34.045,100.508,0.297283,Control
34.0467,100.499,0.297271,Control
34.0483,100.491,0.297258,Control
34.05,100.483,0.297254,Control
34.0517,100.475,0.297245,Control
34.0533,100.467,0.297235,Control
34.055,100.458,0.297229,Control
34.0567,100.45,0.297218,Control
34.0583,100.442,0.297212,Control
34.06,100.433,0.297217,Control
34.0617,100.425,0.297231,Control
34.0633,100.417,0.297242,Control
34.065,100.408,0.297251,Control
34.0667,100.399,0.297263,Control
34.0683,100.391,0.29727,Control
34.07,100.384,0.297274,Control
34.0717,100.375,0.297273,Control
34.0733,100.367,0.297268,Control
34.075,100.358,0.297254,Control
34.0767,100.35,0.297238,Control
34.0783,100.342,0.29722,Control
34.08,100.333,0.297212,Control
34.0817,100.324,0.297215,Control
34.0833,100.316,0.297219,Control
34.085,100.307,0.297225,Control
34.0867,100.3,0.29723,Control
34.0883,100.291,0.297229,Control
34.09,100.283,0.297227,Control
34.0917,100.275,0.297227,Control
34.0933,100.266,0.297219,Control
34.095,100.257,0.297211,Control
34.0967,100.249,0.297192,Control
34.0983,100.242,0.29717,Control
34.1,100.233,0.29716,Control
34.1017,100.225,0.297158,Control
34.1033,100.217,0.297165,Control
34.105,100.208,0.297172,Control
34.1067,100.2,0.297178,Control
34.1083,100.191,0.297181,Control
34.11,100.184,0.297189,Control
34.1117,100.175,0.297194,Control
34.1133,100.167,0.297196,Control
34.115,100.159,0.297194,Control
34.1167,100.15,0.297172,Control
34.1183,100.142,0.29714,Control
34.12,100.133,0.297098,Control
34.1217,100.125,0.297065,Control
34.1233,100.116,0.297041,Control
34.125,100.108,0.297022,Control
34.1267,100.1,0.297007,Control
34.1283,100.093,0.297011,Control
34.13,100.083,0.297017,Control
34.1317,100.075,0.297045,Control
34.1333,100.067,0.297113,Control
34.135,100.059,0.297162,Control
34.1367,100.051,0.297176,Control
34.1383,100.042,0.297182,Control
34.14,100.034,0.297187,Control
34.1417,100.025,0.297179,Control
34.1433,100.016,0.297145,Control
34.145,100.008,0.297115,Control
34.1467,100,0.297081,Control
34.1483,99.992,0.297063,Control
34.15,99.984,0.297044,Control
34.1517,99.975,0.297042,Control
34.1533,99.968,0.297046,Control
34.155,99.959,0.29705,Control
34.1567,99.95,0.297056,Control
34.1583,99.942,0.29707,Control
34.16,99.933,0.297087,Control
34.1617,99.925,0.2971,Control
34.1633,99.918,0.297101,Control
34.165,99.909,0.297092,Control
34.1667,99.901,0.297084,Control
34.1683,99.893,0.297078,Control
34.17,99.883,0.297078,Control
34.1717,99.875,0.297081,Control
34.1733,99.867,0.297081,Control
34.175,99.859,0.297081,Control
34.1767,99.85,0.297079,Control
34.1783,99.842,0.297082,Control
34.18,99.835,0.297083,Control
34.1817,99.825,0.297082,Control
34.1833,99.817,0.297078,Control
34.185,99.809,0.297073,Control
34.1867,99.8,0.297069,Control
34.1883,99.792,0.297067,Control
34.19,99.784,0.297069,Control
34.1917,99.775,0.297067,Control
34.1933,99.766,0.297058,Control
34.195,99.758,0.297042,Control
34.1967,99.751,0.29702,Control
34.1983,99.743,0.296999,Control
34.2,99.734,0.296982,Control
34.2017,99.726,0.296971,Control
34.2033,99.717,0.29696,Control
34.205,99.709,0.296959,Control
34.2067,99.7,0.296964,Control
34.2083,99.691,0.296979,Control
34.21,99.684,0.296994,Control
34.2117,99.676,0.297003,Control
34.2133,99.667,0.297007,Control
34.215,99.659,0.296994,Control
34.2167,99.65,0.296974,Control
34.2183,99.642,0.296945,Control
34.22,99.634,0.296905,Control
34.2217,99.625,0.296866,Control
34.2233,99.616,0.296842,Control
34.225,99.608,0.296827,Control
34.2267,99.6,0.296817,Control
34.2283,99.592,0.296812,Control
34.23,99.585,0.296815,Control
34.2317,99.576,0.296822,Control
34.2333,99.568,0.296826,Control
34.235,99.559,0.296827,Control
34.2367,99.551,0.296827,Control
34.2383,99.543,0.296828,Control
34.24,99.533,0.296825,Control
34.2417,99.525,0.296828,Control
34.2433,99.517,0.29683,Control
34.245,99.509,0.296827,Control
34.2467,99.501,0.296818,Control
34.2483,99.493,0.296812,Control
34.25,99.484,0.296802,Control
34.2517,99.476,0.296786,Control
34.2533,99.468,0.296766,Control
34.255,99.459,0.29674,Control
34.2567,99.451,0.296719,Control
34.2583,99.442,0.296705,Control
34.26,99.434,0.296701,Control
34.2617,99.426,0.296699,Control
34.2633,99.417,0.2967,Control
34.265,99.408,0.296706,Control
34.2667,99.4,0.296718,Control
34.2683,99.393,0.29672,Control
34.27,99.384,0.296722,Control
34.2717,99.376,0.296722,Control
34.2733,99.367,0.296719,Control
34.275,99.359,0.296718,Control
34.2767,99.35,0.296716,Control
34.2783,99.343,0.296715,Control
34.28,99.334,0.296723,Control
34.2817,99.326,0.296723,Control
34.2833,99.318,0.296727,Control
34.285,99.31,0.296728,Control
34.2867,99.3,0.29672,Control
34.2883,99.294,0.296709,Control
34.29,99.285,0.296702,Control
34.2917,99.275,0.296697,Control
34.2933,99.268,0.296696,Control
34.295,99.259,0.296689,Control
34.2967,99.251,0.296683,Control
34.2983,99.243,0.296689,Control
34.3,99.235,0.296696,Control
34.3017,99.226,0.296703,Control
34.3033,99.217,0.296714,Control
34.305,99.209,0.296714,Control
34.3067,99.201,0.296708,Control
34.3083,99.192,0.296705,Control
34.31,99.184,0.296706,Control
34.3117,99.176,0.296701,Control
34.3133,99.168,0.296691,Control
34.315,99.159,0.296683,Control
34.3167,99.151,0.296676,Control
34.3183,99.143,0.296669,Control
34.32,99.134,0.296666,Control
34.3217,99.126,0.296671,Control
34.3233,99.117,0.296676,Control
34.325,99.109,0.296682,Control
34.3267,99.1,0.296688,Control
34.3283,99.093,0.296692,Control
34.33,99.083,0.296693,Control
34.3317,99.075,0.296699,Control
34.3333,99.068,0.296707,Control
34.335,99.059,0.296719,Control
34.3367,99.051,0.296734,Control
34.3383,99.042,0.296743,Control
34.34,99.034,0.296756,Control
34.3417,99.026,0.29677,Control
34.3433,99.018,0.296786,Control
34.345,99.01,0.296796,Control
34.3467,99.001,0.296802,Control
34.3483,98.993,0.29681,Control
34.35,98.984,0.296817,Control
34.3517,98.976,0.296816,Control
34.3533,98.967,0.296814,Control
34.355,98.959,0.296814,Control
34.3567,98.952,0.296818,Control
34.3583,98.943,0.296811,Control
34.36,98.933,0.296797,Control
34.3617,98.926,0.296785,Control
34.3633,98.917,0.296768,Control
34.365,98.91,0.296754,Control
34.3667,98.901,0.296742,Control
34.3683,98.893,0.296732,Control
34.37,98.886,0.29673,Control
34.3717,98.876,0.296723,Control
34.3733,98.868,0.296722,Control
34.375,98.86,0.296731,Control
34.3767,98.85,0.296734,Control
34.3783,98.842,0.296736,Control
34.38,98.834,0.296749,Control
34.3817,98.827,0.296752,Control
34.3833,98.819,0.296757,Control
34.385,98.809,0.296765,Control
34.3867,98.801,0.296768,Control
34.3883,98.793,0.296772,Control
34.39,98.784,0.296775,Control
34.3917,98.777,0.296771,Control
34.3933,98.769,0.296776,Control
34.395,98.76,0.296783,Control
34.3967,98.751,0.296792,Control
34.3983,98.743,0.296808,Control
34.4,98.734,0.296818,Control
34.4017,98.726,0.296821,Control
34.4033,98.718,0.296825,Control
34.405,98.71,0.296827,Control
34.4067,98.701,0.296827,Control
34.4083,98.693,0.296825,Control
34.41,98.684,0.296824,Control
34.4117,98.675,0.296824,Control
34.4133,98.668,0.296827,Control
34.415,98.659,0.296829,Control
34.4167,98.651,0.296838,Control
34.4183,98.642,0.296842,Control
34.42,98.635,0.296843,Control
34.4217,98.626,0.296845,Control
34.4233,98.617,0.29684,Control
34.425,98.61,0.296825,Control
34.4267,98.601,0.296807,Control
34.4283,98.593,0.296793,Control
34.43,98.584,0.296785,Control
34.4317,98.576,0.296775,Control
34.4333,98.567,0.296768,Control
34.435,98.559,0.296768,Control
34.4367,98.551,0.296769,Control
34.4383,98.543,0.296774,Control
34.44,98.535,0.296785,Control
34.4417,98.526,0.296792,Control
34.4433,98.519,0.296792,Control
34.445,98.51,0.296791,Control
34.4467,98.5,0.296791,Control
34.4483,98.494,0.296795,Control
34.45,98.485,0.296793,Control
34.4517,98.477,0.296789,Control
34.4533,98.468,0.296786,Control
34.455,98.46,0.296778,Control
34.4567,98.451,0.296769,Control
34.4583,98.443,0.29676,Control
34.46,98.435,0.296761,Control
34.4617,98.428,0.296759,Control
34.4633,98.417,0.296759,Control
34.465,98.409,0.296762,Control
34.4667,98.401,0.296768,Control
34.4683,98.394,0.296773,Control
34.47,98.385,0.296774,Control
34.4717,98.377,0.296772,Control
34.4733,98.368,0.296776,Control
34.475,98.36,0.296772,Control
34.4767,98.351,0.296764,Control
34.4783,98.344,0.296763,Control
34.48,98.335,0.29676,Control
34.4817,98.326,0.296762,Control
34.4833,98.317,0.296772,Control
34.485,98.309,0.296776,Control
34.4867,98.301,0.29678,Control
34.4883,98.293,0.29678,Control
34.49,98.285,0.296776,Control
34.4917,98.276,0.29678,Control
34.4933,98.268,0.296781,Control
34.495,98.26,0.296778,Control
34.4967,98.251,0.296771,Control
34.4983,98.243,0.296763,Control
34.5,98.234,0.296758,Control
34.5017,98.227,0.296761,Control
34.5033,98.218,0.29677,Control
34.505,98.209,0.296778,Control
34.5067,98.202,0.296784,Control
34.5083,98.193,0.296789,Control
34.51,98.184,0.296801,Control
34.5117,98.176,0.296805,Control
34.5133,98.169,0.296804,Control
34.515,98.16,0.296794,Control
34.5167,98.151,0.296778,Control
34.5183,98.143,0.296747,Control
34.52,98.134,0.296725,Control
34.5217,98.126,0.296705,Control
34.5233,98.118,0.296692,Control
34.525,98.109,0.296687,Control
34.5267,98.101,0.296689,Control
34.5283,98.093,0.296692,Control
34.53,98.085,0.296698,Control
34.5317,98.075,0.296703,Control
34.5333,98.067,0.2967,Control
34.535,98.059,0.296695,Control
34.5367,98.051,0.296683,Control
34.5383,98.042,0.296667,Control
34.54,98.034,0.296628,Control
34.5417,98.026,0.296598,Control
34.5433,98.018,0.296571,Control
34.545,98.009,0.296543,Control
34.5467,98.001,0.296515,Control
34.5483,97.993,0.296495,Control
34.55,97.985,0.296485,Control
34.5517,97.977,0.296477,Control
34.5533,97.969,0.296469,Control
34.555,97.96,0.296462,Control
34.5567,97.952,0.296456,Control
34.5583,97.942,0.296452,Control
34.56,97.935,0.296452,Control
34.5617,97.926,0.296442,Control
34.5633,97.918,0.296425,Control
34.565,97.91,0.296401,Control
34.5667,97.901,0.296371,Control
34.5683,97.893,0.296338,Control
34.57,97.886,0.296294,Control
34.5717,97.877,0.296264,Control
34.5733,97.869,0.296236,Control
34.575,97.86,0.296221,Control
34.5767,97.852,0.296219,Control
34.5783,97.843,0.296222,Control
34.58,97.835,0.296228,Control
34.5817,97.826,0.296233,Control
34.5833,97.818,0.296225,Control
34.585,97.81,0.296219,Control
34.5867,97.801,0.296208,Control
34.5883,97.793,0.296184,Control
34.59,97.785,0.296159,Control
34.5917,97.776,0.296139,Control
34.5933,97.768,0.296133,Control
34.595,97.76,0.296135,Control
34.5967,97.751,0.296143,Control
34.5983,97.744,0.296146,Control
34.6,97.735,0.296154,Control
34.6017,97.727,0.29615,Control
34.6033,97.718,0.296142,Control
34.605,97.711,0.296128,Control
34.6067,97.702,0.296102,Control
34.6083,97.694,0.296074,Control
34.61,97.686,0.296045,Control
34.6117,97.677,0.296024,Control
34.6133,97.669,0.296009,Control
34.615,97.66,0.295997,Control
34.6167,97.652,0.295991,Control
34.6183,97.643,0.295996,Control
34.62,97.635,0.296002,Control
34.6217,97.627,0.296007,Control
34.6233,97.618,0.296015,Control
34.625,97.611,0.296024,Control
34.6267,97.601,0.296027,Control
34.6283,97.594,0.29603,Control
34.63,97.585,0.296025,Control
34.6317,97.577,0.29602,Control
34.6333,97.568,0.296005,Control
34.635,97.56,0.295995,Control
34.6367,97.552,0.295985,Control
34.6383,97.544,0.29598,Control
34.64,97.536,0.295968,Control
34.6417,97.527,0.295962,Control
34.6433,97.519,0.295962,Control
34.645,97.51,0.295962,Control
34.6467,97.502,0.295965,Control
34.6483,97.494,0.295965,Control
34.65,97.485,0.295958,Control
34.6517,97.477,0.295947,Control
34.6533,97.468,0.295944,Control
34.655,97.459,0.295936,Control
34.6567,97.452,0.295929,Control
34.6583,97.444,0.29592,Control
34.66,97.435,0.295917,Control
34.6617,97.427,0.29592,Control
34.6633,97.418,0.295926,Control
34.665,97.41,0.295931,Control
34.6667,97.401,0.295936,Control
34.6683,97.393,0.29593,Control
34.67,97.385,0.295914,Control
34.6717,97.376,0.295902,Control
34.6733,97.368,0.29589,Control
34.675,97.36,0.295872,Control
34.6767,97.351,0.295833,Control
34.6783,97.343,0.295788,Control
34.68,97.335,0.295765,Control
34.6817,97.327,0.29575,Control
34.6833,97.318,0.295743,Control
34.685,97.31,0.29574,Control
34.6867,97.303,0.29574,Control
34.6883,97.293,0.295746,Control
34.69,97.285,0.295754,Control
34.6917,97.276,0.295765,Control
34.6933,97.269,0.29577,Control
34.695,97.26,0.295762,Control
34.6967,97.252,0.295751,Control
34.6983,97.243,0.295734,Control
34.7,97.236,0.295723,Control
34.7017,97.228,0.295706,Control
34.7033,97.219,0.295687,Control
34.705,97.211,0.295676,Control
34.7067,97.203,0.295673,Control
34.7083,97.194,0.295681,Control
34.71,97.186,0.295691,Control
34.7117,97.177,0.295699,Control
34.7133,97.169,0.295703,Control
34.715,97.16,0.295705,Control
34.7167,97.153,0.295712,Control
34.7183,97.144,0.295721,Control
34.72,97.135,0.295732,Control
34.7217,97.128,0.295744,Control
34.7233,97.118,0.295755,Control
34.725,97.11,0.295761,Control
34.7267,97.102,0.295761,Control
34.7283,97.093,0.295756,Control
34.73,97.086,0.295742,Control
34.7317,97.077,0.295726,Control
34.7333,97.069,0.295711,Control
34.735,97.06,0.295701,Control
34.7367,97.051,0.295687,Control
34.7383,97.043,0.295677,Control
34.74,97.035,0.295669,Control
34.7417,97.028,0.295667,Control
34.7433,97.019,0.295669,Control
34.745,97.011,0.29567,Control
34.7467,97.002,0.295668,Control
34.7483,96.994,0.295672,Control
34.75,96.986,0.295679,Control
34.7517,96.977,0.29569,Control
34.7533,96.969,0.295704,Control
34.755,96.961,0.295719,Control
34.7567,96.952,0.295728,Control
34.7583,96.944,0.29573,Control
34.76,96.935,0.295726,Control
34.7617,96.927,0.295717,Control
34.7633,96.918,0.295708,Control
34.765,96.911,0.29569,Control
34.7667,96.903,0.295675,Control
34.7683,96.894,0.295667,Control
34.77,96.886,0.295664,Control
34.7717,96.877,0.295664,Control
34.7733,96.868,0.295667,Control
34.775,96.86,0.295667,Control
34.7767,96.852,0.295658,Control
34.7783,96.844,0.295643,Control
34.78,96.835,0.295598,Control
34.7817,96.827,0.295573,Control
34.7833,96.819,0.295547,Control
34.785,96.81,0.295527,Control
34.7867,96.802,0.295512,Control
34.7883,96.792,0.295507,Control
34.79,96.785,0.295512,Control
34.7917,96.776,0.295525,Control
34.7933,96.768,0.295536,Control
34.795,96.759,0.29554,Control
34.7967,96.752,0.295537,Control
34.7983,96.745,0.295528,Control
34.8,96.734,0.295525,Control
34.8017,96.727,0.295518,Control
34.8033,96.718,0.295517,Control
34.805,96.709,0.295512,Control
34.8067,96.702,0.295512,Control
34.8083,96.694,0.295515,Control
34.81,96.686,0.295514,Control
34.8117,96.677,0.295507,Control
34.8133,96.668,0.295492,Control
34.815,96.66,0.295477,Control
34.8167,96.651,0.295466,Control
34.8183,96.644,0.295466,Control
34.82,96.634,0.295458,Control
34.8217,96.625,0.295457,Control
34.8233,96.618,0.295453,Control
34.825,96.61,0.295449,Control
34.8267,96.602,0.295445,Control
34.8283,96.593,0.295433,Control
34.83,96.585,0.295417,Control
34.8317,96.576,0.295395,Control
34.8333,96.569,0.295376,Control
34.835,96.561,0.295355,Control
34.8367,96.552,0.295339,Control
34.8383,96.544,0.295318,Control
34.84,96.536,0.295302,Control
34.8417,96.527,0.295292,Control
34.8433,96.519,0.29528,Control
34.845,96.511,0.295268,Control
34.8467,96.502,0.295262,Control
34.8483,96.494,0.295264,Control
34.85,96.484,0.295268,Control
34.8517,96.476,0.295271,Control
34.8533,96.469,0.295271,Control
34.855,96.462,0.295262,Control
34.8567,96.452,0.29525,Control
34.8583,96.444,0.295234,Control
34.86,96.436,0.295214,Control
34.8617,96.428,0.295197,Control
34.8633,96.419,0.295178,Control
34.865,96.41,0.295153,Control
34.8667,96.402,0.295134,Control
34.8683,96.394,0.295115,Control
34.87,96.386,0.295105,Control
34.8717,96.377,0.295094,Control
34.8733,96.368,0.29508,Control
34.875,96.361,0.295069,Control
34.8767,96.352,0.295058,Control
34.8783,96.345,0.295047,Control
34.88,96.336,0.295041,Control
34.8817,96.327,0.295033,Control
34.8833,96.318,0.295018,Control
34.885,96.31,0.295003,Control
34.8867,96.302,0.294989,Control
34.8883,96.294,0.294971,Control
34.89,96.286,0.294955,Control
34.8917,96.277,0.294941,Control
34.8933,96.269,0.294933,Control
34.895,96.261,0.294923,Control
34.8967,96.252,0.294915,Control
34.8983,96.245,0.294912,Control
34.9,96.235,0.294912,Control
34.9017,96.229,0.294916,Control
34.9033,96.22,0.294926,Control
34.905,96.211,0.294946,Control
34.9067,96.202,0.294977,Control
34.9083,96.194,0.295,Control
34.91,96.185,0.295015,Control
34.9117,96.177,0.295026,Control
34.9133,96.168,0.295024,Control
34.915,96.16,0.295024,Control
34.9167,96.152,0.295017,Control
34.9183,96.143,0.295013,Control
34.92,96.136,0.295,Control
34.9217,96.128,0.294983,Control
34.9233,96.12,0.294979,Control
34.925,96.11,0.29498,Control
34.9267,96.102,0.294983,Control
34.9283,96.094,0.294979,Control
34.93,96.086,0.294974,Control
34.9317,96.077,0.294962,Control
34.9333,96.069,0.294958,Control
34.935,96.061,0.294962,Control
34.9367,96.052,0.294963,Control
34.9383,96.044,0.294958,Control
34.94,96.035,0.294953,Control
34.9417,96.028,0.294943,Control
34.9433,96.019,0.294942,Control
34.945,96.011,0.29494,Control
34.9467,96.002,0.294932,Control
34.9483,95.994,0.294921,Control
34.95,95.985,0.294899,Control
34.9517,95.978,0.294882,Control
34.9533,95.969,0.294865,Control
34.955,95.961,0.294856,Control
34.9567,95.952,0.294849,Control
34.9583,95.943,0.294845,Control
34.96,95.935,0.294841,Control
34.9617,95.927,0.294827,Control
34.9633,95.918,0.294808,Control
34.965,95.91,0.294791,Control
34.9667,95.902,0.294772,Control
34.9683,95.894,0.294749,Control
34.97,95.886,0.294726,Control
34.9717,95.878,0.294707,Control
34.9733,95.868,0.294689,Control
34.975,95.86,0.294675,Control
34.9767,95.851,0.294668,Control
34.9783,95.843,0.294664,Control
34.98,95.836,0.294657,Control
34.9817,95.827,0.294645,Control
34.9833,95.819,0.294624,Control
34.985,95.81,0.294602,Control
34.9867,95.803,0.294578,Control
34.9883,95.794,0.294559,Control
34.99,95.786,0.294551,Control
34.9917,95.777,0.294548,Control
34.9933,95.77,0.294548,Control
34.995,95.762,0.294551,Control
34.9967,95.753,0.294555,Control
34.9983,95.745,0.294553,Control
35,95.736,0.294538,Control
35.0017,95.727,0.294523,Control
35.0033,95.719,0.294513,Control
35.005,95.711,0.294492,Control
35.0067,95.702,0.294472,Control
35.0083,95.695,0.294459,Control
35.01,95.687,0.294449,Control
35.0117,95.678,0.294441,Control
35.0133,95.67,0.294433,Control
35.015,95.66,0.294424,Control
35.0167,95.652,0.294412,Control
35.0183,95.644,0.294399,Control
35.02,95.635,0.29438,Control
35.0217,95.628,0.29437,Control
35.0233,95.619,0.294356,Control
35.025,95.611,0.294342,Control
35.0267,95.603,0.294333,Control
35.0283,95.594,0.294325,Control
35.03,95.586,0.294324,Control
35.0317,95.577,0.294322,Control
35.0333,95.569,0.294333,Control
35.035,95.56,0.29435,Control
35.0367,95.552,0.294363,Control
35.0383,95.545,0.294366,Control
35.04,95.537,0.29437,Control
35.0417,95.528,0.294379,Control
35.0433,95.519,0.294386,Control
35.045,95.511,0.29439,Control
35.0467,95.502,0.294391,Control
35.0483,95.494,0.294393,Control
35.05,95.486,0.294384,Control
35.0517,95.477,0.294383,Control
35.0533,95.468,0.294387,Control
35.055,95.461,0.294389,Control
35.0567,95.453,0.294376,Control
35.0583,95.443,0.294359,Control
35.06,95.435,0.294343,Control
35.0617,95.427,0.294332,Control
35.0633,95.419,0.294319,Control
35.065,95.411,0.294301,Control
35.0667,95.402,0.294288,Control
35.0683,95.393,0.294277,Control
35.07,95.386,0.294267,Control
35.0717,95.377,0.294265,Control
35.0733,95.37,0.294267,Control
35.075,95.361,0.294268,Control
35.0767,95.352,0.294268,Control
35.0783,95.344,0.294264,Control
35.08,95.336,0.294259,Control
35.0817,95.327,0.294255,Control
35.0833,95.318,0.294249,Control
35.085,95.31,0.29424,Control
35.0867,95.302,0.294231,Control
35.0883,95.294,0.294224,Control
35.09,95.285,0.294214,Control
35.0917,95.277,0.294212,Control
35.0933,95.268,0.294209,Control
35.095,95.261,0.29421,Control
35.0967,95.253,0.294209,Control
35.0983,95.244,0.2942,Control
35.1,95.236,0.294186,Control
35.1017,95.227,0.29418,Control
35.1033,95.219,0.294174,Control
35.105,95.21,0.294176,Control
35.1067,95.203,0.294177,Control
35.1083,95.194,0.294167,Control
35.11,95.186,0.294155,Control
35.1117,95.177,0.294139,Control
35.1133,95.169,0.29412,Control
35.115,95.161,0.294101,Control
35.1167,95.153,0.294073,Control
35.1183,95.145,0.294024,Control
35.12,95.136,0.293946,Control
35.1217,95.127,0.293916,Control
35.1233,95.119,0.293898,Control
35.125,95.111,0.293889,Control
35.1267,95.102,0.293887,Control
35.1283,95.094,0.29388,Control
35.13,95.086,0.29388,Control
35.1317,95.077,0.293886,Control
35.1333,95.068,0.293898,Control
35.135,95.061,0.293909,Control
35.1367,95.053,0.293923,Control
35.1383,95.045,0.293931,Control
35.14,95.035,0.293937,Control
35.1417,95.028,0.29394,Control
35.1433,95.019,0.293935,Control
35.145,95.011,0.293931,Control
35.1467,95.003,0.293917,Control
35.1483,94.994,0.293898,Control
35.15,94.986,0.293874,Control
35.1517,94.977,0.293849,Control
35.1533,94.968,0.293822,Control
35.155,94.961,0.293797,Control
35.1567,94.952,0.293776,Control
35.1583,94.944,0.293757,Control
35.16,94.935,0.293741,Control
35.1617,94.928,0.293729,Control
35.1633,94.919,0.293724,Control
35.165,94.911,0.293722,Control
35.1667,94.903,0.29372,Control
35.1683,94.894,0.293723,Control
35.17,94.886,0.293728,Control
35.1717,94.878,0.293731,Control
35.1733,94.87,0.293737,Control
35.175,94.861,0.29374,Control
35.1767,94.852,0.293749,Control
35.1783,94.845,0.293754,Control
35.18,94.837,0.293755,Control
35.1817,94.828,0.29376,Control
35.1833,94.82,0.293765,Control
35.185,94.812,0.293765,Control
35.1867,94.803,0.293766,Control
35.1883,94.796,0.293765,Control
35.19,94.787,0.293753,Control
35.1917,94.778,0.293734,Control
35.1933,94.769,0.293709,Control
35.195,94.761,0.293684,Control
35.1967,94.753,0.293631,Control
35.1983,94.744,0.293566,Control
35.2,94.736,0.293538,Control
35.2017,94.728,0.29352,Control
35.2033,94.72,0.293505,Control
35.205,94.712,0.293502,Control
35.2067,94.703,0.293512,Control
35.2083,94.695,0.293519,Control
35.21,94.687,0.293521,Control
35.2117,94.678,0.293521,Control
35.2133,94.67,0.293519,Control
35.215,94.662,0.293516,Control
35.2167,94.653,0.293512,Control
35.2183,94.645,0.293502,Control
35.22,94.637,0.293497,Control
35.2217,94.628,0.293493,Control
35.2233,94.621,0.293497,Control
35.225,94.611,0.293506,Control
35.2267,94.603,0.293512,Control
35.2283,94.595,0.29352,Control
35.23,94.585,0.29352,Control
35.2317,94.578,0.293519,Control
35.2333,94.57,0.293522,Control
35.235,94.561,0.293528,Control
35.2367,94.553,0.293525,Control
35.2383,94.544,0.293521,Control
35.24,94.535,0.293524,Control
35.2417,94.528,0.293537,Control
35.2433,94.519,0.293549,Control
35.245,94.511,0.293562,Control
35.2467,94.502,0.293577,Control
35.2483,94.493,0.293581,Control
35.25,94.486,0.293578,Control
35.2517,94.478,0.293573,Control
35.2533,94.469,0.293559,Control
35.255,94.46,0.293543,Control
35.2567,94.453,0.293528,Control
35.2583,94.444,0.293514,Control
35.26,94.436,0.2935,Control
35.2617,94.428,0.293487,Control
35.2633,94.419,0.293474,Control
35.265,94.41,0.293461,Control
35.2667,94.402,0.293444,Control
35.2683,94.394,0.293427,Control
35.27,94.386,0.293408,Control
35.2717,94.378,0.293392,Control
35.2733,94.369,0.293384,Control
35.275,94.361,0.293382,Control
35.2767,94.352,0.293378,Control
35.2783,94.344,0.293377,Control
35.28,94.337,0.293382,Control
35.2817,94.327,0.293388,Control
35.2833,94.319,0.293398,Control
35.285,94.311,0.293398,Control
35.2867,94.303,0.293394,Control
35.2883,94.295,0.293381,Control
35.29,94.286,0.293362,Control
35.2917,94.278,0.293347,Control
35.2933,94.27,0.293328,Control
35.295,94.261,0.293304,Control
35.2967,94.253,0.293281,Control
35.2983,94.245,0.293255,Control
35.3,94.236,0.293239,Control
35.3017,94.228,0.293232,Control
35.3033,94.22,0.293233,Control
35.305,94.211,0.293239,Control
35.3067,94.203,0.293238,Control
35.3083,94.195,0.293236,Control
35.31,94.187,0.293219,Control
35.3117,94.177,0.293197,Control
35.3133,94.169,0.293171,Control
35.315,94.162,0.293144,Control
35.3167,94.154,0.293115,Control
35.3183,94.145,0.293089,Control
35.32,94.136,0.293073,Control
35.3217,94.128,0.29307,Control
35.3233,94.119,0.293082,Control
35.325,94.111,0.2931,Control
35.3267,94.103,0.293126,Control
35.3283,94.094,0.293151,Control
35.33,94.086,0.293178,Control
35.3317,94.078,0.293211,Control
35.3333,94.069,0.293236,Control
35.335,94.06,0.293252,Control
35.3367,94.052,0.293255,Control
35.3383,94.045,0.293245,Control
35.34,94.037,0.293229,Control
35.3417,94.029,0.293213,Control
35.3433,94.02,0.293188,Control
35.345,94.012,0.293164,Control
35.3467,94.002,0.29312,Control
35.3483,93.994,0.293084,Control
35.35,93.986,0.293061,Control
35.3517,93.978,0.293046,Control
35.3533,93.97,0.293046,Control
35.355,93.962,0.293049,Control
35.3567,93.953,0.293056,Control
35.3583,93.945,0.293065,Control
35.36,93.938,0.293071,Control
35.3617,93.928,0.293072,Control
35.3633,93.92,0.293075,Control
35.365,93.912,0.293075,Control
35.3667,93.903,0.293071,Control
35.3683,93.894,0.293063,Control
35.37,93.886,0.293055,Control
35.3717,93.878,0.293051,Control
35.3733,93.869,0.293055,Control
35.375,93.861,0.293059,Control
35.3767,93.853,0.293067,Control
35.3783,93.844,0.293071,Control
35.38,93.836,0.293069,Control
35.3817,93.828,0.293061,Control
35.3833,93.82,0.293055,Control
35.385,93.811,0.293042,Control
35.3867,93.802,0.293024,Control
35.3883,93.795,0.293002,Control
35.39,93.786,0.292982,Control
35.3917,93.778,0.292966,Control
35.3933,93.769,0.29296,Control
35.395,93.761,0.292953,Control
35.3967,93.754,0.292951,Control
35.3983,93.744,0.292955,Control
35.4,93.736,0.292957,Control
35.4017,93.728,0.292951,Control
35.4033,93.721,0.292952,Control
35.405,93.711,0.29295,Control
35.4067,93.703,0.292945,Control
35.4083,93.695,0.292934,Control
35.41,93.687,0.292922,Control
35.4117,93.679,0.292909,Control
35.4133,93.669,0.292895,Control
35.415,93.662,0.292883,Control
35.4167,93.654,0.292875,Control
35.4183,93.645,0.292876,Control
35.42,93.637,0.292869,Control
35.4217,93.629,0.292864,Control
35.4233,93.62,0.292857,Control
35.425,93.612,0.292841,Control
35.4267,93.603,0.292816,Control
35.4283,93.595,0.292791,Control
35.43,93.587,0.292764,Control
35.4317,93.579,0.292749,Control
35.4333,93.568,0.292742,Control
35.435,93.562,0.292739,Control
35.4367,93.552,0.292751,Control
35.4383,93.545,0.292801,Control
35.44,93.537,0.292834,Control
35.4417,93.528,0.292849,Control
35.4433,93.519,0.292849,Control
35.445,93.512,0.292838,Control
35.4467,93.502,0.292827,Control
35.4483,93.495,0.292813,Control
35.45,93.486,0.292798,Control
35.4517,93.478,0.292789,Control
35.4533,93.471,0.292779,Control
35.455,93.463,0.29278,Control
35.4567,93.454,0.292793,Control
35.4583,93.445,0.292805,Control
35.46,93.437,0.292816,Control
35.4617,93.429,0.292819,Control
35.4633,93.421,0.292812,Control
35.465,93.413,0.292805,Control
35.4667,93.403,0.292801,Control
35.4683,93.395,0.292799,Control
35.47,93.387,0.292802,Control
35.4717,93.378,0.292805,Control
35.4733,93.369,0.292814,Control
35.475,93.361,0.292826,Control
35.4767,93.352,0.292835,Control
35.4783,93.344,0.292833,Control
35.48,93.336,0.292818,Control
35.4817,93.329,0.292791,Control
35.4833,93.32,0.292745,Control
35.485,93.311,0.292721,Control
35.4867,93.303,0.292705,Control
35.4883,93.296,0.292687,Control
35.49,93.287,0.292675,Control
35.4917,93.278,0.29267,Control
35.4933,93.27,0.29267,Control
35.495,93.262,0.292675,Control
35.4967,93.253,0.292677,Control
35.4983,93.246,0.292673,Control
35.5,93.236,0.29266,Control
35.5017,93.229,0.292645,Control
35.5033,93.22,0.292635,Control
35.505,93.211,0.292628,Control
35.5067,93.204,0.29262,Control
35.5083,93.194,0.29261,Control
35.51,93.187,0.2926,Control
35.5117,93.178,0.292583,Control
35.5133,93.171,0.292563,Control
35.515,93.163,0.292547,Control
35.5167,93.154,0.292527,Control
35.5183,93.145,0.292504,Control
35.52,93.136,0.292478,Control
35.5217,93.129,0.292461,Control
35.5233,93.12,0.292453,Control
35.525,93.112,0.29245,Control
35.5267,93.104,0.292451,Control
35.5283,93.095,0.292452,Control
35.53,93.087,0.292448,Control
35.5317,93.079,0.292448,Control
35.5333,93.07,0.292444,Control
35.535,93.062,0.292429,Control
35.5367,93.053,0.292417,Control
35.5383,93.045,0.292396,Control
35.54,93.037,0.292375,Control
35.5417,93.028,0.292353,Control
35.5433,93.02,0.292335,Control
35.545,93.012,0.292325,Control
35.5467,93.004,0.292316,Control
35.5483,92.995,0.29232,Control
35.55,92.987,0.292336,Control
35.5517,92.979,0.292345,Control
35.5533,92.971,0.292351,Control
35.555,92.963,0.29235,Control
35.5567,92.953,0.292344,Control
35.5583,92.944,0.292328,Control
35.56,92.937,0.29231,Control
35.5617,92.929,0.292295,Control
35.5633,92.92,0.292278,Control
35.565,92.912,0.292267,Control
35.5667,92.904,0.292269,Control
35.5683,92.896,0.292277,Control
35.57,92.888,0.292284,Control
35.5717,92.879,0.292299,Control
35.5733,92.87,0.292306,Control
35.575,92.862,0.292308,Control
35.5767,92.854,0.292302,Control
35.5783,92.846,0.292294,Control
35.58,92.837,0.292287,Control
35.5817,92.829,0.292274,Control
35.5833,92.821,0.292265,Control
35.585,92.812,0.292253,Control
35.5867,92.803,0.292242,Control
35.5883,92.795,0.292237,Control
35.59,92.788,0.292236,Control
35.5917,92.779,0.292233,Control
35.5933,92.77,0.292227,Control
35.595,92.762,0.292217,Control
35.5967,92.754,0.292204,Control
35.5983,92.745,0.292197,Control
35.6,92.738,0.292198,Control
35.6017,92.73,0.292204,Control
35.6033,92.72,0.292208,Control
35.605,92.713,0.292217,Control
35.6067,92.704,0.292228,Control
35.6083,92.696,0.292243,Control
35.61,92.687,0.292253,Control
35.6117,92.678,0.292262,Control
35.6133,92.671,0.292266,Control
35.615,92.662,0.292262,Control
35.6167,92.654,0.292257,Control
35.6183,92.646,0.29225,Control
35.62,92.637,0.292238,Control
35.6217,92.629,0.292228,Control
35.6233,92.621,0.292211,Control
35.625,92.614,0.29216,Control
35.6267,92.604,0.292132,Control
35.6283,92.595,0.292111,Control
35.63,92.587,0.29209,Control
35.6317,92.58,0.292067,Control
35.6333,92.571,0.292048,Control
35.635,92.563,0.292036,Control
35.6367,92.554,0.292036,Control
35.6383,92.546,0.292041,Control
35.64,92.538,0.292055,Control
35.6417,92.53,0.292068,Control
35.6433,92.522,0.29207,Control
35.645,92.513,0.292069,Control
35.6467,92.505,0.292064,Control
35.6483,92.496,0.292058,Control
35.65,92.487,0.292045,Control
35.6517,92.479,0.292025,Control
35.6533,92.471,0.292009,Control
35.655,92.462,0.292,Control
35.6567,92.455,0.291996,Control
35.6583,92.445,0.291994,Control
35.66,92.438,0.291992,Control
35.6617,92.429,0.291997,Control
35.6633,92.421,0.291998,Control
35.665,92.412,0.291993,Control
35.6667,92.404,0.291993,Control
35.6683,92.396,0.291991,Control
35.67,92.388,0.291989,Control
35.6717,92.38,0.291984,Control
35.6733,92.371,0.291978,Control
35.675,92.363,0.291969,Control
35.6767,92.354,0.291961,Control
35.6783,92.345,0.291946,Control
35.68,92.337,0.291932,Control
35.6817,92.329,0.291919,Control
35.6833,92.321,0.291906,Control
35.685,92.312,0.29189,Control
35.6867,92.304,0.291881,Control
35.6883,92.296,0.291872,Control
35.69,92.288,0.29187,Control
35.6917,92.28,0.291874,Control
35.6933,92.271,0.291881,Control
35.695,92.263,0.291889,Control
35.6967,92.255,0.2919,Control
35.6983,92.247,0.291909,Control
35.7,92.239,0.291913,Control
35.7017,92.23,0.291907,Control
35.7033,92.221,0.291901,Control
35.705,92.213,0.291897,Control
35.7067,92.205,0.291889,Control
35.7083,92.195,0.291882,Control
35.71,92.188,0.291872,Control
35.7117,92.18,0.291874,Control
35.7133,92.172,0.291887,Control
35.715,92.164,0.291904,Control
35.7167,92.156,0.291923,Control
35.7183,92.146,0.291937,Control
35.72,92.138,0.291946,Control
35.7217,92.13,0.291947,Control
35.7233,92.121,0.291945,Control
35.725,92.113,0.291934,Control
35.7267,92.105,0.291916,Control
35.7283,92.097,0.291884,Control
35.73,92.088,0.291868,Control
35.7317,92.08,0.29186,Control
35.7333,92.072,0.291869,Control
35.735,92.063,0.291884,Control
35.7367,92.054,0.291901,Control
35.7383,92.046,0.291918,Control
35.74,92.039,0.291934,Control
35.7417,92.029,0.29195,Control
35.7433,92.022,0.291953,Control
35.745,92.013,0.291944,Control
35.7467,92.005,0.291919,Control
35.7483,91.996,0.291891,Control
35.75,91.987,0.291834,Control
35.7517,91.98,0.291803,Control
35.7533,91.971,0.291789,Control
35.755,91.963,0.291772,Control
35.7567,91.955,0.291764,Control
35.7583,91.947,0.291769,Control
35.76,91.938,0.291782,Control
35.7617,91.929,0.291799,Control
35.7633,91.921,0.291826,Control
35.765,91.913,0.291842,Control
35.7667,91.904,0.29186,Control
35.7683,91.896,0.291869,Control
35.77,91.887,0.291876,Control
35.7717,91.879,0.291878,Control
35.7733,91.871,0.291866,Control
35.775,91.863,0.291846,Control
35.7767,91.855,0.291823,Control
35.7783,91.846,0.291803,Control
35.78,91.838,0.291785,Control
35.7817,91.83,0.29177,Control
35.7833,91.822,0.291758,Control
35.785,91.813,0.29175,Control
35.7867,91.804,0.29174,Control
35.7883,91.797,0.291736,Control
35.79,91.789,0.291737,Control
35.7917,91.779,0.291743,Control
35.7933,91.771,0.291746,Control
35.795,91.763,0.29175,Control
35.7967,91.754,0.291757,Control
35.7983,91.746,0.291771,Control
35.8,91.738,0.291789,Control
35.8017,91.729,0.291799,Control
35.8033,91.721,0.291808,Control
35.805,91.713,0.291811,Control
35.8067,91.704,0.291811,Control
35.8083,91.697,0.291806,Control
35.81,91.689,0.291793,Control
35.8117,91.68,0.291777,Control
35.8133,91.672,0.291758,Control
35.815,91.663,0.291737,Control
35.8167,91.654,0.29172,Control
35.8183,91.647,0.291708,Control
35.82,91.638,0.291691,Control
35.8217,91.629,0.291679,Control
35.8233,91.622,0.29167,Control
35.825,91.614,0.291666,Control
35.8267,91.606,0.291668,Control
35.8283,91.597,0.291672,Control
35.83,91.589,0.291674,Control
35.8317,91.58,0.291684,Control
35.8333,91.572,0.291698,Control
35.835,91.564,0.291704,Control
35.8367,91.555,0.291705,Control
35.8383,91.547,0.291705,Control
35.84,91.538,0.291697,Control
35.8417,91.53,0.291686,Control
35.8433,91.521,0.29167,Control
35.845,91.513,0.291657,Control
35.8467,91.505,0.291646,Control
35.8483,91.497,0.291635,Control
35.85,91.487,0.291631,Control
35.8517,91.48,0.291633,Control
35.8533,91.471,0.29164,Control
35.855,91.463,0.291646,Control
35.8567,91.455,0.29165,Control
35.8583,91.446,0.29165,Control
35.86,91.438,0.291644,Control
35.8617,91.431,0.291632,Control
35.8633,91.422,0.29162,Control
35.865,91.413,0.291602,Control
35.8667,91.404,0.291583,Control
35.8683,91.396,0.291572,Control
35.87,91.388,0.291561,Control
35.8717,91.379,0.291564,Control
35.8733,91.373,0.291571,Control
35.875,91.363,0.291568,Control
35.8767,91.355,0.291573,Control
35.8783,91.347,0.291576,Control
35.88,91.337,0.291581,Control
35.8817,91.329,0.291582,Control
35.8833,91.322,0.291581,Control
35.885,91.313,0.291578,Control
35.8867,91.305,0.291574,Control
35.8883,91.297,0.291566,Control
35.89,91.289,0.291562,Control
35.8917,91.279,0.291559,Control
35.8933,91.273,0.291555,Control
35.895,91.263,0.291549,Control
35.8967,91.255,0.291543,Control
35.8983,91.246,0.291542,Control
35.9,91.238,0.291539,Control
35.9017,91.23,0.291537,Control
35.9033,91.222,0.29153,Control
35.905,91.213,0.291516,Control
35.9067,91.205,0.291496,Control
35.9083,91.197,0.291477,Control
35.91,91.188,0.291459,Control
35.9117,91.18,0.291443,Control
35.9133,91.172,0.291434,Control
35.915,91.163,0.291425,Control
35.9167,91.155,0.291413,Control
35.9183,91.146,0.291413,Control
35.92,91.139,0.291408,Control
35.9217,91.13,0.291398,Control
35.9233,91.122,0.291394,Control
35.925,91.114,0.291378,Control
35.9267,91.105,0.291354,Control
35.9283,91.097,0.291327,Control
35.93,91.088,0.291297,Control
35.9317,91.081,0.29128,Control
35.9333,91.071,0.291268,Control
35.935,91.063,0.291256,Control
35.9367,91.055,0.291256,Control
35.9383,91.045,0.291263,Control
35.94,91.038,0.291263,Control
35.9417,91.03,0.291261,Control
35.9433,91.022,0.29125,Control
35.945,91.014,0.291238,Control
35.9467,91.005,0.291223,Control
35.9483,90.997,0.291205,Control
35.95,90.988,0.291201,Control
35.9517,90.979,0.291209,Control
35.9533,90.972,0.291224,Control
35.955,90.964,0.291275,Control
35.9567,90.955,0.29134,Control
35.9583,90.947,0.291398,Control
35.96,90.938,0.291462,Control
35.9617,90.931,0.291478,Control
35.9633,90.922,0.291486,Control
35.965,90.913,0.291485,Control
35.9667,90.905,0.291473,Control
35.9683,90.898,0.291455,Control
35.97,90.889,0.29144,Control
35.9717,90.881,0.291418,Control
35.9733,90.873,0.291384,Control
35.975,90.864,0.291349,Control
35.9767,90.856,0.291331,Control
35.9783,90.846,0.29132,Control
35.98,90.838,0.291309,Control
35.9817,90.83,0.291309,Control
35.9833,90.822,0.291307,Control
35.985,90.813,0.291306,Control
35.9867,90.805,0.291301,Control
35.9883,90.797,0.291294,Control
35.99,90.789,0.291284,Control
35.9917,90.78,0.291275,Control
35.9933,90.772,0.29127,Control
35.995,90.764,0.291266,Control
35.9967,90.755,0.291268,Control
35.9983,90.747,0.29127,Control
36,90.738,0.291274,Control
36.0017,90.73,0.291276,Control
36.0033,90.722,0.291275,Control
36.005,90.713,0.29127,Control
36.0067,90.706,0.291261,Control
36.0083,90.697,0.291256,Control
36.01,90.688,0.291249,Control
36.0117,90.68,0.291243,Control
36.0133,90.672,0.291245,Control
36.015,90.664,0.291248,Control
36.0167,90.656,0.29125,Control
36.0183,90.648,0.291243,Control
36.02,90.639,0.291239,Control
36.0217,90.63,0.291237,Control
36.0233,90.622,0.291222,Control
36.025,90.614,0.291196,Control
36.0267,90.605,0.291174,Control
36.0283,90.597,0.291141,Control
36.03,90.589,0.291114,Control
36.0317,90.581,0.291095,Control
36.0333,90.573,0.291094,Control
36.035,90.564,0.291101,Control
36.0367,90.556,0.29111,Control
36.0383,90.547,0.291112,Control
36.04,90.539,0.291121,Control
36.0417,90.531,0.291128,Control
36.0433,90.521,0.291136,Control
36.045,90.514,0.291139,Control
36.0467,90.506,0.291136,Control
36.0483,90.497,0.291126,Control
36.05,90.489,0.291122,Control
36.0517,90.481,0.291113,Control
36.0533,90.472,0.291108,Control
36.055,90.463,0.29111,Control
36.0567,90.456,0.291113,Control
36.0583,90.447,0.291125,Control
36.06,90.439,0.291139,Control
36.0617,90.431,0.291154,Control
36.0633,90.422,0.291176,Control
36.065,90.414,0.291196,Control
36.0667,90.405,0.291215,Control
36.0683,90.397,0.291226,Control
36.07,90.388,0.291226,Control
36.0717,90.38,0.291217,Control
36.0733,90.373,0.291199,Control
36.075,90.364,0.291187,Control
36.0767,90.355,0.291179,Control
36.0783,90.347,0.291175,Control
36.08,90.339,0.291167,Control
36.0817,90.331,0.291165,Control
36.0833,90.323,0.291162,Control
36.085,90.314,0.291165,Control
36.0867,90.305,0.291164,Control
36.0883,90.297,0.291158,Control
36.09,90.288,0.29115,Control
36.0917,90.28,0.291139,Control
36.0933,90.272,0.29113,Control
36.095,90.264,0.29112,Control
36.0967,90.256,0.291108,Control
36.0983,90.247,0.291101,Control
36.1,90.239,0.291088,Control
36.1017,90.231,0.291077,Control
36.1033,90.222,0.291072,Control
36.105,90.214,0.291068,Control
36.1067,90.205,0.291055,Control
36.1083,90.197,0.291048,Control
36.11,90.188,0.291044,Control
36.1117,90.181,0.29104,Control
36.1133,90.172,0.291039,Control
36.115,90.165,0.291038,Control
36.1167,90.156,0.291039,Control
36.1183,90.148,0.291036,Control
36.12,90.139,0.291029,Control
36.1217,90.131,0.291031,Control
36.1233,90.123,0.291034,Control
36.125,90.114,0.29104,Control
36.1267,90.104,0.291051,Control
36.1283,90.097,0.291056,Control
36.13,90.089,0.291059,Control
36.1317,90.082,0.291061,Control
36.1333,90.072,0.291055,Control
36.135,90.065,0.29104,Control
36.1367,90.055,0.29102,Control
36.1383,90.047,0.290996,Control
36.14,90.039,0.290972,Control
36.1417,90.031,0.290949,Control
36.1433,90.022,0.290933,Control
36.145,90.014,0.290921,Control
36.1467,90.006,0.290904,Control
36.1483,89.997,0.290889,Control
36.15,89.988,0.290877,Control
36.1517,89.98,0.290869,Control
36.1533,89.972,0.290864,Control
36.155,89.964,0.290869,Control
36.1567,89.955,0.290883,Control
36.1583,89.947,0.290901,Control
36.16,89.939,0.290923,Control
36.1617,89.931,0.290951,Control
36.1633,89.923,0.290967,Control
36.165,89.914,0.290977,Control
36.1667,89.905,0.29098,Control
36.1683,89.898,0.290976,Control
36.17,89.889,0.290966,Control
36.1717,89.882,0.290948,Control
36.1733,89.873,0.290929,Control
36.175,89.865,0.290917,Control
36.1767,89.856,0.290908,Control
36.1783,89.847,0.290898,Control
36.18,89.84,0.290898,Control
36.1817,89.83,0.290892,Control
36.1833,89.822,0.290884,Control
36.185,89.815,0.29088,Control
36.1867,89.806,0.290871,Control
36.1883,89.797,0.29086,Control
36.19,89.79,0.290851,Control
36.1917,89.78,0.290841,Control
36.1933,89.773,0.290839,Control
36.195,89.764,0.29084,Control
36.1967,89.756,0.290835,Control
36.1983,89.747,0.290835,Control
36.2,89.738,0.290837,Control
36.2017,89.731,0.290823,Control
36.2033,89.722,0.290805,Control
36.205,89.713,0.290784,Control
36.2067,89.706,0.29077,Control
36.2083,89.697,0.290755,Control
36.21,89.689,0.29074,Control
36.2117,89.681,0.290731,Control
36.2133,89.674,0.29073,Control
36.215,89.664,0.290729,Control
36.2167,89.656,0.290733,Control
36.2183,89.646,0.290731,Control
36.22,89.638,0.290724,Control
36.2217,89.631,0.290723,Control
36.2233,89.622,0.290725,Control
36.225,89.614,0.290735,Control
36.2267,89.605,0.290746,Control
36.2283,89.597,0.29076,Control
36.23,89.589,0.290771,Control
36.2317,89.581,0.290779,Control
36.2333,89.573,0.29078,Control
36.235,89.565,0.290776,Control
36.2367,89.556,0.290759,Control
36.2383,89.548,0.290734,Control
36.24,89.539,0.290716,Control
36.2417,89.531,0.290702,Control
36.2433,89.522,0.290689,Control
36.245,89.514,0.290681,Control
36.2467,89.506,0.290678,Control
36.2483,89.497,0.290677,Control
36.25,89.489,0.290685,Control
36.2517,89.481,0.290688,Control
36.2533,89.472,0.290687,Control
36.255,89.464,0.290682,Control
36.2567,89.456,0.290673,Control
36.2583,89.447,0.29067,Control
36.26,89.438,0.290658,Control
36.2617,89.43,0.290649,Control
36.2633,89.422,0.290642,Control
36.265,89.414,0.290633,Control
36.2667,89.405,0.290619,Control
36.2683,89.398,0.290606,Control
36.27,89.388,0.290589,Control
36.2717,89.381,0.290565,Control
36.2733,89.373,0.29054,Control
36.275,89.364,0.290519,Control
36.2767,89.355,0.290503,Control
36.2783,89.349,0.290493,Control
36.28,89.339,0.290491,Control
36.2817,89.331,0.29049,Control
36.2833,89.323,0.290486,Control
36.285,89.315,0.290486,Control
36.2867,89.306,0.290484,Control
36.2883,89.298,0.290485,Control
36.29,89.29,0.29048,Control
36.2917,89.28,0.290474,Control
36.2933,89.273,0.290463,Control
36.295,89.264,0.290447,Control
36.2967,89.255,0.290441,Control
36.2983,89.248,0.290441,Control
36.3,89.238,0.290446,Control
36.3017,89.231,0.29045,Control
36.3033,89.223,0.290453,Control
36.305,89.215,0.290454,Control
36.3067,89.206,0.290451,Control
36.3083,89.197,0.29045,Control
36.31,89.189,0.290443,Control
36.3117,89.18,0.290428,Control
36.3133,89.173,0.290415,Control
36.315,89.163,0.290401,Control
36.3167,89.156,0.290389,Control
36.3183,89.148,0.290382,Control
36.32,89.139,0.290371,Control
36.3217,89.131,0.290362,Control
36.3233,89.123,0.290352,Control
36.325,89.114,0.29035,Control
36.3267,89.106,0.290343,Control
36.3283,89.098,0.29034,Control
36.33,89.09,0.290341,Control
36.3317,89.082,0.290345,Control
36.3333,89.073,0.290346,Control
36.335,89.064,0.29035,Control
36.3367,89.056,0.290358,Control
36.3383,89.048,0.290357,Control
36.34,89.04,0.290357,Control
36.3417,89.031,0.290355,Control
36.3433,89.023,0.290355,Control
36.345,89.015,0.290349,Control
36.3467,89.006,0.290334,Control
36.3483,88.998,0.290316,Control
36.35,88.989,0.290295,Control
36.3517,88.982,0.290269,Control
36.3533,88.973,0.29025,Control
36.355,88.964,0.290232,Control
36.3567,88.956,0.290214,Control
36.3583,88.948,0.290204,Control
36.36,88.94,0.290191,Control
36.3617,88.931,0.290181,Control
36.3633,88.923,0.290169,Control
36.365,88.914,0.290156,Control
36.3667,88.906,0.290147,Control
36.3683,88.898,0.290139,Control
36.37,88.889,0.290132,Control
36.3717,88.881,0.290123,Control
36.3733,88.873,0.290123,Control
36.375,88.865,0.290125,Control
36.3767,88.857,0.290132,Control
36.3783,88.848,0.290138,Control
36.38,88.839,0.290141,Control
36.3817,88.83,0.290136,Control
36.3833,88.823,0.290128,Control
36.385,88.814,0.290119,Control
36.3867,88.807,0.290112,Control
36.3883,88.798,0.290107,Control
36.39,88.79,0.2901,Control
36.3917,88.78,0.290092,Control
36.3933,88.774,0.290078,Control
36.395,88.765,0.29007,Control
36.3967,88.756,0.290066,Control
36.3983,88.748,0.29006,Control
36.4,88.739,0.290049,Control
36.4017,88.731,0.290038,Control
36.4033,88.722,0.290031,Control
36.405,88.713,0.290024,Control
36.4067,88.707,0.290026,Control
36.4083,88.698,0.290026,Control
36.41,88.689,0.290019,Control
36.4117,88.682,0.290009,Control
36.4133,88.673,0.290002,Control
36.415,88.665,0.289998,Control
36.4167,88.656,0.289995,Control
36.4183,88.647,0.289985,Control
36.42,88.639,0.289968,Control
36.4217,88.631,0.289946,Control
36.4233,88.623,0.289919,Control
36.425,88.614,0.289896,Control
36.4267,88.605,0.289863,Control
36.4283,88.599,0.289829,Control
36.43,88.59,0.289803,Control
36.4317,88.582,0.289785,Control
36.4333,88.573,0.289771,Control
36.435,88.565,0.289766,Control
36.4367,88.556,0.289767,Control
36.4383,88.548,0.289766,Control
36.44,88.539,0.289769,Control
36.4417,88.532,0.289761,Control
36.4433,88.523,0.289751,Control
36.445,88.515,0.289741,Control
36.4467,88.506,0.289734,Control
36.4483,88.498,0.289729,Control
36.45,88.49,0.289732,Control
36.4517,88.482,0.289734,Control
36.4533,88.473,0.289733,Control
36.455,88.465,0.28973,Control
36.4567,88.456,0.289721,Control
36.4583,88.448,0.289712,Control
36.46,88.439,0.289702,Control
36.4617,88.432,0.289699,Control
36.4633,88.423,0.289697,Control
36.465,88.415,0.289701,Control
36.4667,88.407,0.289715,Control
36.4683,88.399,0.289749,Control
36.47,88.391,0.289785,Control
36.4717,88.382,0.289802,Control
36.4733,88.373,0.289814,Control
36.475,88.366,0.289818,Control
36.4767,88.356,0.289813,Control
36.4783,88.349,0.289804,Control
36.48,88.34,0.289792,Control
36.4817,88.331,0.289773,Control
36.4833,88.324,0.289758,Control
36.485,88.315,0.289741,Control
36.4867,88.306,0.28973,Control
36.4883,88.298,0.289719,Control
36.49,88.29,0.289705,Control
36.4917,88.281,0.289693,Control
36.4933,88.273,0.289681,Control
36.495,88.264,0.289664,Control
36.4967,88.257,0.289652,Control
36.4983,88.249,0.289644,Control
36.5,88.239,0.289636,Control
36.5017,88.231,0.28963,Control
36.5033,88.223,0.289626,Control
36.505,88.215,0.289627,Control
36.5067,88.207,0.289627,Control
36.5083,88.197,0.289623,Control
36.51,88.19,0.289618,Control
36.5117,88.181,0.289615,Control
36.5133,88.174,0.2896,Control
36.515,88.165,0.289587,Control
36.5167,88.157,0.289575,Control
36.5183,88.148,0.289572,Control
36.52,88.14,0.289566,Control
36.5217,88.131,0.289561,Control
36.5233,88.124,0.289554,Control
36.525,88.116,0.289556,Control
36.5267,88.106,0.289551,Control
36.5283,88.099,0.289548,Control
36.53,88.09,0.289549,Control
36.5317,88.081,0.289546,Control
36.5333,88.074,0.28954,Control
36.535,88.066,0.289535,Control
36.5367,88.057,0.289531,Control
36.5383,88.048,0.289521,Control
36.54,88.039,0.289508,Control
36.5417,88.032,0.289495,Control
36.5433,88.024,0.289478,Control
36.545,88.016,0.289459,Control
36.5467,88.006,0.289442,Control
36.5483,87.999,0.289424,Control
36.55,87.991,0.289408,Control
36.5517,87.982,0.2894,Control
36.5533,87.974,0.289398,Control
36.555,87.966,0.2894,Control
36.5567,87.958,0.289405,Control
36.5583,87.948,0.289412,Control
36.56,87.94,0.289419,Control
36.5617,87.931,0.289433,Control
36.5633,87.923,0.289446,Control
36.565,87.915,0.289456,Control
36.5667,87.906,0.28946,Control
36.5683,87.898,0.289467,Control
36.57,87.89,0.289465,Control
36.5717,87.882,0.289456,Control
36.5733,87.874,0.289449,Control
36.575,87.865,0.289441,Control
36.5767,87.857,0.289432,Control
36.5783,87.848,0.289416,Control
36.58,87.84,0.289398,Control
36.5817,87.832,0.28938,Control
36.5833,87.824,0.289366,Control
36.585,87.815,0.289349,Control
36.5867,87.807,0.289348,Control
36.5883,87.799,0.28935,Control
36.59,87.791,0.289352,Control
36.5917,87.782,0.289355,Control
36.5933,87.774,0.289352,Control
36.595,87.766,0.289342,Control
36.5967,87.756,0.289337,Control
36.5983,87.749,0.289333,Control
36.6,87.74,0.289327,Control
36.6017,87.732,0.289323,Control
36.6033,87.723,0.289322,Control
36.605,87.715,0.289327,Control
36.6067,87.707,0.289338,Control
36.6083,87.699,0.289345,Control
36.61,87.69,0.289355,Control
36.6117,87.682,0.289369,Control
36.6133,87.673,0.289378,Control
36.615,87.665,0.289383,Control
36.6167,87.657,0.289394,Control
36.6183,87.648,0.289405,Control
36.62,87.64,0.289405,Control
36.6217,87.632,0.289402,Control
36.6233,87.624,0.289395,Control
36.625,87.615,0.289379,Control
36.6267,87.606,0.289344,Control
36.6283,87.599,0.289319,Control
36.63,87.59,0.289298,Control
36.6317,87.582,0.289288,Control
36.6333,87.573,0.289287,Control
36.635,87.564,0.289298,Control
36.6367,87.557,0.28931,Control
36.6383,87.549,0.289323,Control
36.64,87.541,0.289342,Control
36.6417,87.532,0.289359,Control
36.6433,87.524,0.289368,Control
36.645,87.515,0.289372,Control
36.6467,87.507,0.289369,Control
36.6483,87.499,0.289363,Control
36.65,87.491,0.28936,Control
36.6517,87.482,0.289348,Control
36.6533,87.474,0.289342,Control
36.655,87.466,0.28933,Control
36.6567,87.457,0.289325,Control
36.6583,87.449,0.289328,Control
36.66,87.441,0.289331,Control
36.6617,87.432,0.289339,Control
36.6633,87.423,0.289359,Control
36.665,87.415,0.289383,Control
36.6667,87.408,0.289401,Control
36.6683,87.399,0.289418,Control
36.67,87.391,0.289427,Control
36.6717,87.382,0.28943,Control
36.6733,87.373,0.289421,Control
36.675,87.366,0.289412,Control
36.6767,87.358,0.289403,Control
36.6783,87.35,0.289389,Control
36.68,87.341,0.289374,Control
36.6817,87.332,0.289365,Control
36.6833,87.323,0.289369,Control
36.685,87.316,0.289364,Control
36.6867,87.308,0.289359,Control
36.6883,87.299,0.289354,Control
36.69,87.29,0.289351,Control
36.6917,87.282,0.289345,Control
36.6933,87.274,0.289333,Control
36.695,87.265,0.289325,Control
36.6967,87.257,0.289317,Control
36.6983,87.248,0.289307,Control
36.7,87.24,0.2893,Control
36.7017,87.232,0.289294,Control
36.7033,87.223,0.289287,Control
36.705,87.216,0.289276,Control
36.7067,87.207,0.289266,Control
36.7083,87.199,0.28926,Control
36.71,87.19,0.289264,Control
36.7117,87.182,0.289271,Control
36.7133,87.173,0.289277,Control
36.715,87.165,0.289287,Control
36.7167,87.156,0.289295,Control
36.7183,87.148,0.289307,Control
36.72,87.141,0.289318,Control
36.7217,87.132,0.28933,Control
36.7233,87.124,0.289338,Control
36.725,87.116,0.289343,Control
36.7267,87.107,0.289338,Control
36.7283,87.098,0.289325,Control
36.73,87.09,0.289307,Control
36.7317,87.082,0.28929,Control
36.7333,87.073,0.289272,Control
36.735,87.066,0.289255,Control
36.7367,87.058,0.289238,Control
36.7383,87.049,0.289229,Control
36.74,87.039,0.289226,Control
36.7417,87.032,0.28923,Control
36.7433,87.024,0.289236,Control
36.745,87.015,0.289239,Control
36.7467,87.007,0.289237,Control
36.7483,86.998,0.289231,Control
36.75,86.99,0.289226,Control
36.7517,86.981,0.289214,Control
36.7533,86.973,0.289201,Control
36.755,86.965,0.289182,Control
36.7567,86.957,0.289161,Control
36.7583,86.949,0.289137,Control
36.76,86.941,0.289117,Control
36.7617,86.933,0.28909,Control
36.7633,86.923,0.289059,Control
36.765,86.916,0.289026,Control
36.7667,86.907,0.288999,Control
36.7683,86.899,0.288979,Control
36.77,86.891,0.288967,Control
36.7717,86.882,0.288967,Control
36.7733,86.874,0.288972,Control
36.775,86.865,0.288983,Control
36.7767,86.858,0.288995,Control
36.7783,86.85,0.289003,Control
36.78,86.841,0.289001,Control
36.7817,86.833,0.288992,Control
36.7833,86.824,0.288973,Control
36.785,86.816,0.288954,Control
36.7867,86.807,0.288941,Control
36.7883,86.799,0.288929,Control
36.79,86.792,0.288935,Control
36.7917,86.782,0.288943,Control
36.7933,86.775,0.288952,Control
36.795,86.766,0.288957,Control
36.7967,86.758,0.288958,Control
36.7983,86.749,0.288951,Control
36.8,86.741,0.288934,Control
36.8017,86.733,0.288908,Control
36.8033,86.724,0.288885,Control
36.805,86.716,0.288863,Control
36.8067,86.707,0.288845,Control
36.8083,86.699,0.288842,Control
36.81,86.691,0.288844,Control
36.8117,86.683,0.288852,Control
36.8133,86.675,0.28886,Control
36.815,86.666,0.288867,Control
36.8167,86.656,0.288865,Control
36.8183,86.649,0.288859,Control
36.82,86.641,0.288852,Control
36.8217,86.632,0.288844,Control
36.8233,86.624,0.288837,Control
36.825,86.616,0.288838,Control
36.8267,86.608,0.288842,Control
36.8283,86.598,0.288849,Control
36.83,86.59,0.28886,Control
36.8317,86.582,0.288865,Control
36.8333,86.574,0.288865,Control
36.835,86.566,0.288858,Control
36.8367,86.558,0.288851,Control
36.8383,86.549,0.288846,Control
36.84,86.542,0.288837,Control
36.8417,86.533,0.288823,Control
36.8433,86.525,0.288816,Control
36.845,86.516,0.288805,Control
36.8467,86.507,0.288803,Control
36.8483,86.499,0.288796,Control
36.85,86.491,0.288787,Control
36.8517,86.483,0.288778,Control
36.8533,86.475,0.28877,Control
36.855,86.466,0.288767,Control
36.8567,86.458,0.288769,Control
36.8583,86.448,0.288777,Control
36.86,86.441,0.288779,Control
36.8617,86.434,0.288778,Control
36.8633,86.424,0.288772,Control
36.865,86.417,0.288776,Control
36.8667,86.408,0.288787,Control
36.8683,86.4,0.288791,Control
36.87,86.392,0.288798,Control
36.8717,86.383,0.288808,Control
36.8733,86.374,0.288816,Control
36.875,86.365,0.288824,Control
36.8767,86.358,0.288827,Control
36.8783,86.35,0.288831,Control
36.88,86.341,0.288831,Control
36.8817,86.333,0.288828,Control
36.8833,86.324,0.288826,Control
36.885,86.315,0.288826,Control
36.8867,86.307,0.288821,Control
36.8883,86.299,0.288815,Control
36.89,86.291,0.288824,Control
36.8917,86.283,0.288828,Control
36.8933,86.275,0.288831,Control
36.895,86.266,0.288823,Control
36.8967,86.257,0.288815,Control
36.8983,86.249,0.288807,Control
36.9,86.241,0.288799,Control
36.9017,86.232,0.288791,Control
36.9033,86.224,0.288785,Control
36.905,86.216,0.288777,Control
36.9067,86.208,0.288768,Control
36.9083,86.2,0.288761,Control
36.91,86.191,0.288751,Control
36.9117,86.183,0.288747,Control
36.9133,86.174,0.288741,Control
36.915,86.166,0.288728,Control
36.9167,86.158,0.288711,Control
36.9183,86.149,0.288695,Control
36.92,86.141,0.288688,Control
36.9217,86.132,0.288684,Control
36.9233,86.124,0.28868,Control
36.925,86.115,0.288682,Control
36.9267,86.108,0.288686,Control
36.9283,86.1,0.288691,Control
36.93,86.092,0.28869,Control
36.9317,86.083,0.288685,Control
36.9333,86.075,0.288671,Control
36.935,86.067,0.288656,Control
36.9367,86.057,0.288645,Control
36.9383,86.05,0.288628,Control
36.94,86.042,0.288616,Control
36.9417,86.032,0.288609,Control
36.9433,86.025,0.288602,Control
36.945,86.016,0.288596,Control
36.9467,86.007,0.288597,Control
36.9483,86.001,0.288595,Control
36.95,85.991,0.288588,Control
36.9517,85.984,0.288574,Control
36.9533,85.975,0.288551,Control
36.955,85.966,0.288523,Control
36.9567,85.958,0.288501,Control
36.9583,85.949,0.288476,Control
36.96,85.941,0.288469,Control
36.9617,85.933,0.28846,Control
36.9633,85.924,0.288451,Control
36.965,85.916,0.288444,Control
36.9667,85.907,0.288438,Control
36.9683,85.9,0.288431,Control
36.97,85.891,0.288431,Control
36.9717,85.883,0.288426,Control
36.9733,85.875,0.288415,Control
36.975,85.866,0.288398,Control
36.9767,85.858,0.288374,Control
36.9783,85.849,0.288357,Control
36.98,85.842,0.28834,Control
36.9817,85.832,0.288329,Control
36.9833,85.824,0.288318,Control
36.985,85.816,0.288308,Control
36.9867,85.807,0.288302,Control
36.9883,85.799,0.2883,Control
36.99,85.791,0.288305,Control
36.9917,85.783,0.28831,Control
36.9933,85.773,0.28831,Control
36.995,85.767,0.288307,Control
36.9967,85.757,0.288307,Control
36.9983,85.75,0.288303,Control
37,85.741,0.288303,Control
37.0017,85.733,0.288297,Control
37.0033,85.725,0.28829,Control
37.005,85.717,0.288274,Control
37.0067,85.708,0.288261,Control
37.0083,85.7,0.288252,Control
37.01,85.692,0.288252,Control
37.0117,85.683,0.28825,Control
37.0133,85.675,0.288254,Control
37.015,85.667,0.288261,Control
37.0167,85.658,0.288274,Control
37.0183,85.651,0.288292,Control
37.02,85.642,0.288317,Control
37.0217,85.633,0.288333,Control
37.0233,85.626,0.288345,Control
37.025,85.617,0.28835,Control
37.0267,85.608,0.28835,Control
37.0283,85.6,0.288342,Control
37.03,85.593,0.288329,Control
37.0317,85.583,0.288315,Control
37.0333,85.575,0.288295,Control
37.035,85.567,0.288273,Control
37.0367,85.558,0.288247,Control
37.0383,85.55,0.288225,Control
37.04,85.542,0.288208,Control
37.0417,85.533,0.288199,Control
37.0433,85.525,0.288195,Control
37.045,85.516,0.288192,Control
37.0467,85.508,0.288191,Control
37.0483,85.5,0.288184,Control
37.05,85.491,0.288186,Control
37.0517,85.483,0.288188,Control
37.0533,85.475,0.288187,Control
37.055,85.467,0.288186,Control
37.0567,85.458,0.288184,Control
37.0583,85.451,0.288189,Control
37.06,85.442,0.288195,Control
37.0617,85.434,0.288208,Control
37.0633,85.425,0.288219,Control
37.065,85.417,0.288216,Control
37.0667,85.409,0.28821,Control
37.0683,85.399,0.2882,Control
37.07,85.392,0.288167,Control
37.0717,85.383,0.28814,Control
37.0733,85.376,0.288108,Control
37.075,85.367,0.288081,Control
37.0767,85.358,0.28806,Control
37.0783,85.35,0.288042,Control
37.08,85.341,0.288033,Control
37.0817,85.333,0.288035,Control
37.0833,85.325,0.288039,Control
37.085,85.316,0.288049,Control
37.0867,85.308,0.288059,Control
37.0883,85.3,0.288068,Control
37.09,85.291,0.28807,Control
37.0917,85.283,0.288067,Control
37.0933,85.275,0.288061,Control
37.095,85.267,0.28806,Control
37.0967,85.258,0.28806,Control
37.0983,85.25,0.288064,Control
37.1,85.241,0.288066,Control
37.1017,85.233,0.28807,Control
37.1033,85.225,0.288078,Control
37.105,85.216,0.288084,Control
37.1067,85.208,0.288102,Control
37.1083,85.2,0.288119,Control
37.11,85.192,0.288127,Control
37.1117,85.183,0.288133,Control
37.1133,85.175,0.288136,Control
37.115,85.166,0.28813,Control
37.1167,85.158,0.288119,Control
37.1183,85.15,0.288103,Control
37.12,85.141,0.288084,Control
37.1217,85.133,0.288065,Control
37.1233,85.126,0.288044,Control
37.125,85.117,0.288017,Control
37.1267,85.108,0.287996,Control
37.1283,85.1,0.287982,Control
37.13,85.092,0.287975,Control
37.1317,85.084,0.287972,Control
37.1333,85.075,0.287967,Control
37.135,85.066,0.287966,Control
37.1367,85.059,0.28797,Control
37.1383,85.051,0.287979,Control
37.14,85.042,0.287995,Control
37.1417,85.033,0.288011,Control
37.1433,85.026,0.288027,Control
37.145,85.016,0.288033,Control
37.1467,85.009,0.288046,Control
37.1483,85,0.288053,Control
37.15,84.992,0.288056,Control
37.1517,84.984,0.28805,Control
37.1533,84.976,0.288031,Control
37.155,84.967,0.28799,Control
37.1567,84.958,0.287969,Control
37.1583,84.95,0.287946,Control
37.16,84.942,0.28793,Control
37.1617,84.933,0.287925,Control
37.1633,84.925,0.287924,Control
37.165,84.917,0.287934,Control
37.1667,84.909,0.287947,Control
37.1683,84.901,0.287957,Control
37.17,84.891,0.287962,Control
37.1717,84.882,0.287956,Control
37.1733,84.875,0.287936,Control
37.175,84.867,0.287918,Control
37.1767,84.859,0.287901,Control
37.1783,84.85,0.287888,Control
37.18,84.841,0.287878,Control
37.1817,84.834,0.287871,Control
37.1833,84.825,0.287868,Control
37.185,84.816,0.287869,Control
37.1867,84.808,0.287866,Control
37.1883,84.8,0.287868,Control
37.19,84.791,0.287863,Control
37.1917,84.784,0.287854,Control
37.1933,84.776,0.287843,Control
37.195,84.767,0.287835,Control
37.1967,84.759,0.287821,Control
37.1983,84.749,0.28781,Control
37.2,84.742,0.287803,Control
37.2017,84.733,0.287802,Control
37.2033,84.726,0.2878,Control
37.205,84.717,0.287794,Control
37.2067,84.709,0.287797,Control
37.2083,84.7,0.287793,Control
37.21,84.692,0.2878,Control
37.2117,84.683,0.28781,Control
37.2133,84.675,0.287826,Control
37.215,84.666,0.287838,Control
37.2167,84.659,0.287845,Control
37.2183,84.65,0.287848,Control
37.22,84.642,0.287845,Control
37.2217,84.634,0.287831,Control
37.2233,84.626,0.287814,Control
37.225,84.617,0.287803,Control
37.2267,84.608,0.287782,Control
37.2283,84.599,0.287768,Control
37.23,84.592,0.287764,Control
37.2317,84.583,0.287762,Control
37.2333,84.574,0.287767,Control
37.235,84.566,0.287773,Control
37.2367,84.557,0.287774,Control
37.2383,84.55,0.287772,Control
37.24,84.541,0.287763,Control
37.2417,84.534,0.28775,Control
37.2433,84.525,0.287738,Control
37.245,84.517,0.287731,Control
37.2467,84.508,0.287735,Control
37.2483,84.5,0.287748,Control
37.25,84.491,0.287764,Control
37.2517,84.483,0.287781,Control
37.2533,84.475,0.287798,Control
37.255,84.466,0.287811,Control
37.2567,84.459,0.287823,Control
37.2583,84.45,0.287831,Control
37.26,84.442,0.287832,Control
37.2617,84.434,0.28783,Control
37.2633,84.425,0.287826,Control
37.265,84.417,0.287826,Control
37.2667,84.408,0.287818,Control
37.2683,84.401,0.2878,Control
37.27,84.392,0.28778,Control
37.2717,84.384,0.287754,Control
37.2733,84.376,0.287729,Control
37.275,84.367,0.287715,Control
37.2767,84.36,0.287707,Control
37.2783,84.351,0.287701,Control
37.28,84.342,0.287696,Control
37.2817,84.333,0.2877,Control
37.2833,84.326,0.287708,Control
37.285,84.317,0.287706,Control
37.2867,84.309,0.287698,Control
37.2883,84.3,0.287691,Control
37.29,84.291,0.287674,Control
37.2917,84.283,0.287648,Control
37.2933,84.275,0.287623,Control
37.295,84.267,0.287604,Control
37.2967,84.259,0.287589,Control
37.2983,84.251,0.287572,Control
37.3,84.242,0.287554,Control
37.3017,84.233,0.287547,Control
37.3033,84.224,0.287539,Control
37.305,84.216,0.28754,Control
37.3067,84.208,0.287547,Control
37.3083,84.2,0.287552,Control
37.31,84.192,0.287553,Control
37.3117,84.184,0.287555,Control
37.3133,84.175,0.287558,Control
37.315,84.166,0.28756,Control
37.3167,84.158,0.287557,Control
37.3183,84.15,0.287553,Control
37.32,84.142,0.287548,Control
37.3217,84.134,0.287542,Control
37.3233,84.126,0.287542,Control
37.325,84.117,0.287549,Control
37.3267,84.108,0.287554,Control
37.3283,84.101,0.287552,Control
37.33,84.09,0.287542,Control
37.3317,84.083,0.28753,Control
37.3333,84.075,0.287508,Control
37.335,84.067,0.287484,Control
37.3367,84.058,0.287468,Control
37.3383,84.051,0.287455,Control
37.34,84.041,0.287448,Control
37.3417,84.034,0.287439,Control
37.3433,84.025,0.287425,Control
37.345,84.017,0.287409,Control
37.3467,84.009,0.28739,Control
37.3483,84.001,0.287373,Control
37.35,83.992,0.287358,Control
37.3517,83.984,0.287347,Control
37.3533,83.975,0.287329,Control
37.355,83.967,0.28732,Control
37.3567,83.959,0.287315,Control
37.3583,83.951,0.28731,Control
37.36,83.941,0.287306,Control
37.3617,83.933,0.287301,Control
37.3633,83.925,0.287297,Control
37.365,83.917,0.287286,Control
37.3667,83.91,0.287273,Control
37.3683,83.899,0.28727,Control
37.37,83.892,0.28727,Control
37.3717,83.884,0.287275,Control
37.3733,83.875,0.287277,Control
37.375,83.867,0.287281,Control
37.3767,83.859,0.287281,Control
37.3783,83.852,0.287276,Control
37.38,83.842,0.28727,Control
37.3817,83.833,0.287263,Control
37.3833,83.825,0.287259,Control
37.385,83.817,0.287248,Control
37.3867,83.809,0.28724,Control
37.3883,83.8,0.28724,Control
37.39,83.792,0.287239,Control
37.3917,83.783,0.287235,Control
37.3933,83.776,0.287233,Control
37.395,83.767,0.287235,Control
37.3967,83.759,0.287225,Control
37.3983,83.75,0.287218,Control
37.4,83.743,0.287201,Control
37.4017,83.734,0.287184,Control
37.4033,83.726,0.287165,Control
37.405,83.717,0.28714,Control
37.4067,83.709,0.287121,Control
37.4083,83.701,0.287105,Control
37.41,83.692,0.287097,Control
37.4117,83.684,0.287094,Control
37.4133,83.675,0.287101,Control
37.415,83.667,0.287109,Control
37.4167,83.659,0.287118,Control
37.4183,83.65,0.287124,Control
37.42,83.642,0.28713,Control
37.4217,83.634,0.287126,Control
37.4233,83.626,0.287112,Control
37.425,83.618,0.287089,Control
37.4267,83.608,0.287065,Control
37.4283,83.601,0.287041,Control
37.43,83.592,0.28702,Control
37.4317,83.584,0.287004,Control
37.4333,83.576,0.286992,Control
37.435,83.568,0.286983,Control
37.4367,83.559,0.28698,Control
37.4383,83.551,0.286984,Control
37.44,83.542,0.286983,Control
37.4417,83.535,0.286977,Control
37.4433,83.527,0.286972,Control
37.445,83.518,0.286967,Control
37.4467,83.51,0.286954,Control
37.4483,83.501,0.286943,Control
37.45,83.493,0.28693,Control
37.4517,83.484,0.28691,Control
37.4533,83.475,0.286888,Control
37.455,83.467,0.28687,Control
37.4567,83.46,0.286858,Control
37.4583,83.452,0.286843,Control
37.46,83.442,0.286829,Control
37.4617,83.434,0.286827,Control
37.4633,83.426,0.28683,Control
37.465,83.417,0.286835,Control
37.4667,83.409,0.286847,Control
37.4683,83.401,0.286857,Control
37.47,83.392,0.28687,Control
37.4717,83.384,0.286873,Control
37.4733,83.376,0.286865,Control
37.475,83.368,0.286854,Control
37.4767,83.36,0.286838,Control
37.4783,83.351,0.286826,Control
37.48,83.342,0.286812,Control
37.4817,83.333,0.286798,Control
37.4833,83.325,0.286788,Control
37.485,83.318,0.28678,Control
37.4867,83.309,0.286778,Control
37.4883,83.301,0.286781,Control
37.49,83.292,0.28678,Control
37.4917,83.284,0.286776,Control
37.4933,83.276,0.28678,Control
37.495,83.267,0.286777,Control
37.4967,83.259,0.286784,Control
37.4983,83.251,0.286797,Control
37.5,83.243,0.286803,Control
37.5017,83.234,0.286805,Control
37.5033,83.227,0.286795,Control
37.505,83.218,0.286784,Control
37.5067,83.209,0.286773,Control
37.5083,83.201,0.286759,Control
37.51,83.192,0.286748,Control
37.5117,83.184,0.286737,Control
37.5133,83.176,0.286726,Control
37.515,83.168,0.286715,Control
37.5167,83.159,0.286706,Control
37.5183,83.15,0.286703,Control
37.52,83.143,0.2867,Control
37.5217,83.134,0.286684,Control
37.5233,83.126,0.286661,Control
37.525,83.118,0.286639,Control
37.5267,83.11,0.286622,Control
37.5283,83.101,0.286609,Control
37.53,83.093,0.286601,Control
37.5317,83.085,0.286599,Control
37.5333,83.076,0.286597,Control
37.535,83.067,0.286591,Control
37.5367,83.06,0.286587,Control
37.5383,83.051,0.286587,Control
37.54,83.042,0.286583,Control
37.5417,83.035,0.286583,Control
37.5433,83.027,0.286589,Control
37.545,83.018,0.2866,Control
37.5467,83.01,0.286602,Control
37.5483,83.002,0.286594,Control
37.55,82.993,0.286587,Control
37.5517,82.985,0.286583,Control
37.5533,82.977,0.286577,Control
37.555,82.968,0.286566,Control
37.5567,82.959,0.286555,Control
37.5583,82.952,0.286543,Control
37.56,82.944,0.286537,Control
37.5617,82.935,0.286534,Control
37.5633,82.926,0.28653,Control
37.565,82.918,0.286521,Control
37.5667,82.91,0.28651,Control
37.5683,82.901,0.286504,Control
37.57,82.893,0.286506,Control
37.5717,82.883,0.286504,Control
37.5733,82.875,0.286504,Control
37.575,82.867,0.286503,Control
37.5767,82.86,0.286504,Control
37.5783,82.851,0.286504,Control
37.58,82.844,0.286494,Control
37.5817,82.835,0.286478,Control
37.5833,82.825,0.286458,Control
37.585,82.818,0.286437,Control
37.5867,82.809,0.286426,Control
37.5883,82.801,0.286423,Control
37.59,82.793,0.286421,Control
37.5917,82.785,0.286421,Control
37.5933,82.776,0.286415,Control
37.595,82.769,0.286409,Control
37.5967,82.76,0.286407,Control
37.5983,82.752,0.286404,Control
37.6,82.743,0.286405,Control
37.6017,82.734,0.286404,Control
37.6033,82.727,0.2864,Control
37.605,82.718,0.286392,Control
37.6067,82.71,0.286375,Control
37.6083,82.702,0.286357,Control
37.61,82.694,0.286349,Control
37.6117,82.685,0.286334,Control
37.6133,82.676,0.286309,Control
37.615,82.667,0.286285,Control
37.6167,82.66,0.286269,Control
37.6183,82.651,0.286258,Control
37.62,82.642,0.286247,Control
37.6217,82.634,0.286242,Control
37.6233,82.626,0.286237,Control
37.625,82.618,0.286227,Control
37.6267,82.61,0.286217,Control
37.6283,82.601,0.286206,Control
37.63,82.593,0.286193,Control
37.6317,82.585,0.286184,Control
37.6333,82.577,0.28618,Control
37.635,82.568,0.286184,Control
37.6367,82.56,0.286186,Control
37.6383,82.551,0.286189,Control
37.64,82.543,0.286186,Control
37.6417,82.535,0.286179,Control
37.6433,82.526,0.286169,Control
37.645,82.518,0.28616,Control
37.6467,82.51,0.286151,Control
37.6483,82.502,0.28613,Control
37.65,82.494,0.286107,Control
37.6517,82.485,0.286081,Control
37.6533,82.477,0.286058,Control
37.655,82.468,0.286039,Control
37.6567,82.461,0.286012,Control
37.6583,82.451,0.285987,Control
37.66,82.443,0.285959,Control
37.6617,82.435,0.285938,Control
37.6633,82.427,0.285929,Control
37.665,82.417,0.285933,Control
37.6667,82.41,0.285939,Control
37.6683,82.403,0.285948,Control
37.67,82.394,0.285961,Control
37.6717,82.385,0.285982,Control
37.6733,82.377,0.285997,Control
37.675,82.368,0.286009,Control
37.6767,82.36,0.28602,Control
37.6783,82.352,0.286025,Control
37.68,82.343,0.286019,Control
37.6817,82.336,0.286015,Control
37.6833,82.327,0.286017,Control
37.685,82.318,0.28602,Control
37.6867,82.31,0.286024,Control
37.6883,82.303,0.286027,Control
37.69,82.294,0.28603,Control
37.6917,82.284,0.286032,Control
37.6933,82.277,0.286037,Control
37.695,82.268,0.286037,Control
37.6967,82.26,0.286031,Control
37.6983,82.251,0.286008,Control
37.7,82.244,0.285947,Control
37.7017,82.235,0.285904,Control
37.7033,82.227,0.285864,Control
37.705,82.218,0.28583,Control
37.7067,82.21,0.285808,Control
37.7083,82.202,0.285782,Control
37.71,82.194,0.285771,Control
37.7117,82.186,0.285765,Control
37.7133,82.177,0.285761,Control
37.715,82.169,0.285764,Control
37.7167,82.16,0.285766,Control
37.7183,82.153,0.285765,Control
37.72,82.144,0.285764,Control
37.7217,82.136,0.285768,Control
37.7233,82.128,0.285769,Control
37.725,82.12,0.285765,Control
37.7267,82.11,0.285759,Control
37.7283,82.102,0.285754,Control
37.73,82.093,0.285755,Control
37.7317,82.086,0.285751,Control
37.7333,82.078,0.285751,Control
37.735,82.068,0.285751,Control
37.7367,82.061,0.285747,Control
37.7383,82.052,0.285739,Control
37.74,82.043,0.285732,Control
37.7417,82.035,0.285726,Control
37.7433,82.026,0.28572,Control
37.745,82.017,0.285705,Control
37.7467,82.01,0.285688,Control
37.7483,82.002,0.285685,Control
37.75,81.992,0.28567,Control
37.7517,81.984,0.285661,Control
37.7533,81.977,0.285661,Control
37.755,81.968,0.285663,Control
37.7567,81.96,0.285663,Control
37.7583,81.951,0.28566,Control
37.76,81.942,0.28565,Control
37.7617,81.936,0.285645,Control
37.7633,81.927,0.285646,Control
37.765,81.919,0.28565,Control
37.7667,81.911,0.285663,Control
37.7683,81.902,0.285668,Control
37.77,81.894,0.285671,Control
37.7717,81.885,0.28567,Control
37.7733,81.877,0.285669,Control
37.775,81.869,0.285667,Control
37.7767,81.86,0.285658,Control
37.7783,81.853,0.285641,Control
37.78,81.843,0.285623,Control
37.7817,81.835,0.285607,Control
37.7833,81.827,0.285592,Control
37.785,81.818,0.285581,Control
37.7867,81.81,0.285578,Control
37.7883,81.802,0.285578,Control
37.79,81.793,0.285575,Control
37.7917,81.786,0.28556,Control
37.7933,81.777,0.28555,Control
37.795,81.769,0.285545,Control
37.7967,81.761,0.285541,Control
37.7983,81.753,0.285535,Control
37.8,81.743,0.285527,Control
37.8017,81.736,0.28551,Control
37.8033,81.727,0.2855,Control
37.805,81.72,0.285484,Control
37.8067,81.71,0.285467,Control
37.8083,81.703,0.285453,Control
37.81,81.693,0.285441,Control
37.8117,81.686,0.285432,Control
37.8133,81.677,0.285428,Control
37.815,81.669,0.28543,Control
37.8167,81.661,0.285443,Control
37.8183,81.652,0.285454,Control
37.82,81.644,0.285461,Control
37.8217,81.635,0.285475,Control
37.8233,81.627,0.285485,Control
37.825,81.619,0.285486,Control
37.8267,81.61,0.285471,Control
37.8283,81.602,0.285457,Control
37.83,81.593,0.285441,Control
37.8317,81.586,0.285423,Control
37.8333,81.577,0.2854,Control
37.835,81.569,0.285388,Control
37.8367,81.561,0.28538,Control
37.8383,81.552,0.285377,Control
37.84,81.544,0.28538,Control
37.8417,81.536,0.285388,Control
37.8433,81.526,0.285395,Control
37.845,81.519,0.285398,Control
37.8467,81.51,0.285397,Control
37.8483,81.502,0.285397,Control
37.85,81.494,0.285396,Control
37.8517,81.485,0.285389,Control
37.8533,81.477,0.285389,Control
37.855,81.469,0.285393,Control
37.8567,81.46,0.285398,Control
37.8583,81.453,0.285404,Control
37.86,81.444,0.285412,Control
37.8617,81.437,0.285417,Control
37.8633,81.427,0.285418,Control
37.865,81.419,0.285411,Control
37.8667,81.411,0.285403,Control
37.8683,81.403,0.285388,Control
37.87,81.394,0.285367,Control
37.8717,81.386,0.285346,Control
37.8733,81.378,0.285328,Control
37.875,81.37,0.285307,Control
37.8767,81.361,0.285291,Control
37.8783,81.352,0.285288,Control
37.88,81.344,0.285282,Control
37.8817,81.336,0.285272,Control
37.8833,81.328,0.285268,Control
37.885,81.319,0.28527,Control
37.8867,81.311,0.28527,Control
37.8883,81.302,0.285261,Control
37.89,81.294,0.285242,Control
37.8917,81.285,0.285214,Control
37.8933,81.277,0.285185,Control
37.895,81.27,0.285165,Control
37.8967,81.261,0.285156,Control
37.8983,81.252,0.285143,Control
37.9,81.245,0.285131,Control
37.9017,81.236,0.285124,Control
37.9033,81.227,0.285128,Control
37.905,81.218,0.285135,Control
37.9067,81.21,0.285146,Control
37.9083,81.202,0.285153,Control
37.91,81.193,0.285155,Control
37.9117,81.186,0.285147,Control
37.9133,81.177,0.28514,Control
37.915,81.168,0.285139,Control
37.9167,81.161,0.285129,Control
37.9183,81.153,0.285121,Control
37.92,81.144,0.285118,Control
37.9217,81.136,0.285121,Control
37.9233,81.127,0.285125,Control
37.925,81.118,0.285135,Control
37.9267,81.11,0.285143,Control
37.9283,81.103,0.285142,Control
37.93,81.094,0.285131,Control
37.9317,81.085,0.285109,Control
37.9333,81.077,0.285096,Control
37.935,81.069,0.285078,Control
37.9367,81.06,0.28506,Control
37.9383,81.053,0.285055,Control
37.94,81.044,0.285047,Control
37.9417,81.035,0.285041,Control
37.9433,81.028,0.285042,Control
37.945,81.019,0.285044,Control
37.9467,81.011,0.285041,Control
37.9483,81.002,0.285034,Control
37.95,80.993,0.285025,Control
37.9517,80.986,0.28502,Control
37.9533,80.976,0.28501,Control
37.955,80.969,0.284997,Control
37.9567,80.96,0.284986,Control
37.9583,80.951,0.284964,Control
37.96,80.944,0.284948,Control
37.9617,80.935,0.284936,Control
37.9633,80.928,0.28492,Control
37.965,80.918,0.284903,Control
37.9667,80.91,0.284889,Control
37.9683,80.902,0.284881,Control
37.97,80.893,0.284877,Control
37.9717,80.886,0.284872,Control
37.9733,80.877,0.284875,Control
37.975,80.868,0.284876,Control
37.9767,80.86,0.284875,Control
37.9783,80.852,0.284872,Control
37.98,80.844,0.284866,Control
37.9817,80.836,0.284861,Control
37.9833,80.828,0.284851,Control
37.985,80.819,0.284836,Control
37.9867,80.811,0.284819,Control
37.9883,80.803,0.284803,Control
37.99,80.795,0.284787,Control
37.9917,80.787,0.284779,Control
37.9933,80.777,0.284774,Control
37.995,80.77,0.284769,Control
37.9967,80.761,0.284756,Control
37.9983,80.752,0.28474,Control
38,80.745,0.284726,Control
38.0017,80.737,0.284717,Control
38.0033,80.728,0.284707,Control
38.005,80.719,0.2847,Control
38.0067,80.71,0.284693,Control
38.0083,80.702,0.284693,Control
38.01,80.694,0.284693,Control
38.0117,80.685,0.2847,Control
38.0133,80.677,0.284706,Control
38.015,80.67,0.284709,Control
38.0167,80.661,0.284708,Control
38.0183,80.652,0.284703,Control
38.02,80.645,0.284699,Control
38.0217,80.637,0.284692,Control
38.0233,80.627,0.28468,Control
38.025,80.619,0.284669,Control
38.0267,80.611,0.284659,Control
38.0283,80.602,0.284654,Control
38.03,80.595,0.284655,Control
38.0317,80.586,0.284651,Control
38.0333,80.577,0.284649,Control
38.035,80.569,0.284648,Control
38.0367,80.561,0.284654,Control
38.0383,80.553,0.284661,Control
38.04,80.544,0.284665,Control
38.0417,80.535,0.284668,Control
38.0433,80.527,0.284662,Control
38.045,80.519,0.284658,Control
38.0467,80.511,0.284652,Control
38.0483,80.502,0.284645,Control
38.05,80.494,0.284638,Control
38.0517,80.487,0.284631,Control
38.0533,80.476,0.284627,Control
38.055,80.469,0.284627,Control
38.0567,80.46,0.284625,Control
38.0583,80.453,0.284626,Control
38.06,80.445,0.284628,Control
38.0617,80.436,0.28463,Control
38.0633,80.428,0.284627,Control
38.065,80.418,0.284614,Control
38.0667,80.411,0.284599,Control
38.0683,80.402,0.284573,Control
38.07,80.394,0.284546,Control
38.0717,80.386,0.284524,Control
38.0733,80.378,0.28451,Control
38.075,80.369,0.284502,Control
38.0767,80.361,0.284499,Control
38.0783,80.353,0.2845,Control
38.08,80.345,0.2845,Control
38.0817,80.335,0.284498,Control
38.0833,80.329,0.284498,Control
38.085,80.32,0.2845,Control
38.0867,80.31,0.284497,Control
38.0883,80.302,0.284489,Control
38.09,80.295,0.284477,Control
38.0917,80.286,0.284461,Control
38.0933,80.277,0.284441,Control
38.095,80.27,0.284419,Control
38.0967,80.261,0.284403,Control
38.0983,80.253,0.28439,Control
38.1,80.245,0.284379,Control
38.1017,80.236,0.284373,Control
38.1033,80.227,0.284373,Control
38.105,80.22,0.284375,Control
38.1067,80.211,0.284377,Control
38.1083,80.202,0.284383,Control
38.11,80.194,0.284381,Control
38.1117,80.186,0.284381,Control
38.1133,80.178,0.284381,Control
38.115,80.17,0.284388,Control
38.1167,80.161,0.284394,Control
38.1183,80.152,0.284403,Control
38.12,80.144,0.284411,Control
38.1217,80.136,0.284418,Control
38.1233,80.129,0.284417,Control
38.125,80.12,0.28441,Control
38.1267,80.112,0.284396,Control
38.1283,80.103,0.284384,Control
38.13,80.095,0.284367,Control
38.1317,80.085,0.284348,Control
38.1333,80.078,0.284327,Control
38.135,80.07,0.284303,Control
38.1367,80.062,0.284283,Control
38.1383,80.052,0.284264,Control
38.14,80.045,0.284246,Control
38.1417,80.036,0.284233,Control
38.1433,80.027,0.28422,Control
38.145,80.019,0.284213,Control
38.1467,80.012,0.284213,Control
38.1483,80.003,0.284217,Control
38.15,79.995,0.284222,Control
38.1517,79.986,0.284224,Control
38.1533,79.979,0.284223,Control
38.155,79.97,0.284223,Control
38.1567,79.961,0.284219,Control
38.1583,79.953,0.284219,Control
38.16,79.945,0.284225,Control
38.1617,79.936,0.284237,Control
38.1633,79.928,0.284247,Control
38.165,79.92,0.28425,Control
38.1667,79.912,0.284249,Control
38.1683,79.904,0.284247,Control
38.17,79.896,0.284236,Control
38.1717,79.886,0.284213,Control
38.1733,79.879,0.28419,Control
38.175,79.87,0.284167,Control
38.1767,79.861,0.284148,Control
38.1783,79.853,0.284135,Control
38.18,79.845,0.284123,Control
38.1817,79.836,0.284116,Control
38.1833,79.828,0.284118,Control
38.185,79.819,0.284128,Control
38.1867,79.811,0.284138,Control
38.1883,79.803,0.284141,Control
38.19,79.794,0.284135,Control
38.1917,79.787,0.284125,Control
38.1933,79.778,0.284115,Control
38.195,79.77,0.28411,Control
38.1967,79.761,0.284105,Control
38.1983,79.753,0.284093,Control
38.2,79.744,0.28408,Control
38.2017,79.736,0.284069,Control
38.2033,79.728,0.284054,Control
38.205,79.72,0.284034,Control
38.2067,79.711,0.284024,Control
38.2083,79.704,0.284019,Control
38.21,79.695,0.284008,Control
38.2117,79.686,0.28399,Control
38.2133,79.678,0.283979,Control
38.215,79.669,0.283974,Control
38.2167,79.662,0.283974,Control
38.2183,79.652,0.283972,Control
38.22,79.643,0.283968,Control
38.2217,79.637,0.283958,Control
38.2233,79.628,0.283936,Control
38.225,79.619,0.283923,Control
38.2267,79.612,0.283919,Control
38.2283,79.604,0.283913,Control
38.23,79.595,0.283912,Control
38.2317,79.587,0.283917,Control
38.2333,79.579,0.283922,Control
38.235,79.57,0.283929,Control
38.2367,79.561,0.283939,Control
38.2383,79.554,0.283943,Control
38.24,79.545,0.283938,Control
38.2417,79.536,0.283934,Control
38.2433,79.528,0.283927,Control
38.245,79.52,0.28392,Control
38.2467,79.512,0.283913,Control
38.2483,79.504,0.283908,Control
38.25,79.495,0.283907,Control
38.2517,79.487,0.283905,Control
38.2533,79.478,0.283901,Control
38.255,79.47,0.283896,Control
38.2567,79.461,0.283889,Control
38.2583,79.454,0.283878,Control
38.26,79.445,0.283871,Control
38.2617,79.436,0.283867,Control
38.2633,79.428,0.283856,Control
38.265,79.42,0.283846,Control
38.2667,79.411,0.283836,Control
38.2683,79.403,0.283835,Control
38.27,79.395,0.283831,Control
38.2717,79.387,0.28383,Control
38.2733,79.378,0.283834,Control
38.275,79.371,0.283838,Control
38.2767,79.361,0.283832,Control
38.2783,79.354,0.283823,Control
38.28,79.345,0.28382,Control
38.2817,79.335,0.283814,Control
38.2833,79.328,0.283799,Control
38.285,79.319,0.283784,Control
38.2867,79.311,0.283773,Control
38.2883,79.303,0.283757,Control
38.29,79.295,0.283733,Control
38.2917,79.287,0.283718,Control
38.2933,79.278,0.283718,Control
38.295,79.27,0.283718,Control
38.2967,79.262,0.283724,Control
38.2983,79.254,0.283741,Control
38.3,79.246,0.283808,Control
38.3017,79.237,0.283875,Control
38.3033,79.229,0.283919,Control
38.305,79.22,0.28394,Control
38.3067,79.213,0.283953,Control
38.3083,79.204,0.283952,Control
38.31,79.194,0.283939,Control
38.3117,79.187,0.283924,Control
38.3133,79.178,0.283907,Control
38.315,79.171,0.283889,Control
38.3167,79.162,0.283872,Control
38.3183,79.154,0.283868,Control
38.32,79.145,0.283868,Control
38.3217,79.138,0.283875,Control
38.3233,79.129,0.283884,Control
38.325,79.12,0.283896,Control
38.3267,79.112,0.283901,Control
38.3283,79.104,0.283903,Control
38.33,79.095,0.283899,Control
38.3317,79.087,0.283889,Control
38.3333,79.079,0.283879,Control
38.335,79.07,0.283866,Control
38.3367,79.062,0.283866,Control
38.3383,79.054,0.283862,Control
38.34,79.046,0.283858,Control
38.3417,79.038,0.283855,Control
38.3433,79.029,0.283853,Control
38.345,79.02,0.28385,Control
38.3467,79.013,0.283844,Control
38.3483,79.004,0.283827,Control
38.35,78.996,0.283817,Control
38.3517,78.987,0.283804,Control
38.3533,78.98,0.283792,Control
38.355,78.97,0.283784,Control
38.3567,78.963,0.283777,Control
38.3583,78.954,0.283773,Control
38.36,78.945,0.28377,Control
38.3617,78.936,0.283764,Control
38.3633,78.93,0.283754,Control
38.365,78.922,0.283739,Control
38.3667,78.912,0.283719,Control
38.3683,78.903,0.283706,Control
38.37,78.895,0.283696,Control
38.3717,78.886,0.283685,Control
38.3733,78.878,0.283681,Control
38.375,78.87,0.283683,Control
38.3767,78.862,0.283689,Control
38.3783,78.854,0.283701,Control
38.38,78.846,0.283712,Control
38.3817,78.838,0.283716,Control
38.3833,78.829,0.283712,Control
38.385,78.82,0.283705,Control
38.3867,78.812,0.283693,Control
38.3883,78.804,0.283682,Control
38.39,78.796,0.283668,Control
38.3917,78.787,0.28365,Control
38.3933,78.779,0.283631,Control
38.395,78.77,0.283615,Control
38.3967,78.762,0.283609,Control
38.3983,78.754,0.283611,Control
38.4,78.746,0.28361,Control
38.4017,78.737,0.283602,Control
38.4033,78.729,0.283597,Control
38.405,78.72,0.283595,Control
38.4067,78.712,0.283594,Control
38.4083,78.704,0.283598,Control
38.41,78.696,0.283597,Control
38.4117,78.687,0.283595,Control
38.4133,78.679,0.283592,Control
38.415,78.67,0.283587,Control
38.4167,78.662,0.283584,Control
38.4183,78.654,0.283572,Control
38.42,78.646,0.283557,Control
38.4217,78.637,0.283546,Control
38.4233,78.629,0.283532,Control
38.425,78.62,0.28352,Control
38.4267,78.612,0.283518,Control
38.4283,78.603,0.283516,Control
38.43,78.596,0.283513,Control
38.4317,78.588,0.283505,Control
38.4333,78.579,0.283501,Control
38.435,78.571,0.2835,Control
38.4367,78.562,0.283505,Control
38.4383,78.553,0.283511,Control
38.44,78.546,0.283519,Control
38.4417,78.537,0.283525,Control
38.4433,78.53,0.283525,Control
38.445,78.521,0.283525,Control
38.4467,78.512,0.283528,Control
38.4483,78.503,0.283526,Control
38.45,78.496,0.283519,Control
38.4517,78.487,0.283512,Control
38.4533,78.479,0.283502,Control
38.455,78.47,0.283498,Control
38.4567,78.462,0.283505,Control
38.4583,78.454,0.283517,Control
38.46,78.446,0.283522,Control
38.4617,78.438,0.283525,Control
38.4633,78.43,0.283525,Control
38.465,78.421,0.283525,Control
38.4667,78.412,0.283528,Control
38.4683,78.404,0.283531,Control
38.47,78.395,0.283535,Control
38.4717,78.388,0.283537,Control
38.4733,78.379,0.283535,Control
38.475,78.369,0.283535,Control
38.4767,78.362,0.283534,Control
38.4783,78.354,0.283527,Control
38.48,78.345,0.283523,Control
38.4817,78.337,0.28352,Control
38.4833,78.329,0.283518,Control
38.485,78.321,0.283516,Control
38.4867,78.312,0.283516,Control
38.4883,78.304,0.283517,Control
38.49,78.296,0.283514,Control
38.4917,78.287,0.283506,Control
38.4933,78.278,0.283499,Control
38.495,78.271,0.283487,Control
38.4967,78.262,0.283477,Control
38.4983,78.254,0.283465,Control
38.5,78.246,0.283458,Control
38.5017,78.238,0.283451,Control
38.5033,78.228,0.283443,Control
38.505,78.221,0.283437,Control
38.5067,78.213,0.283432,Control
38.5083,78.204,0.283423,Control
38.51,78.195,0.283412,Control
38.5117,78.187,0.283399,Control
38.5133,78.179,0.283385,Control
38.515,78.171,0.283379,Control
38.5167,78.162,0.283372,Control
38.5183,78.153,0.283361,Control
38.52,78.146,0.283353,Control
38.5217,78.137,0.28335,Control
38.5233,78.129,0.283355,Control
38.525,78.12,0.283362,Control
38.5267,78.112,0.283366,Control
38.5283,78.104,0.283372,Control
38.53,78.096,0.283374,Control
38.5317,78.087,0.283372,Control
38.5333,78.079,0.283378,Control
38.535,78.071,0.28339,Control
38.5367,78.063,0.283403,Control
38.5383,78.053,0.283418,Control
38.54,78.047,0.283431,Control
38.5417,78.038,0.283436,Control
38.5433,78.029,0.283438,Control
38.545,78.021,0.283435,Control
38.5467,78.013,0.283427,Control
38.5483,78.005,0.283411,Control
38.55,77.996,0.283388,Control
38.5517,77.988,0.283353,Control
38.5533,77.98,0.28334,Control
38.555,77.971,0.283336,Control
38.5567,77.963,0.283341,Control
38.5583,77.955,0.283351,Control
38.56,77.947,0.283356,Control
38.5617,77.938,0.28336,Control
38.5633,77.93,0.283362,Control
38.565,77.921,0.283367,Control
38.5667,77.912,0.28337,Control
38.5683,77.905,0.283381,Control
38.57,77.895,0.283383,Control
38.5717,77.888,0.283386,Control
38.5733,77.879,0.283388,Control
38.575,77.871,0.283386,Control
38.5767,77.863,0.283379,Control
38.5783,77.854,0.283364,Control
38.58,77.846,0.283348,Control
38.5817,77.838,0.283331,Control
38.5833,77.83,0.283314,Control
38.585,77.821,0.283297,Control
38.5867,77.812,0.283291,Control
38.5883,77.805,0.283289,Control
38.59,77.796,0.28329,Control
38.5917,77.788,0.2833,Control
38.5933,77.779,0.283312,Control
38.595,77.771,0.283321,Control
38.5967,77.762,0.283327,Control
38.5983,77.754,0.283334,Control
38.6,77.746,0.283341,Control
38.6017,77.738,0.283349,Control
38.6033,77.73,0.283351,Control
38.605,77.721,0.283348,Control
38.6067,77.712,0.283344,Control
38.6083,77.705,0.283336,Control
38.61,77.695,0.283328,Control
38.6117,77.687,0.283325,Control
38.6133,77.679,0.283326,Control
38.615,77.671,0.283331,Control
38.6167,77.662,0.283339,Control
38.6183,77.655,0.283356,Control
38.62,77.646,0.283387,Control
38.6217,77.637,0.283421,Control
38.6233,77.629,0.28344,Control
38.625,77.621,0.283451,Control
38.6267,77.614,0.283455,Control
38.6283,77.604,0.283452,Control
38.63,77.596,0.283441,Control
38.6317,77.588,0.283433,Control
38.6333,77.58,0.283427,Control
38.635,77.572,0.283428,Control
38.6367,77.563,0.283432,Control
38.6383,77.555,0.283438,Control
38.64,77.547,0.283442,Control
38.6417,77.537,0.283452,Control
38.6433,77.53,0.283462,Control
38.645,77.522,0.283464,Control
38.6467,77.512,0.283456,Control
38.6483,77.505,0.283449,Control
38.65,77.495,0.283442,Control
38.6517,77.487,0.28344,Control
38.6533,77.479,0.283436,Control
38.655,77.471,0.283438,Control
38.6567,77.463,0.283439,Control
38.6583,77.455,0.283433,Control
38.66,77.447,0.283428,Control
38.6617,77.437,0.283427,Control
38.6633,77.429,0.283424,Control
38.665,77.42,0.283421,Control
38.6667,77.412,0.283419,Control
38.6683,77.404,0.283429,Control
38.67,77.396,0.283434,Control
38.6717,77.388,0.283439,Control
38.6733,77.379,0.283444,Control
38.675,77.371,0.283439,Control
38.6767,77.363,0.283429,Control
38.6783,77.355,0.283412,Control
38.68,77.347,0.283398,Control
38.6817,77.339,0.283387,Control
38.6833,77.329,0.283382,Control
38.685,77.321,0.28338,Control
38.6867,77.313,0.283378,Control
38.6883,77.304,0.283375,Control
38.69,77.296,0.283376,Control
38.6917,77.288,0.283378,Control
38.6933,77.279,0.283377,Control
38.695,77.271,0.283377,Control
38.6967,77.263,0.283368,Control
38.6983,77.254,0.283358,Control
38.7,77.246,0.28335,Control
38.7017,77.238,0.283348,Control
38.7033,77.229,0.28335,Control
38.705,77.221,0.283355,Control
38.7067,77.214,0.283371,Control
38.7083,77.206,0.283386,Control
38.71,77.197,0.283397,Control
38.7117,77.188,0.283402,Control
38.7133,77.18,0.2834,Control
38.715,77.171,0.283395,Control
38.7167,77.164,0.283386,Control
38.7183,77.155,0.283372,Control
38.72,77.146,0.283359,Control
38.7217,77.138,0.283344,Control
38.7233,77.129,0.283338,Control
38.725,77.121,0.283346,Control
38.7267,77.112,0.283361,Control
38.7283,77.105,0.283372,Control
38.73,77.096,0.28338,Control
38.7317,77.089,0.28339,Control
38.7333,77.079,0.283392,Control
38.735,77.072,0.283381,Control
38.7367,77.063,0.283355,Control
38.7383,77.054,0.283331,Control
38.74,77.047,0.283308,Control
38.7417,77.037,0.283285,Control
38.7433,77.03,0.283267,Control
38.745,77.022,0.283259,Control
38.7467,77.012,0.283261,Control
38.7483,77.005,0.283263,Control
38.75,76.997,0.283268,Control
38.7517,76.987,0.28328,Control
38.7533,76.98,0.283287,Control
38.755,76.971,0.283281,Control
38.7567,76.964,0.283272,Control
38.7583,76.954,0.283274,Control
38.76,76.946,0.283279,Control
38.7617,76.938,0.283277,Control
38.7633,76.93,0.283271,Control
38.765,76.922,0.283267,Control
38.7667,76.912,0.283265,Control
38.7683,76.904,0.283264,Control
38.77,76.895,0.283261,Control
38.7717,76.887,0.283252,Control
38.7733,76.879,0.283234,Control
38.775,76.871,0.283214,Control
38.7767,76.863,0.2832,Control
38.7783,76.855,0.283199,Control
38.78,76.846,0.283203,Control
38.7817,76.838,0.283208,Control
38.7833,76.829,0.283212,Control
38.785,76.821,0.283217,Control
38.7867,76.813,0.283226,Control
38.7883,76.804,0.283231,Control
38.79,76.795,0.283229,Control
38.7917,76.788,0.283222,Control
38.7933,76.779,0.283212,Control
38.795,76.771,0.283202,Control
38.7967,76.762,0.283198,Control
38.7983,76.754,0.283196,Control
38.8,76.747,0.283202,Control
38.8017,76.738,0.283209,Control
38.8033,76.729,0.28321,Control
38.805,76.721,0.283212,Control
38.8067,76.713,0.283205,Control
38.8083,76.705,0.283199,Control
38.81,76.697,0.283181,Control
38.8117,76.687,0.283162,Control
38.8133,76.68,0.283144,Control
38.815,76.672,0.283123,Control
38.8167,76.664,0.283098,Control
38.8183,76.655,0.283074,Control
38.82,76.646,0.283053,Control
38.8217,76.639,0.28303,Control
38.8233,76.63,0.283011,Control
38.825,76.622,0.282996,Control
38.8267,76.613,0.282987,Control
38.8283,76.604,0.282975,Control
38.83,76.596,0.282968,Control
38.8317,76.588,0.28297,Control
38.8333,76.579,0.282973,Control
38.835,76.571,0.282962,Control
38.8367,76.564,0.282945,Control
38.8383,76.555,0.28293,Control
38.84,76.546,0.282915,Control
38.8417,76.538,0.282908,Control
38.8433,76.53,0.282897,Control
38.845,76.522,0.282881,Control
38.8467,76.513,0.282875,Control
38.8483,76.504,0.282874,Control
38.85,76.497,0.282872,Control
38.8517,76.488,0.282874,Control
38.8533,76.48,0.282863,Control
38.855,76.472,0.282844,Control
38.8567,76.464,0.282823,Control
38.8583,76.455,0.282811,Control
38.86,76.447,0.2828,Control
38.8617,76.437,0.282786,Control
38.8633,76.43,0.282775,Control
38.865,76.421,0.28277,Control
38.8667,76.413,0.282772,Control
38.8683,76.405,0.28277,Control
38.87,76.396,0.282772,Control
38.8717,76.389,0.282775,Control
38.8733,76.381,0.28278,Control
38.875,76.372,0.282785,Control
38.8767,76.363,0.28279,Control
38.8783,76.354,0.282786,Control
38.88,76.347,0.282785,Control
38.8817,76.337,0.282784,Control
38.8833,76.331,0.282778,Control
38.885,76.322,0.282767,Control
38.8867,76.313,0.282758,Control
38.8883,76.305,0.282751,Control
38.89,76.297,0.282736,Control
38.8917,76.288,0.282719,Control
38.8933,76.28,0.282698,Control
38.895,76.272,0.282675,Control
38.8967,76.264,0.282652,Control
38.8983,76.255,0.282632,Control
38.9,76.247,0.282615,Control
38.9017,76.239,0.282604,Control
38.9033,76.23,0.2826,Control
38.905,76.222,0.282603,Control
38.9067,76.214,0.282616,Control
38.9083,76.205,0.282624,Control
38.91,76.197,0.282633,Control
38.9117,76.189,0.282642,Control
38.9133,76.18,0.28264,Control
38.915,76.173,0.282627,Control
38.9167,76.164,0.28261,Control
38.9183,76.155,0.282591,Control
38.92,76.147,0.28257,Control
38.9217,76.139,0.282543,Control
38.9233,76.13,0.282517,Control
38.925,76.122,0.282496,Control
38.9267,76.114,0.282487,Control
38.9283,76.106,0.282482,Control
38.93,76.096,0.282479,Control
38.9317,76.089,0.282487,Control
38.9333,76.08,0.282492,Control
38.935,76.072,0.282501,Control
38.9367,76.064,0.282508,Control
38.9383,76.055,0.282514,Control
38.94,76.047,0.282518,Control
38.9417,76.038,0.282519,Control
38.9433,76.03,0.28252,Control
38.945,76.021,0.282516,Control
38.9467,76.014,0.282507,Control
38.9483,76.005,0.2825,Control
38.95,75.997,0.2825,Control
38.9517,75.988,0.282496,Control
38.9533,75.98,0.28248,Control
38.955,75.971,0.28246,Control
38.9567,75.963,0.282436,Control
38.9583,75.955,0.282417,Control
38.96,75.946,0.282401,Control
38.9617,75.938,0.282393,Control
38.9633,75.929,0.282382,Control
38.965,75.921,0.28237,Control
38.9667,75.913,0.282364,Control
38.9683,75.905,0.28236,Control
38.97,75.897,0.282353,Control
38.9717,75.888,0.282345,Control
38.9733,75.88,0.282341,Control
38.975,75.871,0.282338,Control
38.9767,75.863,0.282342,Control
38.9783,75.855,0.282341,Control
38.98,75.846,0.28234,Control
38.9817,75.837,0.282333,Control
38.9833,75.83,0.282329,Control
38.985,75.822,0.28233,Control
38.9867,75.813,0.28233,Control
38.9883,75.805,0.282327,Control
38.99,75.798,0.282318,Control
38.9917,75.788,0.282305,Control
38.9933,75.781,0.28229,Control
38.995,75.771,0.282272,Control
38.9967,75.762,0.282253,Control
38.9983,75.755,0.282235,Control
39,75.747,0.282213,Control
39.0017,75.738,0.282199,Control
39.0033,75.73,0.282186,Control
39.005,75.722,0.282179,Control
39.0067,75.713,0.282178,Control
39.0083,75.705,0.282184,Control
39.01,75.696,0.282188,Control
39.0117,75.687,0.282192,Control
39.0133,75.68,0.282196,Control
39.015,75.671,0.282201,Control
39.0167,75.663,0.282201,Control
39.0183,75.654,0.282194,Control
39.02,75.647,0.282181,Control
39.0217,75.638,0.282164,Control
39.0233,75.629,0.282145,Control
39.025,75.622,0.282125,Control
39.0267,75.613,0.282114,Control
39.0283,75.605,0.282106,Control
39.03,75.597,0.282097,Control
39.0317,75.589,0.282093,Control
39.0333,75.58,0.282091,Control
39.035,75.572,0.282084,Control
39.0367,75.564,0.28207,Control
39.0383,75.555,0.28205,Control
39.04,75.547,0.282027,Control
39.0417,75.538,0.282006,Control
39.0433,75.53,0.281978,Control
39.045,75.522,0.281952,Control
39.0467,75.513,0.281936,Control
39.0483,75.505,0.281929,Control
39.05,75.497,0.281916,Control
39.0517,75.489,0.281905,Control
39.0533,75.481,0.281891,Control
39.055,75.471,0.281874,Control
39.0567,75.463,0.28185,Control
39.0583,75.456,0.281833,Control
39.06,75.446,0.281829,Control
39.0617,75.438,0.281828,Control
39.0633,75.43,0.281824,Control
39.065,75.422,0.281827,Control
39.0667,75.414,0.281836,Control
39.0683,75.406,0.28184,Control
39.07,75.396,0.281838,Control
39.0717,75.389,0.281835,Control
39.0733,75.38,0.281818,Control
39.075,75.371,0.281796,Control
39.0767,75.363,0.281756,Control
39.0783,75.355,0.281729,Control
39.08,75.347,0.281708,Control
39.0817,75.339,0.281688,Control
39.0833,75.33,0.281676,Control
39.085,75.322,0.281655,Control
39.0867,75.314,0.281634,Control
39.0883,75.306,0.281619,Control
39.09,75.297,0.281611,Control
39.0917,75.289,0.281612,Control
39.0933,75.282,0.281607,Control
39.095,75.272,0.281587,Control
39.0967,75.264,0.281567,Control
39.0983,75.257,0.281566,Control
39.1,75.248,0.281576,Control
39.1017,75.239,0.281585,Control
39.1033,75.23,0.281587,Control
39.105,75.222,0.281585,Control
39.1067,75.214,0.281585,Control
39.1083,75.206,0.281584,Control
39.11,75.198,0.281586,Control
39.1117,75.189,0.281583,Control
39.1133,75.182,0.281573,Control
39.115,75.173,0.281558,Control
39.1167,75.165,0.281543,Control
39.1183,75.156,0.281523,Control
39.12,75.147,0.281503,Control
39.1217,75.139,0.281475,Control
39.1233,75.131,0.281432,Control
39.125,75.122,0.281398,Control
39.1267,75.114,0.281365,Control
39.1283,75.106,0.281343,Control
39.13,75.098,0.281327,Control
39.1317,75.088,0.281314,Control
39.1333,75.081,0.281317,Control
39.135,75.072,0.281322,Control
39.1367,75.065,0.28133,Control
39.1383,75.056,0.281354,Control
39.14,75.047,0.281394,Control
39.1417,75.039,0.281424,Control
39.1433,75.031,0.281458,Control
39.145,75.023,0.281477,Control
39.1467,75.015,0.281486,Control
39.1483,75.005,0.281479,Control
39.15,74.997,0.281462,Control
39.1517,74.989,0.281441,Control
39.1533,74.98,0.281417,Control
39.155,74.972,0.281391,Control
39.1567,74.965,0.281374,Control
39.1583,74.956,0.281363,Control
39.16,74.947,0.281359,Control
39.1617,74.938,0.281365,Control
39.1633,74.931,0.281379,Control
39.165,74.921,0.281391,Control
39.1667,74.914,0.281396,Control
39.1683,74.906,0.281399,Control
39.17,74.897,0.281399,Control
39.1717,74.889,0.28139,Control
39.1733,74.88,0.281387,Control
39.175,74.873,0.281392,Control
39.1767,74.864,0.281395,Control
39.1783,74.855,0.281402,Control
39.18,74.848,0.281404,Control
39.1817,74.839,0.281401,Control
39.1833,74.831,0.2814,Control
39.185,74.822,0.281394,Control
39.1867,74.814,0.281389,Control
39.1883,74.805,0.281382,Control
39.19,74.798,0.281369,Control
39.1917,74.788,0.281359,Control
39.1933,74.781,0.281354,Control
39.195,74.773,0.281354,Control
39.1967,74.765,0.28136,Control
39.1983,74.756,0.281366,Control
39.2,74.748,0.281367,Control
39.2017,74.74,0.281367,Control
39.2033,74.731,0.28136,Control
39.205,74.722,0.281352,Control
39.2067,74.715,0.281338,Control
39.2083,74.705,0.281316,Control
39.21,74.697,0.281297,Control
39.2117,74.688,0.281285,Control
39.2133,74.679,0.281276,Control
39.215,74.673,0.281268,Control
39.2167,74.664,0.281262,Control
39.2183,74.656,0.281265,Control
39.22,74.647,0.281276,Control
39.2217,74.638,0.281283,Control
39.2233,74.63,0.281295,Control
39.225,74.622,0.281307,Control
39.2267,74.614,0.281307,Control
39.2283,74.605,0.281309,Control
39.23,74.597,0.28131,Control
39.2317,74.589,0.28131,Control
39.2333,74.581,0.281305,Control
39.235,74.572,0.281299,Control
39.2367,74.564,0.281289,Control
39.2383,74.556,0.281285,Control
39.24,74.547,0.281274,Control
39.2417,74.539,0.281266,Control
39.2433,74.531,0.281262,Control
39.245,74.523,0.281251,Control
39.2467,74.514,0.281243,Control
39.2483,74.505,0.281237,Control
39.25,74.497,0.281228,Control
39.2517,74.489,0.281218,Control
39.2533,74.481,0.281218,Control
39.255,74.473,0.281216,Control
39.2567,74.464,0.281209,Control
39.2583,74.455,0.281203,Control
39.26,74.448,0.281196,Control
39.2617,74.439,0.281193,Control
39.2633,74.43,0.281187,Control
39.265,74.422,0.28118,Control
39.2667,74.414,0.281161,Control
39.2683,74.405,0.281139,Control
39.27,74.397,0.281118,Control
39.2717,74.388,0.281107,Control
39.2733,74.38,0.28111,Control
39.275,74.371,0.281111,Control
39.2767,74.364,0.281113,Control
39.2783,74.355,0.281118,Control
39.28,74.348,0.281119,Control
39.2817,74.339,0.281122,Control
39.2833,74.331,0.28113,Control
39.285,74.322,0.281128,Control
39.2867,74.314,0.281125,Control
39.2883,74.306,0.281119,Control
39.29,74.297,0.281114,Control
39.2917,74.288,0.281111,Control
39.2933,74.28,0.281104,Control
39.295,74.271,0.281095,Control
39.2967,74.264,0.281088,Control
39.2983,74.255,0.281081,Control
39.3,74.247,0.281073,Control
39.3017,74.239,0.281071,Control
39.3033,74.23,0.281073,Control
39.305,74.221,0.281072,Control
39.3067,74.213,0.281076,Control
39.3083,74.205,0.281083,Control
39.31,74.197,0.281098,Control
39.3117,74.189,0.281104,Control
39.3133,74.181,0.281108,Control
39.315,74.172,0.281109,Control
39.3167,74.164,0.281117,Control
39.3183,74.155,0.281123,Control
39.32,74.146,0.281129,Control
39.3217,74.139,0.281134,Control
39.3233,74.13,0.281132,Control
39.325,74.122,0.281128,Control
39.3267,74.114,0.281119,Control
39.3283,74.104,0.281106,Control
39.33,74.097,0.281093,Control
39.3317,74.088,0.281076,Control
39.3333,74.079,0.281059,Control
39.335,74.072,0.281046,Control
39.3367,74.064,0.281032,Control
39.3383,74.056,0.281019,Control
39.34,74.046,0.281005,Control
39.3417,74.039,0.280998,Control
39.3433,74.031,0.280983,Control
39.345,74.022,0.280966,Control
39.3467,74.014,0.280924,Control
39.3483,74.005,0.2809,Control
39.35,73.997,0.280881,Control
39.3517,73.989,0.280869,Control
39.3533,73.981,0.280861,Control
39.355,73.973,0.280852,Control
39.3567,73.964,0.280839,Control
39.3583,73.955,0.280829,Control
39.36,73.947,0.280816,Control
39.3617,73.939,0.280803,Control
39.3633,73.93,0.280788,Control
39.365,73.923,0.280763,Control
39.3667,73.914,0.280739,Control
39.3683,73.905,0.280714,Control
39.37,73.898,0.280683,Control
39.3717,73.889,0.280655,Control
39.3733,73.881,0.28063,Control
39.375,73.873,0.280605,Control
39.3767,73.864,0.280587,Control
39.3783,73.855,0.28056,Control
39.38,73.847,0.28054,Control
39.3817,73.838,0.280525,Control
39.3833,73.831,0.280512,Control
39.385,73.822,0.280509,Control
39.3867,73.814,0.280516,Control
39.3883,73.805,0.280524,Control
39.39,73.797,0.280535,Control
39.3917,73.79,0.280543,Control
39.3933,73.78,0.280554,Control
39.395,73.773,0.280562,Control
39.3967,73.763,0.280561,Control
39.3983,73.756,0.280555,Control
39.4,73.748,0.280547,Control
39.4017,73.739,0.280534,Control
39.4033,73.731,0.280518,Control
39.405,73.723,0.280499,Control
39.4067,73.714,0.280486,Control
39.4083,73.707,0.280476,Control
39.41,73.696,0.280473,Control
39.4117,73.689,0.280478,Control
39.4133,73.681,0.280482,Control
39.415,73.672,0.280492,Control
39.4167,73.664,0.280501,Control
39.4183,73.656,0.280511,Control
39.42,73.647,0.280517,Control
39.4217,73.639,0.280512,Control
39.4233,73.631,0.280496,Control
39.425,73.622,0.280486,Control
39.4267,73.614,0.280472,Control
39.4283,73.606,0.280466,Control
39.43,73.597,0.280459,Control
39.4317,73.589,0.280452,Control
39.4333,73.581,0.280442,Control
39.435,73.573,0.280432,Control
39.4367,73.565,0.28042,Control
39.4383,73.556,0.280416,Control
39.44,73.548,0.280412,Control
39.4417,73.54,0.280401,Control
39.4433,73.531,0.280391,Control
39.445,73.522,0.280384,Control
39.4467,73.514,0.280388,Control
39.4483,73.505,0.2804,Control
39.45,73.498,0.280415,Control
39.4517,73.489,0.280428,Control
39.4533,73.482,0.280438,Control
39.455,73.473,0.280446,Control
39.4567,73.465,0.280451,Control
39.4583,73.457,0.280452,Control
39.46,73.447,0.280446,Control
39.4617,73.44,0.280423,Control
39.4633,73.432,0.280356,Control
39.465,73.423,0.280195,Control
39.4667,73.415,0.280108,Control
39.4683,73.406,0.280046,Control
39.47,73.399,0.280007,Control
39.4717,73.39,0.279985,Control
39.4733,73.382,0.279965,Control
39.475,73.373,0.279941,Control
39.4767,73.364,0.279927,Control
39.4783,73.356,0.27992,Control
39.48,73.349,0.279907,Control
39.4817,73.34,0.279897,Control
39.4833,73.331,0.279878,Control
39.485,73.324,0.279867,Control
39.4867,73.315,0.279854,Control
39.4883,73.306,0.27985,Control
39.49,73.297,0.279857,Control
39.4917,73.289,0.27987,Control
39.4933,73.281,0.279882,Control
39.495,73.273,0.279892,Control
39.4967,73.265,0.27991,Control
39.4983,73.256,0.279931,Control
39.5,73.247,0.279957,Control
39.5017,73.239,0.279976,Control
39.5033,73.231,0.279983,Control
39.505,73.223,0.279988,Control
39.5067,73.213,0.279988,Control
39.5083,73.207,0.279985,Control
39.51,73.197,0.279979,Control
39.5117,73.189,0.279968,Control
39.5133,73.181,0.279951,Control
39.515,73.174,0.279934,Control
39.5167,73.164,0.279919,Control
39.5183,73.156,0.279904,Control
39.52,73.147,0.279885,Control
39.5217,73.139,0.279868,Control
39.5233,73.132,0.279866,Control
39.525,73.122,0.279861,Control
39.5267,73.115,0.279862,Control
39.5283,73.106,0.279871,Control
39.53,73.097,0.27988,Control
39.5317,73.089,0.279883,Control
39.5333,73.081,0.279884,Control
39.535,73.073,0.279881,Control
39.5367,73.065,0.279875,Control
39.5383,73.057,0.279861,Control
39.54,73.047,0.279848,Control
39.5417,73.039,0.279843,Control
39.5433,73.031,0.279843,Control
39.545,73.023,0.279846,Control
39.5467,73.014,0.279849,Control
39.5483,73.006,0.279846,Control
39.55,72.997,0.279836,Control
39.5517,72.989,0.279819,Control
39.5533,72.981,0.279799,Control
39.555,72.973,0.279775,Control
39.5567,72.965,0.279742,Control
39.5583,72.957,0.279687,Control
39.56,72.949,0.279659,Control
39.5617,72.94,0.279638,Control
39.5633,72.932,0.279623,Control
39.565,72.924,0.279609,Control
39.5667,72.915,0.279595,Control
39.5683,72.905,0.279577,Control
39.57,72.899,0.279561,Control
39.5717,72.889,0.279542,Control
39.5733,72.881,0.279532,Control
39.575,72.873,0.279522,Control
39.5767,72.865,0.279509,Control
39.5783,72.857,0.279506,Control
39.58,72.848,0.279511,Control
39.5817,72.841,0.279536,Control
39.5833,72.831,0.27955,Control
39.585,72.824,0.279557,Control
39.5867,72.816,0.279557,Control
39.5883,72.807,0.279553,Control
39.59,72.798,0.279539,Control
39.5917,72.79,0.279524,Control
39.5933,72.782,0.279509,Control
39.595,72.773,0.27949,Control
39.5967,72.765,0.279481,Control
39.5983,72.756,0.279479,Control
39.6,72.748,0.279478,Control
39.6017,72.739,0.279477,Control
39.6033,72.731,0.279478,Control
39.605,72.723,0.27948,Control
39.6067,72.714,0.279485,Control
39.6083,72.707,0.279485,Control
39.61,72.697,0.279486,Control
39.6117,72.69,0.279484,Control
39.6133,72.681,0.279476,Control
39.615,72.673,0.279467,Control
39.6167,72.665,0.279469,Control
39.6183,72.657,0.279466,Control
39.62,72.648,0.27946,Control
39.6217,72.641,0.279449,Control
39.6233,72.632,0.279436,Control
39.625,72.624,0.279421,Control
39.6267,72.615,0.279406,Control
39.6283,72.608,0.279394,Control
39.63,72.599,0.27938,Control
39.6317,72.59,0.27936,Control
39.6333,72.583,0.279343,Control
39.635,72.574,0.279335,Control
39.6367,72.565,0.27933,Control
39.6383,72.557,0.279333,Control
39.64,72.549,0.279342,Control
39.6417,72.54,0.279348,Control
39.6433,72.531,0.279347,Control
39.645,72.522,0.279342,Control
39.6467,72.515,0.279337,Control
39.6483,72.507,0.279327,Control
39.65,72.498,0.279311,Control
39.6517,72.49,0.279295,Control
39.6533,72.481,0.279278,Control
39.655,72.473,0.279257,Control
39.6567,72.465,0.27924,Control
39.6583,72.456,0.279228,Control
39.66,72.448,0.279215,Control
39.6617,72.441,0.279202,Control
39.6633,72.431,0.279191,Control
39.665,72.424,0.279182,Control
39.6667,72.416,0.279184,Control
39.6683,72.406,0.279185,Control
39.67,72.399,0.27919,Control
39.6717,72.391,0.2792,Control
39.6733,72.382,0.279207,Control
39.675,72.374,0.279207,Control
39.6767,72.364,0.279204,Control
39.6783,72.356,0.279206,Control
39.68,72.348,0.279203,Control
39.6817,72.34,0.279198,Control
39.6833,72.332,0.279196,Control
39.685,72.323,0.279201,Control
39.6867,72.314,0.279208,Control
39.6883,72.307,0.279212,Control
39.69,72.299,0.279217,Control
39.6917,72.29,0.279223,Control
39.6933,72.282,0.279229,Control
39.695,72.274,0.279226,Control
39.6967,72.265,0.27922,Control
39.6983,72.256,0.279205,Control
39.7,72.249,0.279185,Control
39.7017,72.24,0.279166,Control
39.7033,72.233,0.279152,Control
39.705,72.224,0.279145,Control
39.7067,72.215,0.279137,Control
39.7083,72.208,0.279131,Control
39.71,72.199,0.279132,Control
39.7117,72.19,0.279136,Control
39.7133,72.181,0.279137,Control
39.715,72.174,0.279132,Control
39.7167,72.165,0.279126,Control
39.7183,72.157,0.279118,Control
39.72,72.149,0.27911,Control
39.7217,72.14,0.279092,Control
39.7233,72.131,0.279075,Control
39.725,72.124,0.279057,Control
39.7267,72.115,0.279041,Control
39.7283,72.107,0.279025,Control
39.73,72.098,0.279019,Control
39.7317,72.089,0.279014,Control
39.7333,72.082,0.279008,Control
39.735,72.073,0.279003,Control
39.7367,72.065,0.279,Control
39.7383,72.057,0.278993,Control
39.74,72.049,0.278978,Control
39.7417,72.041,0.278955,Control
39.7433,72.032,0.27893,Control
39.745,72.024,0.278902,Control
39.7467,72.015,0.278873,Control
39.7483,72.007,0.278855,Control
39.75,71.999,0.278849,Control
39.7517,71.991,0.278847,Control
39.7533,71.983,0.278848,Control
39.755,71.974,0.278851,Control
39.7567,71.966,0.278859,Control
39.7583,71.958,0.278871,Control
39.76,71.95,0.278871,Control
39.7617,71.941,0.278869,Control
39.7633,71.932,0.278859,Control
39.765,71.924,0.278845,Control
39.7667,71.915,0.278829,Control
39.7683,71.907,0.278816,Control
39.77,71.898,0.278798,Control
39.7717,71.89,0.27878,Control
39.7733,71.882,0.278762,Control
39.775,71.873,0.278748,Control
39.7767,71.865,0.278744,Control
39.7783,71.857,0.278744,Control
39.78,71.848,0.27875,Control
39.7817,71.84,0.278754,Control
39.7833,71.832,0.278764,Control
39.785,71.824,0.278772,Control
39.7867,71.815,0.278777,Control
39.7883,71.807,0.278777,Control
39.79,71.798,0.278773,Control
39.7917,71.79,0.278763,Control
39.7933,71.781,0.278754,Control
39.795,71.773,0.278745,Control
39.7967,71.765,0.27874,Control
39.7983,71.757,0.278732,Control
39.8,71.749,0.278727,Control
39.8017,71.74,0.278723,Control
39.8033,71.732,0.278722,Control
39.805,71.724,0.278723,Control
39.8067,71.715,0.278726,Control
39.8083,71.707,0.278721,Control
39.81,71.698,0.278722,Control
39.8117,71.691,0.278719,Control
39.8133,71.683,0.278724,Control
39.815,71.674,0.278724,Control
39.8167,71.665,0.278719,Control
39.8183,71.658,0.27871,Control
39.82,71.649,0.278709,Control
39.8217,71.641,0.278709,Control
39.8233,71.632,0.278709,Control
39.825,71.624,0.278714,Control
39.8267,71.615,0.27871,Control
39.8283,71.607,0.278709,Control
39.83,71.599,0.278704,Control
39.8317,71.59,0.278703,Control
39.8333,71.582,0.278707,Control
39.835,71.573,0.278707,Control
39.8367,71.566,0.278701,Control
39.8383,71.557,0.278697,Control
39.84,71.548,0.278693,Control
39.8417,71.54,0.278689,Control
39.8433,71.533,0.278691,Control
39.845,71.524,0.278693,Control
39.8467,71.515,0.278688,Control
39.8483,71.506,0.278679,Control
39.85,71.499,0.278666,Control
39.8517,71.49,0.278654,Control
39.8533,71.483,0.27864,Control
39.855,71.474,0.278623,Control
39.8567,71.466,0.278609,Control
39.8583,71.457,0.278597,Control
39.86,71.448,0.278586,Control
39.8617,71.44,0.278581,Control
39.8633,71.432,0.278589,Control
39.865,71.424,0.278591,Control
39.8667,71.416,0.2786,Control
39.8683,71.407,0.278611,Control
39.87,71.399,0.278618,Control
39.8717,71.391,0.278627,Control
39.8733,71.381,0.278632,Control
39.875,71.374,0.278634,Control
39.8767,71.366,0.278639,Control
39.8783,71.357,0.27864,Control
39.88,71.349,0.278633,Control
39.8817,71.34,0.278628,Control
39.8833,71.331,0.278618,Control
39.885,71.324,0.278613,Control
39.8867,71.315,0.27861,Control
39.8883,71.307,0.278614,Control
39.89,71.299,0.278617,Control
39.8917,71.29,0.278623,Control
39.8933,71.281,0.278629,Control
39.895,71.273,0.278638,Control
39.8967,71.265,0.278645,Control
39.8983,71.257,0.278638,Control
39.9,71.249,0.278628,Control
39.9017,71.24,0.278611,Control
39.9033,71.231,0.278593,Control
39.905,71.224,0.27857,Control
39.9067,71.215,0.278551,Control
39.9083,71.206,0.278534,Control
39.91,71.198,0.278522,Control
39.9117,71.191,0.278519,Control
39.9133,71.181,0.278522,Control
39.915,71.175,0.278523,Control
39.9167,71.165,0.278525,Control
39.9183,71.157,0.27853,Control
39.92,71.148,0.278537,Control
39.9217,71.14,0.278544,Control
39.9233,71.131,0.278539,Control
39.925,71.123,0.278528,Control
39.9267,71.115,0.278513,Control
39.9283,71.107,0.278509,Control
39.93,71.099,0.278516,Control
39.9317,71.09,0.278523,Control
39.9333,71.081,0.278524,Control
39.935,71.074,0.278512,Control
39.9367,71.066,0.278505,Control
39.9383,71.057,0.278499,Control
39.94,71.048,0.278489,Control
39.9417,71.041,0.27847,Control
39.9433,71.032,0.278447,Control
39.945,71.024,0.278424,Control
39.9467,71.016,0.278409,Control
39.9483,71.008,0.278397,Control
39.95,70.998,0.278393,Control
39.9517,70.99,0.278386,Control
39.9533,70.982,0.278375,Control
39.955,70.975,0.278356,Control
39.9567,70.966,0.278338,Control
39.9583,70.958,0.278319,Control
39.96,70.949,0.278302,Control
39.9617,70.941,0.278285,Control
39.9633,70.933,0.27827,Control
39.965,70.924,0.278259,Control
39.9667,70.916,0.278252,Control
39.9683,70.907,0.278245,Control
39.97,70.899,0.278238,Control
39.9717,70.891,0.278223,Control
39.9733,70.882,0.278204,Control
39.975,70.873,0.278185,Control
39.9767,70.866,0.278165,Control
39.9783,70.857,0.278146,Control
39.98,70.85,0.278129,Control
39.9817,70.841,0.278116,Control
39.9833,70.833,0.278106,Control
39.985,70.824,0.278101,Control
39.9867,70.816,0.278098,Control
39.9883,70.807,0.278098,Control
39.99,70.799,0.278093,Control
39.9917,70.792,0.278087,Control
39.9933,70.784,0.278089,Control
39.995,70.775,0.278098,Control
39.9967,70.766,0.27811,Control
39.9983,70.757,0.278116,Control
40,70.748,0.278115,Control
40.0017,70.741,0.278106,Control
40.0033,70.733,0.278098,Control
40.005,70.724,0.27808,Control
40.0067,70.715,0.27806,Control
40.0083,70.707,0.27804,Control
40.01,70.699,0.278018,Control
40.0117,70.691,0.278004,Control
40.0133,70.682,0.277991,Control
40.015,70.674,0.277983,Control
40.0167,70.666,0.277978,Control
40.0183,70.657,0.277971,Control
40.02,70.648,0.277971,Control
40.0217,70.641,0.277972,Control
40.0233,70.633,0.27797,Control
40.025,70.624,0.277964,Control
40.0267,70.616,0.277958,Control
40.0283,70.608,0.277954,Control
40.03,70.599,0.277946,Control
40.0317,70.591,0.27793,Control
40.0333,70.583,0.277914,Control
40.035,70.574,0.277899,Control
40.0367,70.566,0.277875,Control
40.0383,70.558,0.277865,Control
40.04,70.549,0.277861,Control
40.0417,70.54,0.277862,Control
40.0433,70.532,0.277859,Control
40.045,70.524,0.277858,Control
40.0467,70.515,0.277862,Control
40.0483,70.507,0.27786,Control
40.05,70.498,0.277858,Control
40.0517,70.491,0.277865,Control
40.0533,70.483,0.277867,Control
40.055,70.473,0.277861,Control
40.0567,70.466,0.27786,Control
40.0583,70.457,0.277871,Control
40.06,70.449,0.277887,Control
40.0617,70.441,0.277913,Control
40.0633,70.433,0.277932,Control
40.065,70.424,0.277943,Control
40.0667,70.416,0.277945,Control
40.0683,70.408,0.277942,Control
40.07,70.4,0.277945,Control
40.0717,70.391,0.277942,Control
40.0733,70.383,0.277932,Control
40.075,70.375,0.277917,Control
40.0767,70.366,0.277903,Control
40.0783,70.358,0.277884,Control
40.08,70.35,0.277868,Control
40.0817,70.341,0.277852,Control
40.0833,70.334,0.277835,Control
40.085,70.324,0.277808,Control
40.0867,70.315,0.277784,Control
40.0883,70.307,0.277756,Control
40.09,70.299,0.277731,Control
40.0917,70.292,0.277711,Control
40.0933,70.282,0.277697,Control
40.095,70.275,0.277684,Control
40.0967,70.266,0.277675,Control
40.0983,70.258,0.277672,Control
40.1,70.249,0.277669,Control
40.1017,70.241,0.277674,Control
40.1033,70.234,0.277683,Control
40.105,70.224,0.277696,Control
40.1067,70.215,0.27771,Control
40.1083,70.207,0.27773,Control
40.11,70.199,0.277745,Control
40.1117,70.191,0.277755,Control
40.1133,70.182,0.277757,Control
40.115,70.173,0.277752,Control
40.1167,70.166,0.277743,Control
40.1183,70.158,0.277736,Control
40.12,70.149,0.27772,Control
40.1217,70.141,0.277705,Control
40.1233,70.132,0.277688,Control
40.125,70.124,0.277671,Control
40.1267,70.115,0.277667,Control
40.1283,70.108,0.277666,Control
40.13,70.099,0.277664,Control
40.1317,70.09,0.277662,Control
40.1333,70.083,0.277656,Control
40.135,70.074,0.277652,Control
40.1367,70.066,0.277649,Control
40.1383,70.057,0.27764,Control
40.14,70.048,0.27763,Control
40.1417,70.041,0.277621,Control
40.1433,70.033,0.277605,Control
40.145,70.024,0.277598,Control
40.1467,70.015,0.277595,Control
40.1483,70.008,0.277587,Control
40.15,70,0.27759,Control
40.1517,69.992,0.277591,Control
40.1533,69.982,0.277593,Control
40.155,69.974,0.277599,Control
40.1567,69.966,0.277597,Control
40.1583,69.957,0.277587,Control
40.16,69.949,0.277571,Control
40.1617,69.941,0.277552,Control
40.1633,69.934,0.277544,Control
40.165,69.924,0.277541,Control
40.1667,69.916,0.277541,Control
40.1683,69.908,0.277542,Control
40.17,69.9,0.277548,Control
40.1717,69.891,0.277561,Control
40.1733,69.882,0.27758,Control
40.175,69.874,0.27759,Control
40.1767,69.865,0.277596,Control
40.1783,69.857,0.277597,Control
40.18,69.849,0.277601,Control
40.1817,69.84,0.277605,Control
40.1833,69.833,0.277605,Control
40.185,69.824,0.277595,Control
40.1867,69.816,0.277581,Control
40.1883,69.808,0.27756,Control
40.19,69.8,0.277543,Control
40.1917,69.79,0.277524,Control
40.1933,69.782,0.277469,Control
40.195,69.774,0.277403,Control
40.1967,69.766,0.277316,Control
40.1983,69.758,0.277261,Control
40.2,69.75,0.277234,Control
40.2017,69.741,0.27721,Control
40.2033,69.733,0.277192,Control
40.205,69.724,0.277183,Control
40.2067,69.716,0.277181,Control
40.2083,69.707,0.277186,Control
40.21,69.699,0.277199,Control
40.2117,69.691,0.277224,Control
40.2133,69.682,0.277238,Control
40.215,69.675,0.277253,Control
40.2167,69.666,0.277265,Control
40.2183,69.658,0.277274,Control
40.22,69.649,0.277272,Control
40.2217,69.64,0.277271,Control
40.2233,69.633,0.27726,Control
40.225,69.623,0.277246,Control
40.2267,69.615,0.277238,Control
40.2283,69.607,0.277234,Control
40.23,69.599,0.27723,Control
40.2317,69.592,0.277229,Control
40.2333,69.581,0.277239,Control
40.235,69.574,0.277247,Control
40.2367,69.566,0.277255,Control
40.2383,69.558,0.277256,Control
40.24,69.549,0.277249,Control
40.2417,69.54,0.277234,Control
40.2433,69.533,0.277213,Control
40.245,69.524,0.277188,Control
40.2467,69.516,0.277166,Control
40.2483,69.507,0.277145,Control
40.25,69.499,0.277131,Control
40.2517,69.491,0.277129,Control
40.2533,69.482,0.277134,Control
40.255,69.474,0.277136,Control
40.2567,69.466,0.277136,Control
40.2583,69.457,0.277134,Control
40.26,69.449,0.277136,Control
40.2617,69.44,0.27714,Control
40.2633,69.433,0.277138,Control
40.265,69.425,0.277132,Control
40.2667,69.417,0.277127,Control
40.2683,69.407,0.27712,Control
40.27,69.4,0.277114,Control
40.2717,69.392,0.277113,Control
40.2733,69.383,0.27711,Control
40.275,69.374,0.277107,Control
40.2767,69.366,0.277096,Control
40.2783,69.357,0.277084,Control
40.28,69.349,0.277069,Control
40.2817,69.341,0.277048,Control
40.2833,69.333,0.277026,Control
40.285,69.325,0.277012,Control
40.2867,69.317,0.276998,Control
40.2883,69.307,0.276982,Control
40.29,69.3,0.276972,Control
40.2917,69.292,0.276974,Control
40.2933,69.283,0.276987,Control
40.295,69.274,0.277001,Control
40.2967,69.267,0.277009,Control
40.2983,69.258,0.277009,Control
40.3,69.25,0.277003,Control
40.3017,69.24,0.276987,Control
40.3033,69.233,0.276968,Control
40.305,69.225,0.276932,Control
40.3067,69.217,0.276881,Control
40.3083,69.208,0.276826,Control
40.31,69.2,0.276797,Control
40.3117,69.191,0.276773,Control
40.3133,69.183,0.276763,Control
40.315,69.174,0.276753,Control
40.3167,69.166,0.276747,Control
40.3183,69.158,0.276741,Control
40.32,69.149,0.27674,Control
40.3217,69.14,0.276741,Control
40.3233,69.133,0.276731,Control
40.325,69.124,0.276723,Control
40.3267,69.117,0.27671,Control
40.3283,69.107,0.276702,Control
40.33,69.099,0.2767,Control
40.3317,69.092,0.276704,Control
40.3333,69.082,0.276711,Control
40.335,69.075,0.276723,Control
40.3367,69.067,0.27673,Control
40.3383,69.058,0.276736,Control
40.34,69.05,0.276749,Control
40.3417,69.041,0.276756,Control
40.3433,69.034,0.276758,Control
40.345,69.025,0.276751,Control
40.3467,69.016,0.276735,Control
40.3483,69.008,0.276715,Control
40.35,68.999,0.276693,Control
40.3517,68.992,0.276675,Control
40.3533,68.983,0.276652,Control
40.355,68.975,0.276625,Control
40.3567,68.966,0.276597,Control
40.3583,68.956,0.276576,Control
40.36,68.949,0.276565,Control
40.3617,68.94,0.276552,Control
40.3633,68.933,0.276539,Control
40.365,68.925,0.276526,Control
40.3667,68.916,0.276516,Control
40.3683,68.908,0.276507,Control
40.37,68.9,0.276501,Control
40.3717,68.891,0.276501,Control
40.3733,68.883,0.276509,Control
40.375,68.875,0.276518,Control
40.3767,68.866,0.276518,Control
40.3783,68.858,0.276516,Control
40.38,68.85,0.276505,Control
40.3817,68.842,0.27648,Control
40.3833,68.833,0.276454,Control
40.385,68.825,0.276409,Control
40.3867,68.816,0.276363,Control
40.3883,68.807,0.276256,Control
40.39,68.8,0.276216,Control
40.3917,68.792,0.276197,Control
40.3933,68.784,0.276187,Control
40.395,68.776,0.276182,Control
40.3967,68.767,0.276174,Control
40.3983,68.759,0.276161,Control
40.4,68.751,0.276155,Control
40.4017,68.742,0.276153,Control
40.4033,68.733,0.276157,Control
40.405,68.725,0.276159,Control
40.4067,68.717,0.276148,Control
40.4083,68.709,0.276134,Control
40.41,68.7,0.276121,Control
40.4117,68.692,0.276112,Control
40.4133,68.684,0.276098,Control
40.415,68.675,0.276086,Control
40.4167,68.667,0.276077,Control
40.4183,68.659,0.276068,Control
40.42,68.65,0.276057,Control
40.4217,68.641,0.27605,Control
40.4233,68.634,0.276048,Control
40.425,68.626,0.276047,Control
40.4267,68.616,0.276054,Control
40.4283,68.61,0.276059,Control
40.43,68.6,0.276066,Control
40.4317,68.591,0.276072,Control
40.4333,68.583,0.276076,Control
40.435,68.575,0.276074,Control
40.4367,68.567,0.276074,Control
40.4383,68.559,0.276068,Control
40.44,68.551,0.276064,Control
40.4417,68.543,0.276053,Control
40.4433,68.534,0.276046,Control
40.445,68.525,0.27605,Control
40.4467,68.517,0.276053,Control
40.4483,68.509,0.276057,Control
40.45,68.501,0.276062,Control
40.4517,68.492,0.276065,Control
40.4533,68.485,0.276059,Control
40.455,68.475,0.276044,Control
40.4567,68.467,0.276027,Control
40.4583,68.459,0.276009,Control
40.46,68.45,0.275983,Control
40.4617,68.442,0.275963,Control
40.4633,68.434,0.27595,Control
40.465,68.426,0.275939,Control
40.4667,68.417,0.275931,Control
40.4683,68.409,0.27593,Control
40.47,68.401,0.275933,Control
40.4717,68.392,0.275938,Control
40.4733,68.384,0.275943,Control
40.475,68.376,0.275971,Control
40.4767,68.368,0.276001,Control
40.4783,68.358,0.276014,Control
40.48,68.351,0.276029,Control
40.4817,68.343,0.276044,Control
40.4833,68.334,0.276054,Control
40.485,68.326,0.276062,Control
40.4867,68.317,0.276065,Control
40.4883,68.309,0.276066,Control
40.49,68.301,0.276054,Control
40.4917,68.292,0.27605,Control
40.4933,68.284,0.276054,Control
40.495,68.276,0.276057,Control
40.4967,68.268,0.276054,Control
40.4983,68.259,0.27604,Control
40.5,68.251,0.276032,Control
40.5017,68.242,0.276027,Control
40.5033,68.235,0.276023,Control
40.505,68.227,0.276019,Control
40.5067,68.216,0.276017,Control
40.5083,68.209,0.276011,Control
40.51,68.201,0.276007,Control
40.5117,68.192,0.276008,Control
40.5133,68.185,0.276004,Control
40.515,68.177,0.276001,Control
40.5167,68.168,0.275992,Control
40.5183,68.158,0.275985,Control
40.52,68.152,0.275988,Control
40.5217,68.142,0.275993,Control
40.5233,68.133,0.276004,Control
40.525,68.126,0.276019,Control
40.5267,68.118,0.27603,Control
40.5283,68.109,0.276034,Control
40.53,68.101,0.276037,Control
40.5317,68.093,0.276032,Control
40.5333,68.084,0.276027,Control
40.535,68.075,0.276027,Control
40.5367,68.068,0.276024,Control
40.5383,68.059,0.276017,Control
40.54,68.051,0.276018,Control
40.5417,68.043,0.276026,Control
40.5433,68.034,0.27604,Control
40.545,68.025,0.27605,Control
40.5467,68.017,0.276056,Control
40.5483,68.01,0.276066,Control
40.55,68.002,0.276071,Control
40.5517,67.992,0.276073,Control
40.5533,67.983,0.276078,Control
40.555,67.976,0.276076,Control
40.5567,67.967,0.276065,Control
40.5583,67.959,0.276054,Control
40.56,67.951,0.276044,Control
40.5617,67.942,0.276036,Control
40.5633,67.934,0.276028,Control
40.565,67.926,0.276021,Control
40.5667,67.917,0.276012,Control
40.5683,67.909,0.276007,Control
40.57,67.901,0.276009,Control
40.5717,67.893,0.276008,Control
40.5733,67.884,0.276007,Control
40.575,67.876,0.276,Control
40.5767,67.866,0.275994,Control
40.5783,67.858,0.275989,Control
40.58,67.85,0.275982,Control
40.5817,67.842,0.275978,Control
40.5833,67.833,0.275981,Control
40.585,67.826,0.275984,Control
40.5867,67.817,0.275987,Control
40.5883,67.81,0.275984,Control
40.59,67.801,0.275978,Control
40.5917,67.792,0.275973,Control
40.5933,67.784,0.275968,Control
40.595,67.776,0.275966,Control
40.5967,67.767,0.27596,Control
40.5983,67.759,0.275952,Control
40.6,67.751,0.275946,Control
40.6017,67.742,0.275944,Control
40.6033,67.734,0.275946,Control
40.605,67.726,0.275948,Control
40.6067,67.718,0.275953,Control
40.6083,67.709,0.275956,Control
40.61,67.701,0.275958,Control
40.6117,67.693,0.275951,Control
40.6133,67.685,0.27594,Control
40.615,67.676,0.27593,Control
40.6167,67.668,0.275923,Control
40.6183,67.66,0.275918,Control
40.62,67.651,0.27591,Control
40.6217,67.643,0.275901,Control
40.6233,67.635,0.275892,Control
40.625,67.626,0.275893,Control
40.6267,67.618,0.275903,Control
40.6283,67.609,0.275917,Control
40.63,67.601,0.275929,Control
40.6317,67.593,0.275935,Control
40.6333,67.585,0.275943,Control
40.635,67.577,0.275937,Control
40.6367,67.568,0.275926,Control
40.6383,67.56,0.275912,Control
40.64,67.551,0.275895,Control
40.6417,67.543,0.275878,Control
40.6433,67.534,0.27587,Control
40.645,67.526,0.275863,Control
40.6467,67.519,0.275866,Control
40.6483,67.51,0.275877,Control
40.65,67.501,0.275892,Control
40.6517,67.493,0.275909,Control
40.6533,67.485,0.275927,Control
40.655,67.477,0.275941,Control
40.6567,67.468,0.275942,Control
40.6583,67.459,0.275948,Control
40.66,67.452,0.27595,Control
40.6617,67.443,0.275951,Control
40.6633,67.434,0.275941,Control
40.665,67.426,0.275926,Control
40.6667,67.417,0.275908,Control
40.6683,67.409,0.275895,Control
40.67,67.401,0.275888,Control
40.6717,67.392,0.275887,Control
40.6733,67.385,0.275889,Control
40.675,67.376,0.275889,Control
40.6767,67.367,0.275892,Control
40.6783,67.36,0.275891,Control
40.68,67.351,0.275891,Control
40.6817,67.343,0.275895,Control
40.6833,67.334,0.275898,Control
40.685,67.326,0.275899,Control
40.6867,67.316,0.275905,Control
40.6883,67.309,0.275915,Control
40.69,67.302,0.275924,Control
40.6917,67.293,0.275929,Control
40.6933,67.284,0.275931,Control
40.695,67.276,0.275931,Control
40.6967,67.268,0.27592,Control
40.6983,67.259,0.275904,Control
40.7,67.252,0.275889,Control
40.7017,67.244,0.275877,Control
40.7033,67.234,0.275873,Control
40.705,67.226,0.275872,Control
40.7067,67.217,0.275877,Control
40.7083,67.209,0.275883,Control
40.71,67.201,0.275885,Control
40.7117,67.194,0.27589,Control
40.7133,67.184,0.275887,Control
40.715,67.176,0.27588,Control
40.7167,67.169,0.275868,Control
40.7183,67.159,0.275854,Control
40.72,67.152,0.275843,Control
40.7217,67.143,0.275831,Control
40.7233,67.135,0.275817,Control
40.725,67.127,0.2758,Control
40.7267,67.118,0.275783,Control
40.7283,67.108,0.275776,Control
40.73,67.101,0.275771,Control
40.7317,67.092,0.275768,Control
40.7333,67.084,0.275766,Control
40.735,67.075,0.275769,Control
40.7367,67.068,0.275773,Control
40.7383,67.059,0.27578,Control
40.74,67.051,0.275781,Control
40.7417,67.042,0.275768,Control
40.7433,67.036,0.275754,Control
40.745,67.026,0.275745,Control
40.7467,67.019,0.275743,Control
40.7483,67.01,0.275744,Control
40.75,67.001,0.275752,Control
40.7517,66.993,0.275761,Control
40.7533,66.985,0.275775,Control
40.755,66.976,0.275789,Control
40.7567,66.968,0.275807,Control
40.7583,66.961,0.275823,Control
40.76,66.951,0.275826,Control
40.7617,66.943,0.275826,Control
40.7633,66.935,0.275818,Control
40.765,66.926,0.275805,Control
40.7667,66.918,0.275789,Control
40.7683,66.91,0.275771,Control
40.77,66.901,0.275755,Control
40.7717,66.893,0.275742,Control
40.7733,66.885,0.275731,Control
40.775,66.876,0.275723,Control
40.7767,66.867,0.275723,Control
40.7783,66.86,0.275723,Control
40.78,66.851,0.275725,Control
40.7817,66.843,0.275718,Control
40.7833,66.835,0.275705,Control
40.785,66.826,0.275685,Control
40.7867,66.819,0.275664,Control
40.7883,66.809,0.27565,Control
40.79,66.801,0.27564,Control
40.7917,66.792,0.275635,Control
40.7933,66.784,0.275636,Control
40.795,66.776,0.275638,Control
40.7967,66.768,0.275641,Control
40.7983,66.76,0.275649,Control
40.8,66.751,0.275657,Control
40.8017,66.744,0.275659,Control
40.8033,66.735,0.275656,Control
40.805,66.727,0.275649,Control
40.8067,66.718,0.275638,Control
40.8083,66.71,0.275625,Control
40.81,66.701,0.275613,Control
40.8117,66.693,0.275607,Control
40.8133,66.685,0.275611,Control
40.815,66.676,0.275614,Control
40.8167,66.668,0.275616,Control
40.8183,66.66,0.275623,Control
40.82,66.651,0.275634,Control
40.8217,66.643,0.27565,Control
40.8233,66.635,0.275658,Control
40.825,66.627,0.275662,Control
40.8267,66.619,0.275653,Control
40.8283,66.61,0.275647,Control
40.83,66.602,0.275647,Control
40.8317,66.593,0.275647,Control
40.8333,66.585,0.275641,Control
40.835,66.576,0.275632,Control
40.8367,66.569,0.275627,Control
40.8383,66.561,0.275623,Control
40.84,66.552,0.275618,Control
40.8417,66.542,0.275611,Control
40.8433,66.535,0.275602,Control
40.845,66.527,0.275584,Control
40.8467,66.518,0.275569,Control
40.8483,66.509,0.275555,Control
40.85,66.502,0.275537,Control
40.8517,66.494,0.275506,Control
40.8533,66.485,0.275481,Control
40.855,66.477,0.27546,Control
40.8567,66.468,0.27544,Control
40.8583,66.46,0.275423,Control
40.86,66.451,0.275404,Control
40.8617,66.444,0.275395,Control
40.8633,66.435,0.275384,Control
40.865,66.427,0.275389,Control
40.8667,66.418,0.275401,Control
40.8683,66.41,0.275412,Control
40.87,66.401,0.275417,Control
40.8717,66.393,0.275423,Control
40.8733,66.384,0.27543,Control
40.875,66.376,0.275439,Control
40.8767,66.369,0.275449,Control
40.8783,66.359,0.275449,Control
40.88,66.351,0.275442,Control
40.8817,66.344,0.275427,Control
40.8833,66.335,0.275418,Control
40.885,66.327,0.275405,Control
40.8867,66.318,0.275383,Control
40.8883,66.309,0.275361,Control
40.89,66.301,0.275345,Control
40.8917,66.293,0.275341,Control
40.8933,66.285,0.275347,Control
40.895,66.276,0.275363,Control
40.8967,66.269,0.275378,Control
40.8983,66.259,0.275394,Control
40.9,66.253,0.275434,Control
40.9017,66.243,0.275478,Control
40.9033,66.235,0.275494,Control
40.905,66.227,0.275496,Control
40.9067,66.218,0.275496,Control
40.9083,66.211,0.275488,Control
40.91,66.203,0.275475,Control
40.9117,66.193,0.275473,Control
40.9133,66.185,0.275472,Control
40.915,66.176,0.275463,Control
40.9167,66.167,0.27545,Control
40.9183,66.159,0.275432,Control
40.92,66.152,0.275412,Control
40.9217,66.144,0.275391,Control
40.9233,66.134,0.275371,Control
40.925,66.127,0.275358,Control
40.9267,66.118,0.275341,Control
40.9283,66.109,0.275321,Control
40.93,66.101,0.275303,Control
40.9317,66.094,0.27529,Control
40.9333,66.085,0.275284,Control
40.935,66.077,0.275284,Control
40.9367,66.068,0.275275,Control
40.9383,66.06,0.275256,Control
40.94,66.052,0.27524,Control
40.9417,66.044,0.275233,Control
40.9433,66.036,0.275233,Control
40.945,66.027,0.27524,Control
40.9467,66.019,0.275247,Control
40.9483,66.01,0.275241,Control
40.95,66.001,0.27523,Control
40.9517,65.993,0.275216,Control
40.9533,65.984,0.275205,Control
40.955,65.976,0.275189,Control
40.9567,65.969,0.275169,Control
40.9583,65.96,0.275152,Control
40.96,65.952,0.275133,Control
40.9617,65.944,0.275123,Control
40.9633,65.936,0.275123,Control
40.965,65.928,0.275124,Control
40.9667,65.919,0.275117,Control
40.9683,65.911,0.275108,Control
40.97,65.903,0.275089,Control
40.9717,65.895,0.275072,Control
40.9733,65.886,0.275057,Control
40.975,65.877,0.275046,Control
40.9767,65.87,0.27503,Control
40.9783,65.861,0.275013,Control
40.98,65.852,0.275,Control
40.9817,65.844,0.274991,Control
40.9833,65.835,0.274986,Control
40.985,65.827,0.27498,Control
40.9867,65.82,0.274979,Control
40.9883,65.812,0.274973,Control
40.99,65.802,0.274971,Control
40.9917,65.794,0.274969,Control
40.9933,65.785,0.274964,Control
40.995,65.777,0.274947,Control
40.9967,65.769,0.27492,Control
40.9983,65.761,0.274906,Control
41,65.752,0.274896,Control
41.0017,65.744,0.274887,Control
41.0033,65.736,0.274886,Control
41.005,65.727,0.274892,Control
41.0067,65.72,0.274903,Control
41.0083,65.711,0.274911,Control
41.01,65.702,0.274919,Control
41.0117,65.694,0.27492,Control
41.0133,65.685,0.274899,Control
41.015,65.678,0.27487,Control
41.0167,65.668,0.274847,Control
41.0183,65.661,0.274832,Control
41.02,65.653,0.274815,Control
41.0217,65.645,0.2748,Control
41.0233,65.636,0.274792,Control
41.025,65.628,0.274792,Control
41.0267,65.62,0.274799,Control
41.0283,65.61,0.274814,Control
41.03,65.602,0.274821,Control
41.0317,65.594,0.274813,Control
41.0333,65.586,0.274799,Control
41.035,65.578,0.274786,Control
41.0367,65.57,0.27477,Control
41.0383,65.561,0.274753,Control
41.04,65.552,0.274733,Control
41.0417,65.544,0.274716,Control
41.0433,65.535,0.274708,Control
41.045,65.527,0.274711,Control
41.0467,65.518,0.274724,Control
41.0483,65.51,0.27474,Control
41.05,65.502,0.274755,Control
41.0517,65.495,0.274764,Control
41.0533,65.485,0.27476,Control
41.055,65.477,0.274747,Control
41.0567,65.468,0.274718,Control
41.0583,65.461,0.274693,Control
41.06,65.452,0.274668,Control
41.0617,65.444,0.274655,Control
41.0633,65.436,0.274655,Control
41.065,65.427,0.274658,Control
41.0667,65.419,0.274664,Control
41.0683,65.411,0.274676,Control
41.07,65.403,0.274694,Control
41.0717,65.394,0.274711,Control
41.0733,65.386,0.274723,Control
41.075,65.378,0.274719,Control
41.0767,65.369,0.274701,Control
41.0783,65.361,0.274681,Control
41.08,65.352,0.274659,Control
41.0817,65.344,0.27464,Control
41.0833,65.336,0.274618,Control
41.085,65.328,0.274601,Control
41.0867,65.319,0.274585,Control
41.0883,65.311,0.274571,Control
41.09,65.303,0.274561,Control
41.0917,65.295,0.274554,Control
41.0933,65.286,0.274543,Control
41.095,65.279,0.274524,Control
41.0967,65.269,0.2745,Control
41.0983,65.261,0.274473,Control
41.1,65.253,0.274428,Control
41.1017,65.244,0.274389,Control
41.1033,65.237,0.274361,Control
41.105,65.228,0.274337,Control
41.1067,65.22,0.274311,Control
41.1083,65.211,0.274291,Control
41.11,65.202,0.274271,Control
41.1117,65.194,0.274263,Control
41.1133,65.186,0.274257,Control
41.115,65.178,0.274256,Control
41.1167,65.169,0.274254,Control
41.1183,65.161,0.274256,Control
41.12,65.152,0.274258,Control
41.1217,65.144,0.274264,Control
41.1233,65.136,0.274268,Control
41.125,65.128,0.274273,Control
41.1267,65.12,0.27428,Control
41.1283,65.112,0.274289,Control
41.13,65.103,0.2743,Control
41.1317,65.093,0.274304,Control
41.1333,65.086,0.274308,Control
41.135,65.078,0.274317,Control
41.1367,65.07,0.274328,Control
41.1383,65.062,0.274327,Control
41.14,65.053,0.274324,Control
41.1417,65.045,0.274316,Control
41.1433,65.035,0.274305,Control
41.145,65.028,0.274297,Control
41.1467,65.02,0.274294,Control
41.1483,65.01,0.274296,Control
41.15,65.003,0.274289,Control
41.1517,64.994,0.274277,Control
41.1533,64.986,0.274271,Control
41.155,64.978,0.274263,Control
41.1567,64.968,0.27426,Control
41.1583,64.961,0.274253,Control
41.16,64.952,0.274246,Control
41.1617,64.944,0.274238,Control
41.1633,64.936,0.274234,Control
41.165,64.927,0.274235,Control
41.1667,64.918,0.274238,Control
41.1683,64.911,0.274241,Control
41.17,64.903,0.27425,Control
41.1717,64.894,0.274261,Control
41.1733,64.886,0.274268,Control
41.175,64.877,0.274269,Control
41.1767,64.869,0.274259,Control
41.1783,64.861,0.274246,Control
41.18,64.852,0.274218,Control
41.1817,64.844,0.274175,Control
41.1833,64.835,0.274141,Control
41.185,64.827,0.274113,Control
41.1867,64.819,0.274086,Control
41.1883,64.811,0.274071,Control
41.19,64.802,0.27406,Control
41.1917,64.795,0.274057,Control
41.1933,64.785,0.274057,Control
41.195,64.778,0.27406,Control
41.1967,64.769,0.274059,Control
41.1983,64.761,0.274042,Control
41.2,64.753,0.274022,Control
41.2017,64.744,0.274005,Control
41.2033,64.735,0.273987,Control
41.205,64.727,0.273964,Control
41.2067,64.72,0.27394,Control
41.2083,64.711,0.273919,Control
41.21,64.703,0.273898,Control
41.2117,64.695,0.273883,Control
41.2133,64.687,0.273869,Control
41.215,64.678,0.273854,Control
41.2167,64.669,0.273839,Control
41.2183,64.661,0.273823,Control
41.22,64.654,0.273819,Control
41.2217,64.645,0.27382,Control
41.2233,64.636,0.273819,Control
41.225,64.627,0.273814,Control
41.2267,64.619,0.273819,Control
41.2283,64.611,0.273825,Control
41.23,64.603,0.273825,Control
41.2317,64.593,0.27382,Control
41.2333,64.586,0.273817,Control
41.235,64.578,0.27381,Control
41.2367,64.57,0.273794,Control
41.2383,64.561,0.273783,Control
41.24,64.553,0.27377,Control
41.2417,64.543,0.27375,Control
41.2433,64.536,0.273731,Control
41.245,64.527,0.273715,Control
41.2467,64.519,0.2737,Control
41.2483,64.511,0.273677,Control
41.25,64.503,0.273653,Control
41.2517,64.495,0.273631,Control
41.2533,64.486,0.273611,Control
41.255,64.478,0.2736,Control
41.2567,64.47,0.273594,Control
41.2583,64.462,0.273592,Control
41.26,64.453,0.273588,Control
41.2617,64.445,0.273588,Control
41.2633,64.436,0.273585,Control
41.265,64.428,0.273584,Control
41.2667,64.419,0.27358,Control
41.2683,64.411,0.273573,Control
41.27,64.403,0.273557,Control
41.2717,64.394,0.273542,Control
41.2733,64.387,0.27354,Control
41.275,64.378,0.273545,Control
41.2767,64.37,0.273548,Control
41.2783,64.362,0.273556,Control
41.28,64.353,0.27357,Control
41.2817,64.344,0.273585,Control
41.2833,64.336,0.273598,Control
41.285,64.327,0.273605,Control
41.2867,64.32,0.273606,Control
41.2883,64.311,0.273602,Control
41.29,64.304,0.273601,Control
41.2917,64.295,0.273608,Control
41.2933,64.286,0.273613,Control
41.295,64.278,0.273611,Control
41.2967,64.27,0.273604,Control
41.2983,64.26,0.273593,Control
41.3,64.253,0.273575,Control
41.3017,64.244,0.273552,Control
41.3033,64.237,0.273522,Control
41.305,64.227,0.273495,Control
41.3067,64.219,0.273467,Control
41.3083,64.21,0.273448,Control
41.31,64.202,0.273438,Control
41.3117,64.195,0.273426,Control
41.3133,64.186,0.273417,Control
41.315,64.177,0.273419,Control
41.3167,64.169,0.273433,Control
41.3183,64.161,0.273447,Control
41.32,64.153,0.27346,Control
41.3217,64.145,0.273475,Control
41.3233,64.136,0.273484,Control
41.325,64.128,0.273491,Control
41.3267,64.119,0.2735,Control
41.3283,64.112,0.273506,Control
41.33,64.103,0.273503,Control
41.3317,64.094,0.273491,Control
41.3333,64.087,0.273475,Control
41.335,64.078,0.273464,Control
41.3367,64.069,0.273451,Control
41.3383,64.062,0.27344,Control
41.34,64.054,0.273421,Control
41.3417,64.045,0.273397,Control
41.3433,64.036,0.273378,Control
41.345,64.027,0.273356,Control
41.3467,64.02,0.273341,Control
41.3483,64.011,0.273329,Control
41.35,64.003,0.273318,Control
41.3517,63.995,0.273312,Control
41.3533,63.986,0.273309,Control
41.355,63.978,0.273307,Control
41.3567,63.969,0.273305,Control
41.3583,63.962,0.273299,Control
41.36,63.952,0.273299,Control
41.3617,63.944,0.273294,Control
41.3633,63.936,0.273285,Control
41.365,63.929,0.273284,Control
41.3667,63.919,0.273281,Control
41.3683,63.911,0.27328,Control
41.37,63.903,0.273285,Control
41.3717,63.895,0.273283,Control
41.3733,63.887,0.273278,Control
41.375,63.879,0.273266,Control
41.3767,63.87,0.27325,Control
41.3783,63.861,0.273236,Control
41.38,63.853,0.273216,Control
41.3817,63.845,0.273204,Control
41.3833,63.836,0.273188,Control
41.385,63.83,0.273173,Control
41.3867,63.82,0.273164,Control
41.3883,63.81,0.273153,Control
41.39,63.804,0.273142,Control
41.3917,63.795,0.273139,Control
41.3933,63.786,0.273138,Control
41.395,63.778,0.273142,Control
41.3967,63.77,0.273155,Control
41.3983,63.762,0.273171,Control
41.4,63.753,0.273187,Control
41.4017,63.746,0.273195,Control
41.4033,63.737,0.273197,Control
41.405,63.729,0.27319,Control
41.4067,63.72,0.273178,Control
41.4083,63.712,0.273164,Control
41.41,63.704,0.273147,Control
41.4117,63.696,0.273122,Control
41.4133,63.687,0.273099,Control
41.415,63.679,0.273081,Control
41.4167,63.671,0.273069,Control
41.4183,63.662,0.273063,Control
41.42,63.654,0.273061,Control
41.4217,63.645,0.273055,Control
41.4233,63.637,0.27304,Control
41.425,63.628,0.273026,Control
41.4267,63.621,0.273012,Control
41.4283,63.613,0.272997,Control
41.43,63.604,0.272981,Control
41.4317,63.596,0.272973,Control
41.4333,63.587,0.272964,Control
41.435,63.578,0.272964,Control
41.4367,63.571,0.272976,Control
41.4383,63.563,0.272992,Control
41.44,63.554,0.273015,Control
41.4417,63.546,0.273029,Control
41.4433,63.537,0.273032,Control
41.445,63.529,0.27303,Control
41.4467,63.521,0.273025,Control
41.4483,63.512,0.273021,Control
41.45,63.503,0.273016,Control
41.4517,63.495,0.273007,Control
41.4533,63.487,0.272995,Control
41.455,63.478,0.272988,Control
41.4567,63.471,0.272983,Control
41.4583,63.463,0.272976,Control
41.46,63.454,0.272981,Control
41.4617,63.446,0.272983,Control
41.4633,63.437,0.272983,Control
41.465,63.428,0.272979,Control
41.4667,63.42,0.272975,Control
41.4683,63.412,0.272971,Control
41.47,63.404,0.272967,Control
41.4717,63.396,0.272964,Control
41.4733,63.387,0.272955,Control
41.475,63.378,0.272944,Control
41.4767,63.37,0.272927,Control
41.4783,63.362,0.272906,Control
41.48,63.353,0.272889,Control
41.4817,63.344,0.272877,Control
41.4833,63.336,0.272866,Control
41.485,63.328,0.272857,Control
41.4867,63.32,0.272857,Control
41.4883,63.311,0.272867,Control
41.49,63.304,0.272883,Control
41.4917,63.295,0.272892,Control
41.4933,63.286,0.272898,Control
41.495,63.278,0.272897,Control
41.4967,63.27,0.272898,Control
41.4983,63.263,0.272901,Control
41.5,63.254,0.272899,Control
41.5017,63.246,0.272889,Control
41.5033,63.237,0.272882,Control
41.505,63.228,0.272875,Control
41.5067,63.221,0.272871,Control
41.5083,63.212,0.272867,Control
41.51,63.204,0.272859,Control
41.5117,63.195,0.272849,Control
41.5133,63.187,0.272836,Control
41.515,63.179,0.272827,Control
41.5167,63.17,0.272821,Control
41.5183,63.162,0.272813,Control
41.52,63.154,0.272799,Control
41.5217,63.145,0.272785,Control
41.5233,63.137,0.272771,Control
41.525,63.128,0.272748,Control
41.5267,63.12,0.272729,Control
41.5283,63.112,0.272703,Control
41.53,63.104,0.27268,Control
41.5317,63.096,0.272665,Control
41.5333,63.087,0.272655,Control
41.535,63.079,0.272646,Control
41.5367,63.071,0.272636,Control
41.5383,63.062,0.272634,Control
41.54,63.053,0.27263,Control
41.5417,63.045,0.272634,Control
41.5433,63.037,0.272636,Control
41.545,63.029,0.272636,Control
41.5467,63.02,0.272627,Control
41.5483,63.013,0.272619,Control
41.55,63.005,0.272612,Control
41.5517,62.996,0.272608,Control
41.5533,62.987,0.272607,Control
41.555,62.98,0.272599,Control
41.5567,62.971,0.272587,Control
41.5583,62.962,0.272576,Control
41.56,62.954,0.272571,Control
41.5617,62.945,0.272567,Control
41.5633,62.937,0.272562,Control
41.565,62.93,0.272547,Control
41.5667,62.92,0.272537,Control
41.5683,62.912,0.272528,Control
41.57,62.904,0.27252,Control
41.5717,62.895,0.272514,Control
41.5733,62.887,0.272511,Control
41.575,62.879,0.272507,Control
41.5767,62.87,0.272509,Control
41.5783,62.862,0.272509,Control
41.58,62.855,0.27251,Control
41.5817,62.845,0.272514,Control
41.5833,62.838,0.272511,Control
41.585,62.828,0.272506,Control
41.5867,62.82,0.272496,Control
41.5883,62.812,0.272487,Control
41.59,62.803,0.272471,Control
41.5917,62.795,0.272451,Control
41.5933,62.787,0.272441,Control
41.595,62.779,0.272445,Control
41.5967,62.771,0.272454,Control
41.5983,62.762,0.272466,Control
41.6,62.753,0.27248,Control
41.6017,62.746,0.272495,Control
41.6033,62.738,0.272507,Control
41.605,62.729,0.272518,Control
41.6067,62.721,0.272534,Control
41.6083,62.712,0.272539,Control
41.61,62.704,0.272538,Control
41.6117,62.696,0.272527,Control
41.6133,62.687,0.272515,Control
41.615,62.678,0.272507,Control
41.6167,62.67,0.272496,Control
41.6183,62.662,0.272486,Control
41.62,62.654,0.272474,Control
41.6217,62.646,0.272465,Control
41.6233,62.637,0.272457,Control
41.625,62.628,0.272453,Control
41.6267,62.621,0.272451,Control
41.6283,62.612,0.272444,Control
41.63,62.604,0.272439,Control
41.6317,62.595,0.272442,Control
41.6333,62.586,0.272445,Control
41.635,62.58,0.272444,Control
41.6367,62.57,0.272446,Control
41.6383,62.563,0.27245,Control
41.64,62.555,0.272455,Control
41.6417,62.546,0.272461,Control
41.6433,62.538,0.272471,Control
41.645,62.529,0.272472,Control
41.6467,62.521,0.272458,Control
41.6483,62.512,0.272436,Control
41.65,62.504,0.272411,Control
41.6517,62.496,0.272376,Control
41.6533,62.487,0.272355,Control
41.655,62.479,0.27234,Control
41.6567,62.471,0.272323,Control
41.6583,62.462,0.272304,Control
41.66,62.453,0.272281,Control
41.6617,62.446,0.272274,Control
41.6633,62.438,0.272263,Control
41.665,62.429,0.272253,Control
41.6667,62.42,0.272237,Control
41.6683,62.412,0.272218,Control
41.67,62.403,0.272197,Control
41.6717,62.395,0.272179,Control
41.6733,62.388,0.272179,Control
41.675,62.38,0.272175,Control
41.6767,62.371,0.272172,Control
41.6783,62.363,0.272167,Control
41.68,62.355,0.272165,Control
41.6817,62.345,0.272162,Control
41.6833,62.338,0.272163,Control
41.685,62.329,0.272163,Control
41.6867,62.32,0.272155,Control
41.6883,62.313,0.27214,Control
41.69,62.304,0.272123,Control
41.6917,62.295,0.272113,Control
41.6933,62.287,0.272104,Control
41.695,62.279,0.272099,Control
41.6967,62.271,0.272087,Control
41.6983,62.262,0.272075,Control
41.7,62.254,0.272057,Control
41.7017,62.246,0.272041,Control
41.7033,62.239,0.272034,Control
41.705,62.23,0.272017,Control
41.7067,62.222,0.271997,Control
41.7083,62.212,0.271976,Control
41.71,62.205,0.271952,Control
41.7117,62.196,0.271932,Control
41.7133,62.187,0.271922,Control
41.715,62.18,0.271914,Control
41.7167,62.171,0.271913,Control
41.7183,62.162,0.271905,Control
41.72,62.154,0.271898,Control
41.7217,62.146,0.271886,Control
41.7233,62.137,0.271873,Control
41.725,62.128,0.271851,Control
41.7267,62.121,0.271827,Control
41.7283,62.112,0.271805,Control
41.73,62.104,0.271786,Control
41.7317,62.095,0.271774,Control
41.7333,62.087,0.271766,Control
41.735,62.079,0.271762,Control
41.7367,62.071,0.271761,Control
41.7383,62.063,0.271763,Control
41.74,62.054,0.271759,Control
41.7417,62.045,0.271755,Control
41.7433,62.038,0.27174,Control
41.745,62.03,0.271727,Control
41.7467,62.022,0.271721,Control
41.7483,62.012,0.271709,Control
41.75,62.004,0.271698,Control
41.7517,61.995,0.271685,Control
41.7533,61.988,0.271667,Control
41.755,61.979,0.271647,Control
41.7567,61.971,0.271633,Control
41.7583,61.963,0.271626,Control
41.76,61.954,0.271621,Control
41.7617,61.946,0.271614,Control
41.7633,61.939,0.271613,Control
41.765,61.929,0.271623,Control
41.7667,61.921,0.271636,Control
41.7683,61.913,0.271651,Control
41.77,61.904,0.271665,Control
41.7717,61.896,0.271677,Control
41.7733,61.887,0.271683,Control
41.775,61.88,0.271681,Control
41.7767,61.871,0.271679,Control
41.7783,61.863,0.271672,Control
41.78,61.854,0.271661,Control
41.7817,61.847,0.271643,Control
41.7833,61.838,0.271626,Control
41.785,61.829,0.271615,Control
41.7867,61.822,0.271603,Control
41.7883,61.812,0.271598,Control
41.79,61.804,0.271594,Control
41.7917,61.796,0.271596,Control
41.7933,61.787,0.271593,Control
41.795,61.78,0.271586,Control
41.7967,61.772,0.271576,Control
41.7983,61.763,0.271574,Control
41.8,61.754,0.271568,Control
41.8017,61.746,0.271562,Control
41.8033,61.738,0.271558,Control
41.805,61.729,0.271544,Control
41.8067,61.722,0.271534,Control
41.8083,61.713,0.271524,Control
41.81,61.704,0.271513,Control
41.8117,61.697,0.271501,Control
41.8133,61.687,0.271484,Control
41.815,61.681,0.271464,Control
41.8167,61.671,0.271446,Control
41.8183,61.663,0.271441,Control
41.82,61.655,0.27144,Control
41.8217,61.646,0.271453,Control
41.8233,61.637,0.27146,Control
41.825,61.63,0.271467,Control
41.8267,61.622,0.271471,Control
41.8283,61.613,0.271473,Control
41.83,61.605,0.271475,Control
41.8317,61.596,0.271472,Control
41.8333,61.587,0.271469,Control
41.835,61.58,0.271464,Control
41.8367,61.572,0.271461,Control
41.8383,61.563,0.271466,Control
41.84,61.555,0.271479,Control
41.8417,61.546,0.271507,Control
41.8433,61.538,0.271525,Control
41.845,61.531,0.271539,Control
41.8467,61.521,0.271541,Control
41.8483,61.513,0.271528,Control
41.85,61.504,0.271515,Control
41.8517,61.496,0.271503,Control
41.8533,61.488,0.271493,Control
41.855,61.48,0.271481,Control
41.8567,61.472,0.27147,Control
41.8583,61.463,0.271463,Control
41.86,61.455,0.271463,Control
41.8617,61.447,0.271461,Control
41.8633,61.438,0.271451,Control
41.865,61.43,0.271446,Control
41.8667,61.422,0.271443,Control
41.8683,61.413,0.271445,Control
41.87,61.404,0.271447,Control
41.8717,61.396,0.271448,Control
41.8733,61.388,0.271437,Control
41.875,61.38,0.271426,Control
41.8767,61.371,0.271413,Control
41.8783,61.363,0.271407,Control
41.88,61.354,0.271389,Control
41.8817,61.346,0.271363,Control
41.8833,61.338,0.271337,Control
41.885,61.33,0.271317,Control
41.8867,61.321,0.271302,Control
41.8883,61.313,0.27129,Control
41.89,61.305,0.271278,Control
41.8917,61.296,0.271264,Control
41.8933,61.289,0.271254,Control
41.895,61.28,0.271248,Control
41.8967,61.271,0.271246,Control
41.8983,61.263,0.27125,Control
41.9,61.255,0.271253,Control
41.9017,61.246,0.271259,Control
41.9033,61.238,0.271259,Control
41.905,61.229,0.271263,Control
41.9067,61.222,0.271266,Control
41.9083,61.213,0.271259,Control
41.91,61.205,0.271256,Control
41.9117,61.197,0.271263,Control
41.9133,61.189,0.271271,Control
41.915,61.18,0.271271,Control
41.9167,61.172,0.271273,Control
41.9183,61.164,0.271274,Control
41.92,61.156,0.271282,Control
41.9217,61.148,0.27128,Control
41.9233,61.14,0.271273,Control
41.925,61.13,0.271263,Control
41.9267,61.122,0.271242,Control
41.9283,61.115,0.271206,Control
41.93,61.105,0.271181,Control
41.9317,61.098,0.271157,Control
41.9333,61.088,0.271134,Control
41.935,61.081,0.271116,Control
41.9367,61.072,0.271098,Control
41.9383,61.064,0.271087,Control
41.94,61.056,0.271075,Control
41.9417,61.048,0.271065,Control
41.9433,61.039,0.271065,Control
41.945,61.03,0.271072,Control
41.9467,61.021,0.271087,Control
41.9483,61.014,0.271098,Control
41.95,61.005,0.271111,Control
41.9517,60.997,0.271126,Control
41.9533,60.989,0.271141,Control
41.955,60.98,0.271147,Control
41.9567,60.972,0.271149,Control
41.9583,60.964,0.271141,Control
41.96,60.956,0.271128,Control
41.9617,60.948,0.271113,Control
41.9633,60.939,0.271103,Control
41.965,60.93,0.271097,Control
41.9667,60.922,0.271096,Control
41.9683,60.914,0.271097,Control
41.97,60.906,0.271107,Control
41.9717,60.897,0.271119,Control
41.9733,60.889,0.271124,Control
41.975,60.88,0.271119,Control
41.9767,60.872,0.271103,Control
41.9783,60.864,0.271092,Control
41.98,60.856,0.271079,Control
41.9817,60.848,0.271066,Control
41.9833,60.838,0.271051,Control
41.985,60.83,0.271042,Control
41.9867,60.822,0.271037,Control
41.9883,60.814,0.271043,Control
41.99,60.806,0.27106,Control
41.9917,60.798,0.271091,Control
41.9933,60.789,0.271136,Control
41.995,60.78,0.271157,Control
41.9967,60.772,0.271168,Control
41.9983,60.764,0.271169,Control
42,60.756,0.271166,Control
42.0017,60.747,0.271163,Control
42.0033,60.738,0.27115,Control
42.005,60.73,0.271133,Control
42.0067,60.722,0.271114,Control
42.0083,60.713,0.271092,Control
42.01,60.705,0.271072,Control
42.0117,60.697,0.27106,Control
42.0133,60.688,0.27106,Control
42.015,60.68,0.271054,Control
42.0167,60.672,0.271049,Control
42.0183,60.664,0.271048,Control
42.02,60.656,0.271042,Control
42.0217,60.648,0.271041,Control
42.0233,60.639,0.271051,Control
42.025,60.631,0.271058,Control
42.0267,60.622,0.271059,Control
42.0283,60.614,0.271054,Control
42.03,60.605,0.271047,Control
42.0317,60.598,0.271038,Control
42.0333,60.588,0.271027,Control
42.035,60.58,0.271005,Control
42.0367,60.572,0.270986,Control
42.0383,60.564,0.270965,Control
42.04,60.555,0.270944,Control
42.0417,60.547,0.270927,Control
42.0433,60.539,0.270907,Control
42.045,60.531,0.270894,Control
42.0467,60.522,0.270875,Control
42.0483,60.514,0.270854,Control
42.05,60.505,0.270837,Control
42.0517,60.496,0.270833,Control
42.0533,60.489,0.270836,Control
42.055,60.479,0.270839,Control
42.0567,60.472,0.270845,Control
42.0583,60.464,0.270865,Control
42.06,60.455,0.270902,Control
42.0617,60.448,0.270914,Control
42.0633,60.439,0.270916,Control
42.065,60.43,0.270903,Control
42.0667,60.422,0.270883,Control
42.0683,60.414,0.270856,Control
42.07,60.406,0.270831,Control
42.0717,60.397,0.270806,Control
42.0733,60.389,0.270785,Control
42.075,60.38,0.270769,Control
42.0767,60.372,0.270756,Control
42.0783,60.364,0.270747,Control
42.08,60.355,0.270746,Control
42.0817,60.347,0.270747,Control
42.0833,60.339,0.270747,Control
42.085,60.331,0.270754,Control
42.0867,60.322,0.270759,Control
42.0883,60.313,0.270764,Control
42.09,60.306,0.270758,Control
42.0917,60.297,0.270746,Control
42.0933,60.289,0.270732,Control
42.095,60.28,0.270715,Control
42.0967,60.271,0.270697,Control
42.0983,60.263,0.270685,Control
42.1,60.255,0.270667,Control
42.1017,60.246,0.27065,Control
42.1033,60.237,0.270633,Control
42.105,60.23,0.270627,Control
42.1067,60.222,0.270626,Control
42.1083,60.213,0.270627,Control
42.11,60.205,0.270617,Control
42.1117,60.198,0.270606,Control
42.1133,60.188,0.270594,Control
42.115,60.18,0.270582,Control
42.1167,60.171,0.270578,Control
42.1183,60.163,0.270577,Control
42.12,60.155,0.270575,Control
42.1217,60.147,0.27057,Control
42.1233,60.139,0.270568,Control
42.125,60.13,0.270571,Control
42.1267,60.122,0.27057,Control
42.1283,60.114,0.270565,Control
42.13,60.105,0.270567,Control
42.1317,60.097,0.270569,Control
42.1333,60.088,0.270561,Control
42.135,60.08,0.270557,Control
42.1367,60.071,0.270562,Control
42.1383,60.064,0.270572,Control
42.14,60.055,0.270581,Control
42.1417,60.047,0.270587,Control
42.1433,60.039,0.270587,Control
42.145,60.031,0.270586,Control
42.1467,60.022,0.270581,Control
42.1483,60.014,0.270574,Control
42.15,60.005,0.270562,Control
42.1517,59.996,0.270544,Control
42.1533,59.989,0.270527,Control
42.155,59.98,0.27051,Control
42.1567,59.972,0.270492,Control
42.1583,59.963,0.270475,Control
42.16,59.955,0.270465,Control
42.1617,59.948,0.270458,Control
42.1633,59.939,0.270452,Control
42.165,59.931,0.270451,Control
42.1667,59.922,0.270451,Control
42.1683,59.913,0.270449,Control
42.17,59.905,0.270442,Control
42.1717,59.898,0.270431,Control
42.1733,59.888,0.270427,Control
42.175,59.881,0.270417,Control
42.1767,59.872,0.270397,Control
42.1783,59.864,0.270371,Control
42.18,59.856,0.270351,Control
42.1817,59.848,0.270333,Control
42.1833,59.839,0.270316,Control
42.185,59.83,0.270302,Control
42.1867,59.822,0.270295,Control
42.1883,59.814,0.270291,Control
42.19,59.806,0.270289,Control
42.1917,59.797,0.270285,Control
42.1933,59.789,0.270285,Control
42.195,59.78,0.270282,Control
42.1967,59.772,0.270282,Control
42.1983,59.764,0.270281,Control
42.2,59.755,0.270284,Control
42.2017,59.748,0.270283,Control
42.2033,59.738,0.270284,Control
42.205,59.73,0.27028,Control
42.2067,59.722,0.270266,Control
42.2083,59.714,0.270243,Control
42.21,59.705,0.270195,Control
42.2117,59.698,0.270109,Control
42.2133,59.688,0.269916,Control
42.215,59.681,0.269677,Control
42.2167,59.672,0.269565,Control
42.2183,59.664,0.269514,Control
42.22,59.656,0.269483,Control
42.2217,59.647,0.269466,Control
42.2233,59.639,0.269464,Control
42.225,59.631,0.269474,Control
42.2267,59.622,0.269513,Control
42.2283,59.614,0.269539,Control
42.23,59.606,0.269579,Control
42.2317,59.598,0.269591,Control
42.2333,59.59,0.269588,Control
42.235,59.581,0.269592,Control
42.2367,59.572,0.269588,Control
42.2383,59.565,0.269581,Control
42.24,59.555,0.269577,Control
42.2417,59.547,0.269572,Control
42.2433,59.539,0.269572,Control
42.245,59.53,0.26957,Control
42.2467,59.522,0.269569,Control
42.2483,59.513,0.269591,Control
42.25,59.505,0.269607,Control
42.2517,59.497,0.269618,Control
42.2533,59.49,0.269636,Control
42.255,59.481,0.269657,Control
42.2567,59.473,0.269674,Control
42.2583,59.464,0.269693,Control
42.26,59.455,0.26971,Control
42.2617,59.447,0.269716,Control
42.2633,59.439,0.269712,Control
42.265,59.431,0.269701,Control
42.2667,59.422,0.269692,Control
42.2683,59.414,0.269675,Control
42.27,59.405,0.269656,Control
42.2717,59.396,0.269646,Control
42.2733,59.389,0.269646,Control
42.275,59.38,0.269656,Control
42.2767,59.372,0.26967,Control
42.2783,59.364,0.269684,Control
42.28,59.355,0.269703,Control
42.2817,59.347,0.269713,Control
42.2833,59.338,0.269717,Control
42.285,59.33,0.269712,Control
42.2867,59.322,0.269703,Control
42.2883,59.313,0.269689,Control
42.29,59.305,0.269681,Control
42.2917,59.298,0.269684,Control
42.2933,59.289,0.26969,Control
42.295,59.281,0.269694,Control
42.2967,59.271,0.269695,Control
42.2983,59.264,0.269694,Control
42.3,59.255,0.269691,Control
42.3017,59.247,0.269681,Control
42.3033,59.238,0.269671,Control
42.305,59.231,0.269668,Control
42.3067,59.222,0.269668,Control
42.3083,59.213,0.269666,Control
42.31,59.205,0.269661,Control
42.3117,59.196,0.269657,Control
42.3133,59.189,0.269658,Control
42.315,59.18,0.269661,Control
42.3167,59.172,0.269659,Control
42.3183,59.165,0.269653,Control
42.32,59.155,0.269637,Control
42.3217,59.148,0.269616,Control
42.3233,59.14,0.269605,Control
42.325,59.131,0.269599,Control
42.3267,59.123,0.269595,Control
42.3283,59.114,0.269582,Control
42.33,59.106,0.26957,Control
42.3317,59.098,0.269562,Control
42.3333,59.09,0.269559,Control
42.335,59.081,0.269561,Control
42.3367,59.072,0.26957,Control
42.3383,59.063,0.269577,Control
42.34,59.056,0.269569,Control
42.3417,59.047,0.26957,Control
42.3433,59.039,0.269566,Control
42.345,59.03,0.269564,Control
42.3467,59.022,0.269554,Control
42.3483,59.013,0.269547,Control
42.35,59.006,0.269543,Control
42.3517,58.997,0.26954,Control
42.3533,58.989,0.269535,Control
42.355,58.981,0.269533,Control
42.3567,58.973,0.269534,Control
42.3583,58.963,0.269538,Control
42.36,58.956,0.269544,Control
42.3617,58.947,0.269545,Control
42.3633,58.938,0.269551,Control
42.365,58.931,0.269556,Control
42.3667,58.922,0.269567,Control
42.3683,58.913,0.269573,Control
42.37,58.906,0.269564,Control
42.3717,58.897,0.269554,Control
42.3733,58.89,0.269539,Control
42.375,58.881,0.269522,Control
42.3767,58.873,0.269511,Control
42.3783,58.864,0.269495,Control
42.38,58.856,0.269472,Control
42.3817,58.848,0.269461,Control
42.3833,58.839,0.269451,Control
42.385,58.831,0.269454,Control
42.3867,58.823,0.269455,Control
42.3883,58.814,0.26945,Control
42.39,58.806,0.269446,Control
42.3917,58.797,0.269434,Control
42.3933,58.79,0.269414,Control
42.395,58.781,0.26939,Control
42.3967,58.774,0.269371,Control
42.3983,58.764,0.269349,Control
42.4,58.756,0.269328,Control
42.4017,58.748,0.269302,Control
42.4033,58.74,0.269282,Control
42.405,58.731,0.269267,Control
42.4067,58.722,0.269255,Control
42.4083,58.714,0.269246,Control
42.41,58.707,0.269247,Control
42.4117,58.698,0.269255,Control
42.4133,58.69,0.269267,Control
42.415,58.683,0.269307,Control
42.4167,58.673,0.269374,Control
42.4183,58.665,0.269424,Control
42.42,58.656,0.269433,Control
42.4217,58.648,0.269431,Control
42.4233,58.64,0.269426,Control
42.425,58.631,0.269407,Control
42.4267,58.623,0.269373,Control
42.4283,58.614,0.269353,Control
42.43,58.607,0.269328,Control
42.4317,58.598,0.269301,Control
42.4333,58.589,0.269279,Control
42.435,58.581,0.269269,Control
42.4367,58.573,0.269268,Control
42.4383,58.565,0.269262,Control
42.44,58.557,0.26926,Control
42.4417,58.548,0.269266,Control
42.4433,58.539,0.269268,Control
42.445,58.531,0.269269,Control
42.4467,58.523,0.269281,Control
42.4483,58.515,0.269301,Control
42.45,58.506,0.269314,Control
42.4517,58.498,0.269324,Control
42.4533,58.489,0.269333,Control
42.455,58.481,0.269331,Control
42.4567,58.473,0.269327,Control
42.4583,58.464,0.269318,Control
42.46,58.457,0.269313,Control
42.4617,58.448,0.269304,Control
42.4633,58.44,0.269291,Control
42.465,58.431,0.269284,Control
42.4667,58.423,0.26928,Control
42.4683,58.416,0.26928,Control
42.47,58.407,0.269279,Control
42.4717,58.399,0.269284,Control
42.4733,58.391,0.269285,Control
42.475,58.382,0.269286,Control
42.4767,58.374,0.269286,Control
42.4783,58.365,0.269287,Control
42.48,58.357,0.269289,Control
42.4817,58.348,0.269289,Control
42.4833,58.339,0.269286,Control
42.485,58.332,0.269282,Control
42.4867,58.323,0.269273,Control
42.4883,58.314,0.269268,Control
42.49,58.307,0.269258,Control
42.4917,58.298,0.269249,Control
42.4933,58.29,0.269236,Control
42.495,58.282,0.26922,Control
42.4967,58.272,0.269208,Control
42.4983,58.266,0.269199,Control
42.5,58.257,0.269195,Control
42.5017,58.248,0.269197,Control
42.5033,58.241,0.2692,Control
42.505,58.232,0.269201,Control
42.5067,58.222,0.269196,Control
42.5083,58.215,0.26919,Control
42.51,58.206,0.269187,Control
42.5117,58.198,0.269173,Control
42.5133,58.189,0.269158,Control
42.515,58.181,0.26913,Control
42.5167,58.173,0.269072,Control
42.5183,58.165,0.26904,Control
42.52,58.156,0.269011,Control
42.5217,58.148,0.268982,Control
42.5233,58.139,0.268961,Control
42.525,58.131,0.268941,Control
42.5267,58.123,0.268921,Control
42.5283,58.114,0.26891,Control
42.53,58.107,0.268902,Control
42.5317,58.099,0.268903,Control
42.5333,58.09,0.268897,Control
42.535,58.081,0.268889,Control
42.5367,58.074,0.26889,Control
42.5383,58.065,0.268886,Control
42.54,58.057,0.268886,Control
42.5417,58.048,0.268883,Control
42.5433,58.038,0.268881,Control
42.545,58.031,0.268874,Control
42.5467,58.023,0.268861,Control
42.5483,58.015,0.268843,Control
42.55,58.007,0.268827,Control
42.5517,57.999,0.268813,Control
42.5533,57.99,0.268804,Control
42.555,57.982,0.268798,Control
42.5567,57.974,0.268792,Control
42.5583,57.965,0.26879,Control
42.56,57.956,0.268792,Control
42.5617,57.949,0.268801,Control
42.5633,57.94,0.268814,Control
42.565,57.931,0.26882,Control
42.5667,57.924,0.268824,Control
42.5683,57.915,0.268825,Control
42.57,57.906,0.268824,Control
42.5717,57.899,0.268824,Control
42.5733,57.891,0.268822,Control
42.575,57.881,0.268814,Control
42.5767,57.873,0.268801,Control
42.5783,57.866,0.268781,Control
42.58,57.858,0.268771,Control
42.5817,57.849,0.268767,Control
42.5833,57.84,0.26877,Control
42.585,57.832,0.268771,Control
42.5867,57.823,0.268774,Control
42.5883,57.815,0.268774,Control
42.59,57.806,0.26878,Control
42.5917,57.799,0.268793,Control
42.5933,57.789,0.268797,Control
42.595,57.781,0.268793,Control
42.5967,57.774,0.268784,Control
42.5983,57.765,0.268773,Control
42.6,57.756,0.268762,Control
42.6017,57.749,0.268751,Control
42.6033,57.74,0.268742,Control
42.605,57.731,0.26873,Control
42.6067,57.724,0.268713,Control
42.6083,57.715,0.268695,Control
42.61,57.707,0.268681,Control
42.6117,57.698,0.268661,Control
42.6133,57.69,0.268645,Control
42.615,57.682,0.268626,Control
42.6167,57.673,0.26861,Control
42.6183,57.665,0.268597,Control
42.62,57.657,0.268586,Control
42.6217,57.648,0.268587,Control
42.6233,57.64,0.268595,Control
42.625,57.632,0.268609,Control
42.6267,57.624,0.268622,Control
42.6283,57.616,0.268652,Control
42.63,57.607,0.268663,Control
42.6317,57.598,0.268673,Control
42.6333,57.59,0.268683,Control
42.635,57.582,0.268691,Control
42.6367,57.574,0.268688,Control
42.6383,57.566,0.268681,Control
42.64,57.557,0.268673,Control
42.6417,57.549,0.268666,Control
42.6433,57.54,0.268658,Control
42.645,57.533,0.268655,Control
42.6467,57.524,0.268651,Control
42.6483,57.516,0.26864,Control
42.65,57.507,0.268626,Control
42.6517,57.499,0.268614,Control
42.6533,57.49,0.26861,Control
42.655,57.481,0.268616,Control
42.6567,57.475,0.268626,Control
42.6583,57.465,0.268629,Control
42.66,57.457,0.268636,Control
42.6617,57.449,0.268628,Control
42.6633,57.441,0.268626,Control
42.665,57.432,0.268623,Control
42.6667,57.424,0.268619,Control
42.6683,57.415,0.268608,Control
42.67,57.407,0.268591,Control
42.6717,57.399,0.268577,Control
42.6733,57.391,0.268561,Control
42.675,57.382,0.268544,Control
42.6767,57.375,0.26853,Control
42.6783,57.365,0.268518,Control
42.68,57.357,0.268498,Control
42.6817,57.349,0.268483,Control
42.6833,57.341,0.268474,Control
42.685,57.333,0.268474,Control
42.6867,57.324,0.268476,Control
42.6883,57.316,0.268473,Control
42.69,57.308,0.268477,Control
42.6917,57.299,0.268471,Control
42.6933,57.291,0.268455,Control
42.695,57.283,0.268442,Control
42.6967,57.274,0.268426,Control
42.6983,57.266,0.268409,Control
42.7,57.257,0.268392,Control
42.7017,57.249,0.268385,Control
42.7033,57.242,0.268383,Control
42.705,57.233,0.268395,Control
42.7067,57.224,0.268415,Control
42.7083,57.216,0.268496,Control
42.71,57.208,0.26858,Control
42.7117,57.199,0.268672,Control
42.7133,57.19,0.268732,Control
42.715,57.182,0.268749,Control
42.7167,57.174,0.268765,Control
42.7183,57.165,0.268767,Control
42.72,57.157,0.268768,Control
42.7217,57.149,0.268755,Control
42.7233,57.14,0.268734,Control
42.725,57.131,0.268711,Control
42.7267,57.123,0.268692,Control
42.7283,57.114,0.268678,Control
42.73,57.107,0.268669,Control
42.7317,57.098,0.268666,Control
42.7333,57.09,0.268661,Control
42.735,57.082,0.268659,Control
42.7367,57.074,0.26865,Control
42.7383,57.065,0.268643,Control
42.74,57.057,0.268633,Control
42.7417,57.048,0.268617,Control
42.7433,57.04,0.268604,Control
42.745,57.032,0.268591,Control
42.7467,57.025,0.268579,Control
42.7483,57.015,0.268574,Control
42.75,57.007,0.268576,Control
42.7517,56.999,0.268575,Control
42.7533,56.99,0.268573,Control
42.755,56.982,0.26857,Control
42.7567,56.973,0.26856,Control
42.7583,56.966,0.268543,Control
42.76,56.957,0.268525,Control
42.7617,56.949,0.268508,Control
42.7633,56.941,0.2685,Control
42.765,56.932,0.268491,Control
42.7667,56.923,0.268488,Control
42.7683,56.915,0.26849,Control
42.77,56.907,0.268496,Control
42.7717,56.898,0.2685,Control
42.7733,56.89,0.268508,Control
42.775,56.882,0.268509,Control
42.7767,56.873,0.268509,Control
42.7783,56.864,0.268509,Control
42.78,56.857,0.268501,Control
42.7817,56.849,0.268493,Control
42.7833,56.841,0.268476,Control
42.785,56.832,0.268457,Control
42.7867,56.824,0.268447,Control
42.7883,56.816,0.268438,Control
42.79,56.808,0.268424,Control
42.7917,56.799,0.26841,Control
42.7933,56.791,0.268389,Control
42.795,56.782,0.268373,Control
42.7967,56.774,0.268363,Control
42.7983,56.765,0.268353,Control
42.8,56.757,0.268347,Control
42.8017,56.749,0.268338,Control
42.8033,56.74,0.268331,Control
42.805,56.732,0.268325,Control
42.8067,56.723,0.268313,Control
42.8083,56.715,0.268299,Control
42.81,56.708,0.268275,Control
42.8117,56.699,0.268244,Control
42.8133,56.691,0.268218,Control
42.815,56.682,0.268188,Control
42.8167,56.674,0.268161,Control
42.8183,56.666,0.268142,Control
42.82,56.657,0.268127,Control
42.8217,56.648,0.268119,Control
42.8233,56.641,0.268114,Control
42.825,56.632,0.26811,Control
42.8267,56.625,0.268115,Control
42.8283,56.616,0.268123,Control
42.83,56.608,0.268126,Control
42.8317,56.598,0.268135,Control
42.8333,56.591,0.268137,Control
42.835,56.582,0.268141,Control
42.8367,56.573,0.268144,Control
42.8383,56.566,0.268147,Control
42.84,56.557,0.268144,Control
42.8417,56.549,0.268138,Control
42.8433,56.541,0.268128,Control
42.845,56.532,0.268125,Control
42.8467,56.524,0.268122,Control
42.8483,56.516,0.26811,Control
42.85,56.508,0.268088,Control
42.8517,56.499,0.268057,Control
42.8533,56.492,0.268022,Control
42.855,56.483,0.267999,Control
42.8567,56.475,0.267984,Control
42.8583,56.466,0.267975,Control
42.86,56.457,0.267967,Control
42.8617,56.45,0.267969,Control
42.8633,56.441,0.267972,Control
42.865,56.432,0.26798,Control
42.8667,56.425,0.267988,Control
42.8683,56.417,0.267997,Control
42.87,56.408,0.268005,Control
42.8717,56.4,0.268012,Control
42.8733,56.391,0.268011,Control
42.875,56.383,0.268008,Control
42.8767,56.374,0.26801,Control
42.8783,56.367,0.268011,Control
42.88,56.357,0.268009,Control
42.8817,56.349,0.268,Control
42.8833,56.341,0.267983,Control
42.885,56.333,0.267955,Control
42.8867,56.325,0.267932,Control
42.8883,56.316,0.267918,Control
42.89,56.308,0.267912,Control
42.8917,56.3,0.267911,Control
42.8933,56.291,0.267918,Control
42.895,56.284,0.267941,Control
42.8967,56.275,0.267954,Control
42.8983,56.266,0.267958,Control
42.9,56.258,0.267948,Control
42.9017,56.25,0.267931,Control
42.9033,56.242,0.267911,Control
42.905,56.232,0.267883,Control
42.9067,56.224,0.26783,Control
42.9083,56.217,0.267783,Control
42.91,56.207,0.267764,Control
42.9117,56.199,0.267762,Control
42.9133,56.19,0.267777,Control
42.915,56.183,0.267793,Control
42.9167,56.174,0.2678,Control
42.9183,56.166,0.2678,Control
42.92,56.157,0.267802,Control
42.9217,56.15,0.267802,Control
42.9233,56.143,0.267807,Control
42.925,56.133,0.2678,Control
42.9267,56.125,0.267783,Control
42.9283,56.117,0.267766,Control
42.93,56.108,0.267749,Control
42.9317,56.1,0.267741,Control
42.9333,56.093,0.26773,Control
42.935,56.084,0.267723,Control
42.9367,56.075,0.267719,Control
42.9383,56.067,0.267724,Control
42.94,56.058,0.267733,Control
42.9417,56.051,0.267744,Control
42.9433,56.041,0.267752,Control
42.945,56.033,0.267758,Control
42.9467,56.025,0.267755,Control
42.9483,56.017,0.267743,Control
42.95,56.009,0.26773,Control
42.9517,56,0.26771,Control
42.9533,55.991,0.26769,Control
42.955,55.983,0.267674,Control
42.9567,55.976,0.267664,Control
42.9583,55.967,0.267656,Control
42.96,55.959,0.267648,Control
42.9617,55.95,0.267638,Control
42.9633,55.942,0.267631,Control
42.965,55.932,0.267629,Control
42.9667,55.925,0.267632,Control
42.9683,55.916,0.267638,Control
42.97,55.908,0.267637,Control
42.9717,55.9,0.267639,Control
42.9733,55.891,0.267632,Control
42.975,55.883,0.267625,Control
42.9767,55.876,0.267621,Control
42.9783,55.866,0.26762,Control
42.98,55.858,0.267627,Control
42.9817,55.849,0.267632,Control
42.9833,55.842,0.267647,Control
42.985,55.833,0.267663,Control
42.9867,55.824,0.267677,Control
42.9883,55.817,0.267695,Control
42.99,55.808,0.267715,Control
42.9917,55.8,0.267732,Control
42.9933,55.792,0.267747,Control
42.995,55.783,0.267764,Control
42.9967,55.775,0.267769,Control
42.9983,55.768,0.267768,Control
43,55.758,0.267768,Control
43.0017,55.751,0.26777,Control
43.0033,55.742,0.267768,Control
43.005,55.734,0.267759,Control
43.0067,55.726,0.267753,Control
43.0083,55.718,0.267746,Control
43.01,55.709,0.267736,Control
43.0117,55.7,0.267731,Control
43.0133,55.691,0.267721,Control
43.015,55.684,0.267705,Control
43.0167,55.674,0.267685,Control
43.0183,55.667,0.267669,Control
43.02,55.658,0.267647,Control
43.0217,55.651,0.267618,Control
43.0233,55.642,0.267603,Control
43.025,55.634,0.267593,Control
43.0267,55.625,0.267595,Control
43.0283,55.617,0.267598,Control
43.03,55.608,0.26761,Control
43.0317,55.6,0.267621,Control
43.0333,55.591,0.26764,Control
43.035,55.584,0.267652,Control
43.0367,55.576,0.267655,Control
43.0383,55.567,0.267638,Control
43.04,55.558,0.267585,Control
43.0417,55.55,0.267514,Control
43.0433,55.542,0.267432,Control
43.045,55.534,0.267406,Control
43.0467,55.526,0.26739,Control
43.0483,55.517,0.267374,Control
43.05,55.509,0.267362,Control
43.0517,55.5,0.267368,Control
43.0533,55.491,0.267382,Control
43.055,55.483,0.267391,Control
43.0567,55.475,0.267396,Control
43.0583,55.466,0.267399,Control
43.06,55.459,0.267396,Control
43.0617,55.45,0.26739,Control
43.0633,55.442,0.267394,Control
43.065,55.433,0.267402,Control
43.0667,55.425,0.267412,Control
43.0683,55.417,0.267417,Control
43.07,55.408,0.267426,Control
43.0717,55.401,0.267439,Control
43.0733,55.392,0.267454,Control
43.075,55.383,0.267473,Control
43.0767,55.375,0.267486,Control
43.0783,55.366,0.267489,Control
43.08,55.358,0.267486,Control
43.0817,55.35,0.26748,Control
43.0833,55.342,0.267467,Control
43.085,55.334,0.267453,Control
43.0867,55.324,0.267433,Control
43.0883,55.317,0.267414,Control
43.09,55.309,0.267397,Control
43.0917,55.299,0.267389,Control
43.0933,55.291,0.267381,Control
43.095,55.284,0.267377,Control
43.0967,55.275,0.267377,Control
43.0983,55.267,0.267381,Control
43.1,55.259,0.267389,Control
43.1017,55.25,0.267389,Control
43.1033,55.241,0.267393,Control
43.105,55.233,0.267403,Control
43.1067,55.225,0.267414,Control
43.1083,55.216,0.267419,Control
43.11,55.209,0.267423,Control
43.1117,55.201,0.267427,Control
43.1133,55.191,0.267433,Control
43.115,55.183,0.267437,Control
43.1167,55.176,0.26744,Control
43.1183,55.167,0.267454,Control
43.12,55.159,0.267468,Control
43.1217,55.15,0.267484,Control
43.1233,55.143,0.267497,Control
43.125,55.133,0.267509,Control
43.1267,55.126,0.267514,Control
43.1283,55.117,0.267515,Control
43.13,55.108,0.26751,Control
43.1317,55.1,0.267504,Control
43.1333,55.092,0.267494,Control
43.135,55.083,0.267486,Control
43.1367,55.076,0.267487,Control
43.1383,55.066,0.267487,Control
43.14,55.058,0.267492,Control
43.1417,55.051,0.267497,Control
43.1433,55.042,0.267504,Control
43.145,55.033,0.267513,Control
43.1467,55.026,0.267518,Control
43.1483,55.017,0.26751,Control
43.15,55.009,0.267495,Control
43.1517,55.001,0.267472,Control
43.1533,54.992,0.267441,Control
43.155,54.984,0.267424,Control
43.1567,54.976,0.267408,Control
43.1583,54.968,0.267396,Control
43.16,54.959,0.267389,Control
43.1617,54.951,0.26739,Control
43.1633,54.943,0.267396,Control
43.165,54.934,0.267405,Control
43.1667,54.926,0.267421,Control
43.1683,54.918,0.26744,Control
43.17,54.909,0.267457,Control
43.1717,54.9,0.267469,Control
43.1733,54.892,0.267485,Control
43.175,54.884,0.267487,Control
43.1767,54.876,0.267482,Control
43.1783,54.867,0.267475,Control
43.18,54.86,0.267464,Control
43.1817,54.852,0.267443,Control
43.1833,54.843,0.267413,Control
43.185,54.833,0.267392,Control
43.1867,54.825,0.26738,Control
43.1883,54.818,0.267378,Control
43.19,54.808,0.267382,Control
43.1917,54.8,0.2674,Control
43.1933,54.792,0.267418,Control
43.195,54.784,0.26743,Control
43.1967,54.776,0.267441,Control
43.1983,54.767,0.267454,Control
43.2,54.759,0.267463,Control
43.2017,54.75,0.267465,Control
43.2033,54.742,0.267459,Control
43.205,54.734,0.267448,Control
43.2067,54.726,0.267438,Control
43.2083,54.717,0.267435,Control
43.21,54.708,0.26744,Control
43.2117,54.7,0.267453,Control
43.2133,54.692,0.267455,Control
43.215,54.683,0.267452,Control
43.2167,54.675,0.267448,Control
43.2183,54.667,0.267436,Control
43.22,54.658,0.267424,Control
43.2217,54.65,0.267409,Control
43.2233,54.642,0.267398,Control
43.225,54.633,0.267376,Control
43.2267,54.626,0.267353,Control
43.2283,54.617,0.267338,Control
43.23,54.608,0.267331,Control
43.2317,54.6,0.267328,Control
43.2333,54.592,0.267329,Control
43.235,54.584,0.267334,Control
43.2367,54.575,0.267339,Control
43.2383,54.567,0.267333,Control
43.24,54.559,0.267326,Control
43.2417,54.55,0.267323,Control
43.2433,54.542,0.267305,Control
43.245,54.533,0.267274,Control
43.2467,54.525,0.267199,Control
43.2483,54.517,0.26714,Control
43.25,54.509,0.267092,Control
43.2517,54.501,0.267024,Control
43.2533,54.491,0.267001,Control
43.255,54.484,0.266988,Control
43.2567,54.475,0.266978,Control
43.2583,54.468,0.266977,Control
43.26,54.459,0.266984,Control
43.2617,54.449,0.266988,Control
43.2633,54.442,0.266993,Control
43.265,54.434,0.266991,Control
43.2667,54.425,0.26699,Control
43.2683,54.417,0.266994,Control
43.27,54.409,0.266993,Control
43.2717,54.398,0.266995,Control
43.2733,54.392,0.266996,Control
43.275,54.383,0.267,Control
43.2767,54.374,0.267,Control
43.2783,54.367,0.266999,Control
43.28,54.358,0.267001,Control
43.2817,54.35,0.267003,Control
43.2833,54.341,0.266993,Control
43.285,54.333,0.266977,Control
43.2867,54.325,0.26697,Control
43.2883,54.316,0.266962,Control
43.29,54.308,0.266957,Control
43.2917,54.3,0.266963,Control
43.2933,54.292,0.266966,Control
43.295,54.284,0.26696,Control
43.2967,54.275,0.266952,Control
43.2983,54.267,0.266945,Control
43.3,54.259,0.266936,Control
43.3017,54.25,0.266927,Control
43.3033,54.242,0.266915,Control
43.305,54.234,0.26691,Control
43.3067,54.226,0.266909,Control
43.3083,54.217,0.266914,Control
43.31,54.208,0.266918,Control
43.3117,54.201,0.266927,Control
43.3133,54.192,0.266932,Control
43.315,54.183,0.266939,Control
43.3167,54.175,0.266935,Control
43.3183,54.167,0.266925,Control
43.32,54.159,0.266909,Control
43.3217,54.151,0.266894,Control
43.3233,54.142,0.266884,Control
43.325,54.133,0.266879,Control
43.3267,54.126,0.266873,Control
43.3283,54.117,0.26686,Control
43.33,54.108,0.266853,Control
43.3317,54.1,0.266843,Control
43.3333,54.092,0.266827,Control
43.335,54.083,0.266809,Control
43.3367,54.076,0.266792,Control
43.3383,54.067,0.266774,Control
43.34,54.059,0.26675,Control
43.3417,54.05,0.266728,Control
43.3433,54.043,0.266707,Control
43.345,54.035,0.266685,Control
43.3467,54.025,0.266668,Control
43.3483,54.017,0.266667,Control
43.35,54.009,0.266675,Control
43.3517,54.001,0.266686,Control
43.3533,53.992,0.266714,Control
43.355,53.983,0.266763,Control
43.3567,53.976,0.266797,Control
43.3583,53.967,0.266814,Control
43.36,53.959,0.266821,Control
43.3617,53.951,0.266822,Control
43.3633,53.942,0.266818,Control
43.365,53.933,0.26681,Control
43.3667,53.925,0.2668,Control
43.3683,53.916,0.266794,Control
43.37,53.909,0.266792,Control
43.3717,53.901,0.26679,Control
43.3733,53.891,0.26679,Control
43.375,53.883,0.266795,Control
43.3767,53.875,0.266799,Control
43.3783,53.867,0.2668,Control
43.38,53.859,0.266803,Control
43.3817,53.85,0.266808,Control
43.3833,53.842,0.266806,Control
43.385,53.834,0.266798,Control
43.3867,53.825,0.266789,Control
43.3883,53.816,0.266782,Control
43.39,53.809,0.266769,Control
43.3917,53.8,0.266758,Control
43.3933,53.792,0.266751,Control
43.395,53.784,0.266744,Control
43.3967,53.776,0.266739,Control
43.3983,53.768,0.266739,Control
43.4,53.759,0.266739,Control
43.4017,53.751,0.266747,Control
43.4033,53.743,0.26675,Control
43.405,53.734,0.266753,Control
43.4067,53.725,0.266763,Control
43.4083,53.718,0.266767,Control
43.41,53.709,0.266764,Control
43.4117,53.7,0.266758,Control
43.4133,53.693,0.266752,Control
43.415,53.684,0.266747,Control
43.4167,53.675,0.266739,Control
43.4183,53.668,0.26673,Control
43.42,53.659,0.266727,Control
43.4217,53.652,0.266727,Control
43.4233,53.643,0.266728,Control
43.425,53.634,0.266727,Control
43.4267,53.626,0.266723,Control
43.4283,53.617,0.266714,Control
43.43,53.609,0.2667,Control
43.4317,53.6,0.266685,Control
43.4333,53.593,0.266678,Control
43.435,53.585,0.266673,Control
43.4367,53.576,0.266668,Control
43.4383,53.567,0.266665,Control
43.44,53.559,0.266663,Control
43.4417,53.551,0.266659,Control
43.4433,53.543,0.26665,Control
43.445,53.534,0.266639,Control
43.4467,53.526,0.266621,Control
43.4483,53.517,0.266584,Control
43.45,53.508,0.266553,Control
43.4517,53.501,0.266539,Control
43.4533,53.492,0.266534,Control
43.455,53.485,0.266533,Control
43.4567,53.476,0.266542,Control
43.4583,53.467,0.26655,Control
43.46,53.46,0.266553,Control
43.4617,53.451,0.266557,Control
43.4633,53.443,0.266566,Control
43.465,53.434,0.26657,Control
43.4667,53.426,0.266566,Control
43.4683,53.418,0.266559,Control
43.47,53.41,0.266559,Control
43.4717,53.401,0.266563,Control
43.4733,53.392,0.266559,Control
43.475,53.384,0.266553,Control
43.4767,53.376,0.266537,Control
43.4783,53.368,0.266518,Control
43.48,53.36,0.266502,Control
43.4817,53.351,0.26649,Control
43.4833,53.343,0.266475,Control
43.485,53.334,0.266452,Control
43.4867,53.325,0.266433,Control
43.4883,53.318,0.266431,Control
43.49,53.31,0.26644,Control
43.4917,53.301,0.266452,Control
43.4933,53.293,0.266469,Control
43.495,53.284,0.266475,Control
43.4967,53.276,0.266474,Control
43.4983,53.267,0.266474,Control
43.5,53.259,0.266473,Control
43.5017,53.252,0.266467,Control
43.5033,53.242,0.266449,Control
43.505,53.235,0.266423,Control
43.5067,53.226,0.266403,Control
43.5083,53.218,0.266386,Control
43.51,53.209,0.266375,Control
43.5117,53.202,0.266381,Control
43.5133,53.193,0.26639,Control
43.515,53.184,0.266398,Control
43.5167,53.176,0.266403,Control
43.5183,53.168,0.266413,Control
43.52,53.159,0.266422,Control
43.5217,53.152,0.266424,Control
43.5233,53.143,0.266414,Control
43.525,53.135,0.266404,Control
43.5267,53.126,0.266384,Control
43.5283,53.118,0.266355,Control
43.53,53.11,0.26634,Control
43.5317,53.101,0.266331,Control
43.5333,53.092,0.266319,Control
43.535,53.085,0.266302,Control
43.5367,53.076,0.266283,Control
43.5383,53.067,0.266269,Control
43.54,53.06,0.266262,Control
43.5417,53.051,0.266258,Control
43.5433,53.043,0.266263,Control
43.545,53.035,0.266273,Control
43.5467,53.026,0.266281,Control
43.5483,53.017,0.266295,Control
43.55,53.009,0.26631,Control
43.5517,53.001,0.266323,Control
43.5533,52.992,0.266334,Control
43.555,52.984,0.266341,Control
43.5567,52.976,0.266342,Control
43.5583,52.968,0.266332,Control
43.56,52.96,0.266318,Control
43.5617,52.951,0.266302,Control
43.5633,52.943,0.26629,Control
43.565,52.934,0.266271,Control
43.5667,52.925,0.266237,Control
43.5683,52.917,0.266195,Control
43.57,52.909,0.26617,Control
43.5717,52.9,0.266148,Control
43.5733,52.892,0.266121,Control
43.575,52.884,0.266107,Control
43.5767,52.876,0.266104,Control
43.5783,52.868,0.266104,Control
43.58,52.859,0.266106,Control
43.5817,52.851,0.266108,Control
43.5833,52.843,0.266114,Control
43.585,52.834,0.266108,Control
43.5867,52.825,0.266095,Control
43.5883,52.817,0.266089,Control
43.59,52.808,0.266081,Control
43.5917,52.8,0.266073,Control
43.5933,52.792,0.266068,Control
43.595,52.783,0.26607,Control
43.5967,52.776,0.266083,Control
43.5983,52.767,0.266091,Control
43.6,52.758,0.266099,Control
43.6017,52.751,0.2661,Control
43.6033,52.742,0.266092,Control
43.605,52.735,0.266077,Control
43.6067,52.725,0.26606,Control
43.6083,52.718,0.266046,Control
43.61,52.71,0.266038,Control
43.6117,52.702,0.266032,Control
43.6133,52.692,0.266036,Control
43.615,52.684,0.266038,Control
43.6167,52.676,0.266035,Control
43.6183,52.668,0.266027,Control
43.62,52.659,0.266017,Control
43.6217,52.65,0.266002,Control
43.6233,52.642,0.265985,Control
43.625,52.635,0.265965,Control
43.6267,52.626,0.265941,Control
43.6283,52.618,0.265922,Control
43.63,52.609,0.265906,Control
43.6317,52.6,0.265895,Control
43.6333,52.593,0.265884,Control
43.635,52.584,0.265879,Control
43.6367,52.577,0.265873,Control
43.6383,52.568,0.265865,Control
43.64,52.559,0.265858,Control
43.6417,52.551,0.265846,Control
43.6433,52.542,0.265828,Control
43.645,52.534,0.265805,Control
43.6467,52.525,0.265781,Control
43.6483,52.517,0.265765,Control
43.65,52.51,0.26575,Control
43.6517,52.502,0.265733,Control
43.6533,52.493,0.265726,Control
43.655,52.485,0.265727,Control
43.6567,52.477,0.265731,Control
43.6583,52.468,0.265729,Control
43.66,52.46,0.265717,Control
43.6617,52.452,0.265709,Control
43.6633,52.443,0.265696,Control
43.665,52.435,0.26569,Control
43.6667,52.426,0.265686,Control
43.6683,52.419,0.265676,Control
43.67,52.41,0.265664,Control
43.6717,52.401,0.265662,Control
43.6733,52.394,0.265665,Control
43.675,52.385,0.265666,Control
43.6767,52.376,0.265664,Control
43.6783,52.368,0.265658,Control
43.68,52.36,0.265652,Control
43.6817,52.352,0.265644,Control
43.6833,52.344,0.265641,Control
43.685,52.335,0.265637,Control
43.6867,52.326,0.265636,Control
43.6883,52.318,0.265623,Control
43.69,52.31,0.265615,Control
43.6917,52.301,0.265609,Control
43.6933,52.293,0.265598,Control
43.695,52.284,0.265586,Control
43.6967,52.277,0.265562,Control
43.6983,52.268,0.265542,Control
43.7,52.259,0.265522,Control
43.7017,52.25,0.265499,Control
43.7033,52.243,0.265473,Control
43.705,52.236,0.265457,Control
43.7067,52.227,0.265446,Control
43.7083,52.218,0.26544,Control
43.71,52.21,0.265436,Control
43.7117,52.201,0.265441,Control
43.7133,52.193,0.265446,Control
43.715,52.184,0.265448,Control
43.7167,52.177,0.265445,Control
43.7183,52.168,0.265446,Control
43.72,52.16,0.26544,Control
43.7217,52.152,0.265428,Control
43.7233,52.143,0.265414,Control
43.725,52.136,0.265403,Control
43.7267,52.127,0.265388,Control
43.7283,52.119,0.265377,Control
43.73,52.11,0.265371,Control
43.7317,52.102,0.265369,Control
43.7333,52.094,0.265367,Control
43.735,52.085,0.265365,Control
43.7367,52.077,0.265361,Control
43.7383,52.069,0.265354,Control
43.74,52.06,0.265346,Control
43.7417,52.052,0.265337,Control
43.7433,52.043,0.265318,Control
43.745,52.035,0.26529,Control
43.7467,52.028,0.265261,Control
43.7483,52.019,0.265237,Control
43.75,52.01,0.265223,Control
43.7517,52.002,0.265207,Control
43.7533,51.993,0.265188,Control
43.755,51.985,0.26517,Control
43.7567,51.978,0.265165,Control
43.7583,51.968,0.265162,Control
43.76,51.96,0.265159,Control
43.7617,51.952,0.265152,Control
43.7633,51.943,0.265142,Control
43.765,51.936,0.265141,Control
43.7667,51.927,0.265142,Control
43.7683,51.918,0.265153,Control
43.77,51.911,0.265159,Control
43.7717,51.902,0.265161,Control
43.7733,51.893,0.26516,Control
43.775,51.886,0.265166,Control
43.7767,51.877,0.265176,Control
43.7783,51.868,0.265181,Control
43.78,51.86,0.265176,Control
43.7817,51.852,0.265175,Control
43.7833,51.844,0.265169,Control
43.785,51.835,0.265171,Control
43.7867,51.827,0.265171,Control
43.7883,51.818,0.265168,Control
43.79,51.81,0.265168,Control
43.7917,51.802,0.265165,Control
43.7933,51.793,0.265163,Control
43.795,51.785,0.265164,Control
43.7967,51.777,0.265171,Control
43.7983,51.768,0.265177,Control
43.8,51.761,0.265178,Control
43.8017,51.752,0.265172,Control
43.8033,51.744,0.265162,Control
43.805,51.736,0.26516,Control
43.8067,51.726,0.265162,Control
43.8083,51.719,0.26517,Control
43.81,51.71,0.265176,Control
43.8117,51.702,0.265178,Control
43.8133,51.693,0.265177,Control
43.815,51.685,0.265179,Control
43.8167,51.677,0.265184,Control
43.8183,51.668,0.265179,Control
43.82,51.66,0.265168,Control
43.8217,51.651,0.265149,Control
43.8233,51.643,0.265132,Control
43.825,51.635,0.265119,Control
43.8267,51.626,0.265118,Control
43.8283,51.619,0.265117,Control
43.83,51.61,0.265117,Control
43.8317,51.602,0.265116,Control
43.8333,51.594,0.265115,Control
43.835,51.585,0.265117,Control
43.8367,51.577,0.265115,Control
43.8383,51.568,0.265101,Control
43.84,51.56,0.265079,Control
43.8417,51.552,0.265028,Control
43.8433,51.543,0.264991,Control
43.845,51.535,0.264975,Control
43.8467,51.526,0.264964,Control
43.8483,51.518,0.264959,Control
43.85,51.51,0.264965,Control
43.8517,51.502,0.264973,Control
43.8533,51.494,0.264982,Control
43.855,51.485,0.264989,Control
43.8567,51.478,0.264987,Control
43.8583,51.468,0.264979,Control
43.86,51.46,0.264965,Control
43.8617,51.451,0.264955,Control
43.8633,51.444,0.264951,Control
43.865,51.436,0.264955,Control
43.8667,51.427,0.264957,Control
43.8683,51.419,0.264963,Control
43.87,51.41,0.264972,Control
43.8717,51.403,0.264979,Control
43.8733,51.393,0.264975,Control
43.875,51.386,0.264965,Control
43.8767,51.378,0.264953,Control
43.8783,51.368,0.264942,Control
43.88,51.36,0.264936,Control
43.8817,51.352,0.264926,Control
43.8833,51.343,0.26491,Control
43.885,51.335,0.264897,Control
43.8867,51.327,0.264883,Control
43.8883,51.318,0.264884,Control
43.89,51.31,0.264879,Control
43.8917,51.302,0.264875,Control
43.8933,51.293,0.264873,Control
43.895,51.285,0.264877,Control
43.8967,51.276,0.264886,Control
43.8983,51.269,0.2649,Control
43.9,51.26,0.264906,Control
43.9017,51.251,0.264899,Control
43.9033,51.243,0.264891,Control
43.905,51.235,0.264875,Control
43.9067,51.227,0.264864,Control
43.9083,51.219,0.264848,Control
43.91,51.21,0.264827,Control
43.9117,51.202,0.264811,Control
43.9133,51.194,0.264797,Control
43.915,51.186,0.264784,Control
43.9167,51.176,0.264778,Control
43.9183,51.168,0.264761,Control
43.92,51.161,0.264745,Control
43.9217,51.153,0.264732,Control
43.9233,51.143,0.264719,Control
43.925,51.136,0.264712,Control
43.9267,51.128,0.264711,Control
43.9283,51.118,0.264722,Control
43.93,51.11,0.264744,Control
43.9317,51.102,0.264755,Control
43.9333,51.093,0.264764,Control
43.935,51.084,0.26477,Control
43.9367,51.077,0.264768,Control
43.9383,51.07,0.264767,Control
43.94,51.061,0.264761,Control
43.9417,51.051,0.264758,Control
43.9433,51.043,0.264748,Control
43.945,51.035,0.264738,Control
43.9467,51.028,0.264738,Control
43.9483,51.018,0.264738,Control
43.95,51.01,0.264738,Control
43.9517,51.002,0.264733,Control
43.9533,50.994,0.264716,Control
43.955,50.986,0.264697,Control
43.9567,50.977,0.264688,Control
43.9583,50.969,0.264674,Control
43.96,50.96,0.264665,Control
43.9617,50.952,0.264657,Control
43.9633,50.943,0.264647,Control
43.965,50.935,0.264642,Control
43.9667,50.927,0.264642,Control
43.9683,50.919,0.264653,Control
43.97,50.911,0.26466,Control
43.9717,50.902,0.264655,Control
43.9733,50.894,0.264647,Control
43.975,50.886,0.264637,Control
43.9767,50.877,0.264617,Control
43.9783,50.869,0.2646,Control
43.98,50.861,0.264587,Control
43.9817,50.851,0.264578,Control
43.9833,50.843,0.264571,Control
43.985,50.835,0.264566,Control
43.9867,50.827,0.26457,Control
43.9883,50.819,0.26458,Control
43.99,50.811,0.264583,Control
43.9917,50.801,0.26458,Control
43.9933,50.795,0.264576,Control
43.995,50.786,0.264564,Control
43.9967,50.777,0.264547,Control
43.9983,50.769,0.264532,Control
44,50.76,0.264513,Control
44.0017,50.752,0.26449,Control
44.0033,50.743,0.264463,Control
44.005,50.736,0.264441,Control
44.0067,50.727,0.264425,Control
44.0083,50.719,0.264415,Control
44.01,50.711,0.264416,Control
44.0117,50.702,0.264429,Control
44.0133,50.693,0.264441,Control
44.015,50.686,0.264459,Control
44.0167,50.678,0.264488,Control
44.0183,50.669,0.264508,Control
44.02,50.66,0.264515,Control
44.0217,50.652,0.264505,Control
44.0233,50.643,0.264484,Control
44.025,50.635,0.264462,Control
44.0267,50.627,0.264444,Control
44.0283,50.618,0.26443,Control
44.03,50.61,0.264418,Control
44.0317,50.602,0.264402,Control
44.0333,50.593,0.26439,Control
44.035,50.586,0.264391,Control
44.0367,50.576,0.264396,Control
44.0383,50.569,0.2644,Control
44.04,50.559,0.264402,Control
44.0417,50.552,0.264397,Control
44.0433,50.543,0.264389,Control
44.045,50.535,0.26439,Control
44.0467,50.527,0.264392,Control
44.0483,50.519,0.264387,Control
44.05,50.511,0.264381,Control
44.0517,50.501,0.264372,Control
44.0533,50.494,0.264366,Control
44.055,50.485,0.264356,Control
44.0567,50.477,0.264348,Control
44.0583,50.468,0.264345,Control
44.06,50.46,0.264334,Control
44.0617,50.452,0.264316,Control
44.0633,50.444,0.264304,Control
44.065,50.435,0.264294,Control
44.0667,50.426,0.264291,Control
44.0683,50.419,0.264296,Control
44.07,50.411,0.264308,Control
44.0717,50.402,0.264318,Control
44.0733,50.394,0.264328,Control
44.075,50.385,0.264334,Control
44.0767,50.376,0.264341,Control
44.0783,50.369,0.264349,Control
44.08,50.36,0.26435,Control
44.0817,50.351,0.264346,Control
44.0833,50.344,0.264341,Control
44.085,50.335,0.264342,Control
44.0867,50.327,0.26435,Control
44.0883,50.318,0.26436,Control
44.09,50.311,0.264365,Control
44.0917,50.303,0.26436,Control
44.0933,50.294,0.264356,Control
44.095,50.285,0.264354,Control
44.0967,50.278,0.264354,Control
44.0983,50.268,0.264347,Control
44.1,50.26,0.264333,Control
44.1017,50.252,0.264325,Control
44.1033,50.244,0.264317,Control
44.105,50.236,0.264313,Control
44.1067,50.227,0.264311,Control
44.1083,50.219,0.264308,Control
44.11,50.211,0.264296,Control
44.1117,50.202,0.264293,Control
44.1133,50.193,0.264287,Control
44.115,50.185,0.264278,Control
44.1167,50.176,0.264263,Control
44.1183,50.169,0.264243,Control
44.12,50.16,0.264226,Control
44.1217,50.152,0.264211,Control
44.1233,50.144,0.264203,Control
44.125,50.135,0.264202,Control
44.1267,50.126,0.264205,Control
44.1283,50.118,0.264194,Control
44.13,50.11,0.264187,Control
44.1317,50.101,0.264179,Control
44.1333,50.094,0.264167,Control
44.135,50.085,0.264159,Control
44.1367,50.077,0.264148,Control
44.1383,50.068,0.264132,Control
44.14,50.061,0.264119,Control
44.1417,50.052,0.264111,Control
44.1433,50.044,0.26411,Control
44.145,50.035,0.264113,Control
44.1467,50.027,0.264113,Control
44.1483,50.019,0.264109,Control
44.15,50.011,0.264097,Control
44.1517,50.003,0.264087,Control
44.1533,49.994,0.264083,Control
44.155,49.985,0.264072,Control
44.1567,49.978,0.264062,Control
44.1583,49.969,0.264053,Control
44.16,49.961,0.26404,Control
44.1617,49.952,0.26403,Control
44.1633,49.944,0.264023,Control
44.165,49.936,0.264022,Control
44.1667,49.928,0.264028,Control
44.1683,49.919,0.264025,Control
44.17,49.912,0.264018,Control
44.1717,49.903,0.264005,Control
44.1733,49.894,0.26398,Control
44.175,49.886,0.263956,Control
44.1767,49.878,0.263939,Control
44.1783,49.87,0.263926,Control
44.18,49.861,0.263912,Control
44.1817,49.853,0.263899,Control
44.1833,49.845,0.263894,Control
44.185,49.837,0.263903,Control
44.1867,49.829,0.26392,Control
44.1883,49.82,0.263961,Control
44.19,49.812,0.263979,Control
44.1917,49.804,0.263982,Control
44.1933,49.795,0.263984,Control
44.195,49.786,0.263987,Control
44.1967,49.778,0.263992,Control
44.1983,49.77,0.263996,Control
44.2,49.761,0.263994,Control
44.2017,49.754,0.263979,Control
44.2033,49.745,0.263963,Control
44.205,49.736,0.263947,Control
44.2067,49.728,0.263932,Control
44.2083,49.721,0.263922,Control
44.21,49.711,0.263908,Control
44.2117,49.704,0.263899,Control
44.2133,49.695,0.263886,Control
44.215,49.686,0.263882,Control
44.2167,49.679,0.263889,Control
44.2183,49.67,0.263906,Control
44.22,49.662,0.263924,Control
44.2217,49.654,0.263943,Control
44.2233,49.645,0.263955,Control
44.225,49.636,0.263957,Control
44.2267,49.628,0.263959,Control
44.2283,49.62,0.263958,Control
44.23,49.612,0.263958,Control
44.2317,49.602,0.263955,Control
44.2333,49.595,0.263953,Control
44.235,49.587,0.263953,Control
44.2367,49.578,0.263957,Control
44.2383,49.57,0.26397,Control
44.24,49.561,0.26399,Control
44.2417,49.553,0.26401,Control
44.2433,49.545,0.264024,Control
44.245,49.536,0.264032,Control
44.2467,49.528,0.264029,Control
44.2483,49.52,0.264019,Control
44.25,49.511,0.264004,Control
44.2517,49.503,0.263994,Control
44.2533,49.495,0.263983,Control
44.255,49.486,0.263963,Control
44.2567,49.477,0.263948,Control
44.2583,49.468,0.263938,Control
44.26,49.461,0.26393,Control
44.2617,49.452,0.263921,Control
44.2633,49.443,0.263915,Control
44.265,49.436,0.263913,Control
44.2667,49.427,0.263906,Control
44.2683,49.42,0.263901,Control
44.27,49.411,0.263901,Control
44.2717,49.403,0.263907,Control
44.2733,49.394,0.263911,Control
44.275,49.386,0.263913,Control
44.2767,49.378,0.263914,Control
44.2783,49.369,0.263916,Control
44.28,49.361,0.263918,Control
44.2817,49.353,0.263922,Control
44.2833,49.344,0.263934,Control
44.285,49.336,0.263949,Control
44.2867,49.328,0.263959,Control
44.2883,49.319,0.263968,Control
44.29,49.312,0.263973,Control
44.2917,49.303,0.263971,Control
44.2933,49.295,0.263963,Control
44.295,49.287,0.263946,Control
44.2967,49.278,0.263925,Control
44.2983,49.269,0.263896,Control
44.3,49.261,0.263847,Control
44.3017,49.252,0.2638,Control
44.3033,49.244,0.263775,Control
44.305,49.236,0.263757,Control
44.3067,49.228,0.263732,Control
44.3083,49.22,0.263708,Control
44.31,49.211,0.263684,Control
44.3117,49.203,0.263671,Control
44.3133,49.195,0.263661,Control
44.315,49.187,0.263659,Control
44.3167,49.178,0.263661,Control
44.3183,49.17,0.263659,Control
44.32,49.162,0.263659,Control
44.3217,49.154,0.263664,Control
44.3233,49.146,0.26367,Control
44.325,49.137,0.263681,Control
44.3267,49.129,0.263689,Control
44.3283,49.121,0.263694,Control
44.33,49.112,0.263705,Control
44.3317,49.104,0.263716,Control
44.3333,49.095,0.263734,Control
44.335,49.086,0.263742,Control
44.3367,49.079,0.263738,Control
44.3383,49.071,0.263737,Control
44.34,49.062,0.263729,Control
44.3417,49.053,0.26371,Control
44.3433,49.046,0.263691,Control
44.345,49.038,0.263662,Control
44.3467,49.029,0.263622,Control
44.3483,49.02,0.263592,Control
44.35,49.013,0.263566,Control
44.3517,49.004,0.263549,Control
44.3533,48.995,0.263542,Control
44.355,48.988,0.263545,Control
44.3567,48.98,0.263556,Control
44.3583,48.971,0.263581,Control
44.36,48.963,0.26361,Control
44.3617,48.954,0.263625,Control
44.3633,48.946,0.263631,Control
44.365,48.938,0.263625,Control
44.3667,48.93,0.263605,Control
44.3683,48.921,0.263586,Control
44.37,48.912,0.263568,Control
44.3717,48.905,0.263553,Control
44.3733,48.896,0.263546,Control
44.375,48.887,0.263538,Control
44.3767,48.879,0.263533,Control
44.3783,48.871,0.26353,Control
44.38,48.862,0.263526,Control
44.3817,48.854,0.263526,Control
44.3833,48.846,0.263518,Control
44.385,48.837,0.263504,Control
44.3867,48.829,0.2635,Control
44.3883,48.82,0.263503,Control
44.39,48.813,0.263503,Control
44.3917,48.804,0.263514,Control
44.3933,48.796,0.263525,Control
44.395,48.787,0.263536,Control
44.3967,48.779,0.263544,Control
44.3983,48.769,0.263546,Control
44.4,48.762,0.263549,Control
44.4017,48.753,0.263545,Control
44.4033,48.745,0.263545,Control
44.405,48.737,0.263547,Control
44.4067,48.729,0.263549,Control
44.4083,48.72,0.263553,Control
44.41,48.712,0.263562,Control
44.4117,48.703,0.263572,Control
44.4133,48.696,0.263583,Control
44.415,48.688,0.263592,Control
44.4167,48.678,0.263601,Control
44.4183,48.669,0.263608,Control
44.42,48.661,0.263611,Control
44.4217,48.653,0.263603,Control
44.4233,48.645,0.263597,Control
44.425,48.637,0.263591,Control
44.4267,48.627,0.263584,Control
44.4283,48.619,0.263574,Control
44.43,48.611,0.263563,Control
44.4317,48.602,0.26355,Control
44.4333,48.594,0.263534,Control
44.435,48.586,0.26352,Control
44.4367,48.577,0.263507,Control
44.4383,48.569,0.263492,Control
44.44,48.562,0.26348,Control
44.4417,48.553,0.263471,Control
44.4433,48.545,0.263473,Control
44.445,48.537,0.263477,Control
44.4467,48.528,0.263482,Control
44.4483,48.519,0.263486,Control
44.45,48.511,0.26349,Control
44.4517,48.503,0.263494,Control
44.4533,48.494,0.263499,Control
44.455,48.486,0.263498,Control
44.4567,48.478,0.263482,Control
44.4583,48.471,0.263458,Control
44.46,48.462,0.263405,Control
44.4617,48.454,0.263378,Control
44.4633,48.445,0.263352,Control
44.465,48.437,0.26333,Control
44.4667,48.428,0.263309,Control
44.4683,48.42,0.263292,Control
44.47,48.411,0.263282,Control
44.4717,48.404,0.26327,Control
44.4733,48.395,0.26326,Control
44.475,48.388,0.263252,Control
44.4767,48.379,0.263242,Control
44.4783,48.37,0.263228,Control
44.48,48.363,0.26322,Control
44.4817,48.354,0.263215,Control
44.4833,48.345,0.26321,Control
44.485,48.337,0.263215,Control
44.4867,48.329,0.263224,Control
44.4883,48.321,0.263229,Control
44.49,48.312,0.263227,Control
44.4917,48.304,0.263214,Control
44.4933,48.295,0.263198,Control
44.495,48.287,0.263183,Control
44.4967,48.279,0.263165,Control
44.4983,48.27,0.263149,Control
44.5,48.263,0.263131,Control
44.5017,48.255,0.26311,Control
44.5033,48.246,0.263093,Control
44.505,48.236,0.263077,Control
44.5067,48.229,0.263062,Control
44.5083,48.221,0.263047,Control
44.51,48.212,0.263025,Control
44.5117,48.204,0.263,Control
44.5133,48.196,0.262987,Control
44.515,48.188,0.262979,Control
44.5167,48.179,0.262968,Control
44.5183,48.171,0.26296,Control
44.52,48.162,0.262962,Control
44.5217,48.154,0.262967,Control
44.5233,48.147,0.262976,Control
44.525,48.137,0.262982,Control
44.5267,48.129,0.262992,Control
44.5283,48.121,0.263007,Control
44.53,48.112,0.263018,Control
44.5317,48.104,0.263031,Control
44.5333,48.096,0.263046,Control
44.535,48.088,0.263056,Control
44.5367,48.079,0.263056,Control
44.5383,48.071,0.263055,Control
44.54,48.063,0.263046,Control
44.5417,48.054,0.263042,Control
44.5433,48.046,0.263039,Control
44.545,48.038,0.263035,Control
44.5467,48.029,0.263035,Control
44.5483,48.021,0.263042,Control
44.55,48.011,0.263053,Control
44.5517,48.003,0.263065,Control
44.5533,47.996,0.263078,Control
44.555,47.988,0.263083,Control
44.5567,47.979,0.263081,Control
44.5583,47.97,0.263068,Control
44.56,47.962,0.263056,Control
44.5617,47.954,0.263046,Control
44.5633,47.946,0.263042,Control
44.565,47.937,0.26304,Control
44.5667,47.929,0.263048,Control
44.5683,47.921,0.263057,Control
44.57,47.913,0.263062,Control
44.5717,47.903,0.263068,Control
44.5733,47.896,0.263078,Control
44.575,47.888,0.263083,Control
44.5767,47.878,0.263081,Control
44.5783,47.87,0.263079,Control
44.58,47.862,0.263079,Control
44.5817,47.854,0.263082,Control
44.5833,47.845,0.263085,Control
44.585,47.837,0.263079,Control
44.5867,47.829,0.263074,Control
44.5883,47.821,0.263065,Control
44.59,47.812,0.263054,Control
44.5917,47.804,0.26305,Control
44.5933,47.795,0.263038,Control
44.595,47.788,0.263025,Control
44.5967,47.779,0.263014,Control
44.5983,47.77,0.263013,Control
44.6,47.761,0.263014,Control
44.6017,47.753,0.263015,Control
44.6033,47.746,0.263012,Control
44.605,47.737,0.262998,Control
44.6067,47.729,0.262982,Control
44.6083,47.72,0.262963,Control
44.61,47.711,0.26295,Control
44.6117,47.704,0.262936,Control
44.6133,47.695,0.262926,Control
44.615,47.687,0.262917,Control
44.6167,47.678,0.262908,Control
44.6183,47.671,0.262898,Control
44.62,47.662,0.262889,Control
44.6217,47.653,0.262886,Control
44.6233,47.646,0.262884,Control
44.625,47.637,0.262883,Control
44.6267,47.629,0.262882,Control
44.6283,47.62,0.262881,Control
44.63,47.613,0.262881,Control
44.6317,47.605,0.26288,Control
44.6333,47.595,0.262888,Control
44.635,47.586,0.262889,Control
44.6367,47.579,0.262888,Control
44.6383,47.57,0.262884,Control
44.64,47.562,0.262869,Control
44.6417,47.553,0.262853,Control
44.6433,47.545,0.26284,Control
44.645,47.536,0.262831,Control
44.6467,47.529,0.262822,Control
44.6483,47.521,0.262811,Control
44.65,47.513,0.262807,Control
44.6517,47.503,0.262812,Control
44.6533,47.495,0.262821,Control
44.655,47.487,0.262832,Control
44.6567,47.479,0.262847,Control
44.6583,47.471,0.262862,Control
44.66,47.463,0.262873,Control
44.6617,47.453,0.262883,Control
44.6633,47.446,0.262893,Control
44.665,47.437,0.262904,Control
44.6667,47.429,0.262909,Control
44.6683,47.421,0.262918,Control
44.67,47.413,0.262922,Control
44.6717,47.404,0.262916,Control
44.6733,47.396,0.262902,Control
44.675,47.387,0.262892,Control
44.6767,47.379,0.262877,Control
44.6783,47.371,0.262855,Control
44.68,47.363,0.262785,Control
44.6817,47.354,0.262747,Control
44.6833,47.345,0.262729,Control
44.685,47.338,0.262717,Control
44.6867,47.328,0.262703,Control
44.6883,47.321,0.262692,Control
44.69,47.313,0.262679,Control
44.6917,47.304,0.262663,Control
44.6933,47.296,0.262655,Control
44.695,47.287,0.262653,Control
44.6967,47.279,0.262637,Control
44.6983,47.271,0.262619,Control
44.7,47.262,0.262599,Control
44.7017,47.255,0.262578,Control
44.7033,47.246,0.262561,Control
44.705,47.237,0.262545,Control
44.7067,47.229,0.262537,Control
44.7083,47.221,0.26253,Control
44.71,47.212,0.262522,Control
44.7117,47.204,0.26252,Control
44.7133,47.197,0.262529,Control
44.715,47.188,0.262536,Control
44.7167,47.179,0.262539,Control
44.7183,47.171,0.262541,Control
44.72,47.163,0.262541,Control
44.7217,47.153,0.262543,Control
44.7233,47.146,0.262538,Control
44.725,47.138,0.262534,Control
44.7267,47.129,0.262531,Control
44.7283,47.121,0.262523,Control
44.73,47.113,0.262512,Control
44.7317,47.104,0.262506,Control
44.7333,47.096,0.262506,Control
44.735,47.087,0.262508,Control
44.7367,47.081,0.262507,Control
44.7383,47.072,0.262508,Control
44.74,47.062,0.262518,Control
44.7417,47.055,0.262528,Control
44.7433,47.046,0.262532,Control
44.745,47.038,0.26253,Control
44.7467,47.03,0.262524,Control
44.7483,47.02,0.262513,Control
44.75,47.012,0.262499,Control
44.7517,47.005,0.262482,Control
44.7533,46.996,0.262474,Control
44.755,46.987,0.262475,Control
44.7567,46.98,0.262477,Control
44.7583,46.971,0.26248,Control
44.76,46.963,0.26248,Control
44.7617,46.954,0.26247,Control
44.7633,46.945,0.26245,Control
44.765,46.938,0.262442,Control
44.7667,46.93,0.262431,Control
44.7683,46.922,0.262424,Control
44.77,46.913,0.26241,Control
44.7717,46.906,0.262398,Control
44.7733,46.897,0.262401,Control
44.775,46.888,0.262404,Control
44.7767,46.881,0.262402,Control
44.7783,46.871,0.262395,Control
44.78,46.864,0.262383,Control
44.7817,46.855,0.262377,Control
44.7833,46.847,0.262377,Control
44.785,46.838,0.262379,Control
44.7867,46.83,0.262386,Control
44.7883,46.822,0.262395,Control
44.79,46.813,0.262405,Control
44.7917,46.805,0.262419,Control
44.7933,46.796,0.262429,Control
44.795,46.788,0.26243,Control
44.7967,46.779,0.262425,Control
44.7983,46.772,0.262423,Control
44.8,46.763,0.262413,Control
44.8017,46.756,0.262404,Control
44.8033,46.747,0.262401,Control
44.805,46.738,0.262407,Control
44.8067,46.731,0.262409,Control
44.8083,46.722,0.262406,Control
44.81,46.713,0.262408,Control
44.8117,46.705,0.262406,Control
44.8133,46.697,0.262398,Control
44.815,46.69,0.262391,Control
44.8167,46.68,0.262386,Control
44.8183,46.673,0.262376,Control
44.82,46.663,0.262359,Control
44.8217,46.654,0.26235,Control
44.8233,46.647,0.262347,Control
44.825,46.638,0.262344,Control
44.8267,46.63,0.262341,Control
44.8283,46.621,0.262347,Control
44.83,46.614,0.262356,Control
44.8317,46.605,0.26236,Control
44.8333,46.597,0.262368,Control
44.835,46.587,0.262375,Control
44.8367,46.58,0.262382,Control
44.8383,46.572,0.262385,Control
44.84,46.564,0.262388,Control
44.8417,46.556,0.26239,Control
44.8433,46.546,0.262393,Control
44.845,46.538,0.262395,Control
44.8467,46.529,0.26239,Control
44.8483,46.521,0.262378,Control
44.85,46.514,0.262364,Control
44.8517,46.505,0.262356,Control
44.8533,46.497,0.262344,Control
44.855,46.489,0.262317,Control
44.8567,46.481,0.262267,Control
44.8583,46.472,0.26223,Control
44.86,46.464,0.262204,Control
44.8617,46.456,0.262187,Control
44.8633,46.447,0.262174,Control
44.865,46.439,0.262163,Control
44.8667,46.431,0.262149,Control
44.8683,46.422,0.262141,Control
44.87,46.414,0.262134,Control
44.8717,46.405,0.262128,Control
44.8733,46.396,0.262121,Control
44.875,46.388,0.262122,Control
44.8767,46.38,0.262132,Control
44.8783,46.372,0.262141,Control
44.88,46.364,0.262151,Control
44.8817,46.355,0.26216,Control
44.8833,46.346,0.262161,Control
44.885,46.338,0.262163,Control
44.8867,46.33,0.262165,Control
44.8883,46.321,0.262161,Control
44.89,46.314,0.262148,Control
44.8917,46.306,0.26213,Control
44.8933,46.297,0.262114,Control
44.895,46.289,0.262105,Control
44.8967,46.281,0.262106,Control
44.8983,46.273,0.262106,Control
44.9,46.264,0.262101,Control
44.9017,46.255,0.262093,Control
44.9033,46.247,0.262094,Control
44.905,46.238,0.262102,Control
44.9067,46.229,0.262117,Control
44.9083,46.221,0.262129,Control
44.91,46.213,0.262132,Control
44.9117,46.205,0.262132,Control
44.9133,46.198,0.262128,Control
44.915,46.188,0.262124,Control
44.9167,46.18,0.262111,Control
44.9183,46.172,0.262097,Control
44.92,46.164,0.262082,Control
44.9217,46.156,0.262075,Control
44.9233,46.147,0.262075,Control
44.925,46.139,0.262077,Control
44.9267,46.131,0.26208,Control
44.9283,46.122,0.262075,Control
44.93,46.114,0.262062,Control
44.9317,46.106,0.262051,Control
44.9333,46.098,0.262035,Control
44.935,46.089,0.262018,Control
44.9367,46.08,0.262005,Control
44.9383,46.072,0.261999,Control
44.94,46.064,0.262002,Control
44.9417,46.055,0.262008,Control
44.9433,46.047,0.262019,Control
44.945,46.039,0.262053,Control
44.9467,46.031,0.26207,Control
44.9483,46.021,0.262074,Control
44.95,46.013,0.262076,Control
44.9517,46.006,0.262069,Control
44.9533,45.997,0.262053,Control
44.955,45.989,0.26204,Control
44.9567,45.98,0.262033,Control
44.9583,45.972,0.262026,Control
44.96,45.963,0.262017,Control
44.9617,45.955,0.262007,Control
44.9633,45.948,0.262001,Control
44.965,45.939,0.262009,Control
44.9667,45.93,0.262013,Control
44.9683,45.922,0.26202,Control
44.97,45.913,0.262032,Control
44.9717,45.905,0.26204,Control
44.9733,45.897,0.262047,Control
44.975,45.889,0.262052,Control
44.9767,45.881,0.262057,Control
44.9783,45.873,0.262056,Control
44.98,45.863,0.262041,Control
44.9817,45.856,0.262018,Control
44.9833,45.847,0.261996,Control
44.985,45.839,0.261977,Control
44.9867,45.831,0.261961,Control
44.9883,45.822,0.261953,Control
44.99,45.813,0.261942,Control
44.9917,45.805,0.261933,Control
44.9933,45.797,0.261929,Control
44.995,45.788,0.26192,Control
44.9967,45.781,0.261911,Control
44.9983,45.772,0.261897,Control
45,45.763,0.261881,Control
45.0017,45.756,0.261872,Control
45.0033,45.747,0.261865,Control
45.005,45.739,0.261858,Control
45.0067,45.73,0.26185,Control
45.0083,45.721,0.261837,Control
45.01,45.713,0.261826,Control
45.0117,45.705,0.261817,Control
45.0133,45.697,0.261809,Control
45.015,45.69,0.261803,Control
45.0167,45.679,0.261789,Control
45.0183,45.672,0.261777,Control
45.02,45.663,0.26177,Control
45.0217,45.654,0.261769,Control
45.0233,45.647,0.261774,Control
45.025,45.638,0.26178,Control
45.0267,45.629,0.26178,Control
45.0283,45.622,0.261779,Control
45.03,45.613,0.261778,Control
45.0317,45.604,0.261779,Control
45.0333,45.597,0.261777,Control
45.035,45.588,0.261775,Control
45.0367,45.58,0.261772,Control
45.0383,45.572,0.261764,Control
45.04,45.564,0.261753,Control
45.0417,45.555,0.261745,Control
45.0433,45.546,0.26174,Control
45.045,45.538,0.261733,Control
45.0467,45.53,0.261737,Control
45.0483,45.521,0.261738,Control
45.05,45.513,0.261728,Control
45.0517,45.505,0.261723,Control
45.0533,45.496,0.261713,Control
45.055,45.488,0.261703,Control
45.0567,45.48,0.261689,Control
45.0583,45.472,0.261681,Control
45.06,45.463,0.261671,Control
45.0617,45.455,0.261665,Control
45.0633,45.446,0.261662,Control
45.065,45.438,0.261661,Control
45.0667,45.429,0.261666,Control
45.0683,45.421,0.261675,Control
45.07,45.412,0.26168,Control
45.0717,45.404,0.261682,Control
45.0733,45.396,0.261677,Control
45.075,45.388,0.261664,Control
45.0767,45.379,0.261647,Control
45.0783,45.371,0.261623,Control
45.08,45.363,0.261599,Control
45.0817,45.355,0.261575,Control
45.0833,45.346,0.261554,Control
45.085,45.338,0.261541,Control
45.0867,45.33,0.26153,Control
45.0883,45.321,0.261513,Control
45.09,45.313,0.2615,Control
45.0917,45.305,0.261492,Control
45.0933,45.295,0.261481,Control
45.095,45.288,0.261477,Control
45.0967,45.28,0.261479,Control
45.0983,45.272,0.26147,Control
45.1,45.262,0.261466,Control
45.1017,45.254,0.261464,Control
45.1033,45.247,0.261467,Control
45.105,45.238,0.261459,Control
45.1067,45.23,0.261441,Control
45.1083,45.221,0.261419,Control
45.11,45.213,0.261401,Control
45.1117,45.204,0.261382,Control
45.1133,45.196,0.261374,Control
45.115,45.188,0.261366,Control
45.1167,45.181,0.261359,Control
45.1183,45.171,0.261352,Control
45.12,45.164,0.261351,Control
45.1217,45.155,0.261348,Control
45.1233,45.147,0.261341,Control
45.125,45.138,0.261328,Control
45.1267,45.13,0.26131,Control
45.1283,45.122,0.261288,Control
45.13,45.114,0.26127,Control
45.1317,45.105,0.261262,Control
45.1333,45.097,0.261249,Control
45.135,45.089,0.261239,Control
45.1367,45.081,0.261234,Control
45.1383,45.072,0.261232,Control
45.14,45.064,0.261237,Control
45.1417,45.056,0.261239,Control
45.1433,45.047,0.261241,Control
45.145,45.039,0.26124,Control
45.1467,45.03,0.261242,Control
45.1483,45.022,0.261244,Control
45.15,45.014,0.261243,Control
45.1517,45.005,0.261238,Control
45.1533,44.997,0.261231,Control
45.155,44.989,0.261225,Control
45.1567,44.98,0.261223,Control
45.1583,44.971,0.261219,Control
45.16,44.964,0.261203,Control
45.1617,44.956,0.261182,Control
45.1633,44.947,0.261154,Control
45.165,44.939,0.261129,Control
45.1667,44.93,0.261107,Control
45.1683,44.922,0.261089,Control
45.17,44.915,0.261077,Control
45.1717,44.905,0.261072,Control
45.1733,44.897,0.261066,Control
45.175,44.89,0.261068,Control
45.1767,44.879,0.261075,Control
45.1783,44.873,0.261084,Control
45.18,44.865,0.26109,Control
45.1817,44.856,0.261088,Control
45.1833,44.847,0.261079,Control
45.185,44.839,0.261082,Control
45.1867,44.831,0.26109,Control
45.1883,44.823,0.261105,Control
45.19,44.814,0.261121,Control
45.1917,44.805,0.261134,Control
45.1933,44.797,0.261142,Control
45.195,44.789,0.261147,Control
45.1967,44.781,0.261149,Control
45.1983,44.772,0.26115,Control
45.2,44.763,0.261152,Control
45.2017,44.756,0.261156,Control
45.2033,44.747,0.261159,Control
45.205,44.739,0.261158,Control
45.2067,44.731,0.261161,Control
45.2083,44.721,0.261163,Control
45.21,44.714,0.261164,Control
45.2117,44.705,0.261156,Control
45.2133,44.697,0.261145,Control
45.215,44.689,0.261132,Control
45.2167,44.68,0.261128,Control
45.2183,44.672,0.261136,Control
45.22,44.663,0.261158,Control
45.2217,44.655,0.261178,Control
45.2233,44.647,0.261193,Control
45.225,44.638,0.261202,Control
45.2267,44.631,0.2612,Control
45.2283,44.622,0.261193,Control
45.23,44.614,0.261166,Control
45.2317,44.605,0.261079,Control
45.2333,44.596,0.260981,Control
45.235,44.588,0.260922,Control
45.2367,44.58,0.260898,Control
45.2383,44.572,0.260882,Control
45.24,44.563,0.260881,Control
45.2417,44.556,0.260895,Control
45.2433,44.547,0.260916,Control
45.245,44.539,0.260927,Control
45.2467,44.53,0.260938,Control
45.2483,44.522,0.260943,Control
45.25,44.514,0.260936,Control
45.2517,44.506,0.260924,Control
45.2533,44.497,0.260901,Control
45.255,44.488,0.260862,Control
45.2567,44.48,0.260832,Control
45.2583,44.472,0.260815,Control
45.26,44.464,0.260807,Control
45.2617,44.455,0.260804,Control
45.2633,44.448,0.260811,Control
45.265,44.44,0.260817,Control
45.2667,44.431,0.260831,Control
45.2683,44.422,0.26085,Control
45.27,44.415,0.260865,Control
45.2717,44.405,0.260872,Control
45.2733,44.397,0.260874,Control
45.275,44.389,0.260874,Control
45.2767,44.381,0.260875,Control
45.2783,44.372,0.26087,Control
45.28,44.364,0.260854,Control
45.2817,44.355,0.260827,Control
45.2833,44.347,0.260804,Control
45.285,44.34,0.260785,Control
45.2867,44.33,0.260775,Control
45.2883,44.323,0.260767,Control
45.29,44.314,0.260759,Control
45.2917,44.306,0.260757,Control
45.2933,44.297,0.260758,Control
45.295,44.289,0.260757,Control
45.2967,44.28,0.260755,Control
45.2983,44.273,0.260742,Control
45.3,44.265,0.260721,Control
45.3017,44.255,0.260706,Control
45.3033,44.246,0.260691,Control
45.305,44.239,0.260677,Control
45.3067,44.231,0.260661,Control
45.3083,44.222,0.260649,Control
45.31,44.215,0.260644,Control
45.3117,44.206,0.260645,Control
45.3133,44.197,0.26065,Control
45.315,44.189,0.26065,Control
45.3167,44.181,0.260638,Control
45.3183,44.172,0.260626,Control
45.32,44.163,0.260615,Control
45.3217,44.156,0.260602,Control
45.3233,44.147,0.260589,Control
45.325,44.139,0.260582,Control
45.3267,44.131,0.260575,Control
45.3283,44.123,0.260573,Control
45.33,44.113,0.260571,Control
45.3317,44.106,0.260571,Control
45.3333,44.098,0.260576,Control
45.335,44.089,0.260574,Control
45.3367,44.081,0.260569,Control
45.3383,44.074,0.260561,Control
45.34,44.065,0.260551,Control
45.3417,44.056,0.260534,Control
45.3433,44.047,0.260538,Control
45.345,44.04,0.26054,Control
45.3467,44.032,0.260543,Control
45.3483,44.023,0.260553,Control
45.35,44.014,0.260557,Control
45.3517,44.006,0.26056,Control
45.3533,43.997,0.260558,Control
45.355,43.99,0.260555,Control
45.3567,43.979,0.260546,Control
45.3583,43.973,0.260538,Control
45.36,43.965,0.260519,Control
45.3617,43.956,0.260509,Control
45.3633,43.947,0.2605,Control
45.365,43.939,0.26049,Control
45.3667,43.931,0.260486,Control
45.3683,43.922,0.260478,Control
45.37,43.914,0.260466,Control
45.3717,43.905,0.260458,Control
45.3733,43.897,0.260459,Control
45.375,43.89,0.260456,Control
45.3767,43.881,0.260458,Control
45.3783,43.872,0.260469,Control
45.38,43.865,0.260476,Control
45.3817,43.856,0.260492,Control
45.3833,43.848,0.260502,Control
45.385,43.839,0.260501,Control
45.3867,43.831,0.260502,Control
45.3883,43.822,0.260499,Control
45.39,43.814,0.260493,Control
45.3917,43.806,0.260488,Control
45.3933,43.798,0.260482,Control
45.395,43.79,0.260479,Control
45.3967,43.78,0.260477,Control
45.3983,43.773,0.260477,Control
45.4,43.764,0.260481,Control
45.4017,43.756,0.260476,Control
45.4033,43.748,0.260455,Control
45.405,43.738,0.260427,Control
45.4067,43.73,0.260404,Control
45.4083,43.723,0.260378,Control
45.41,43.715,0.260354,Control
45.4117,43.707,0.260335,Control
45.4133,43.697,0.26032,Control
45.415,43.689,0.26031,Control
45.4167,43.681,0.260311,Control
45.4183,43.673,0.26032,Control
45.42,43.664,0.260328,Control
45.4217,43.656,0.260338,Control
45.4233,43.647,0.260348,Control
45.425,43.639,0.260358,Control
45.4267,43.631,0.260356,Control
45.4283,43.622,0.260346,Control
45.43,43.614,0.260336,Control
45.4317,43.606,0.260325,Control
45.4333,43.598,0.260324,Control
45.435,43.589,0.260322,Control
45.4367,43.58,0.26031,Control
45.4383,43.572,0.260297,Control
45.44,43.565,0.260284,Control
45.4417,43.555,0.260282,Control
45.4433,43.548,0.260294,Control
45.445,43.538,0.260302,Control
45.4467,43.53,0.260299,Control
45.4483,43.522,0.260294,Control
45.45,43.514,0.260285,Control
45.4517,43.505,0.260282,Control
45.4533,43.497,0.260282,Control
45.455,43.489,0.260279,Control
45.4567,43.481,0.260265,Control
45.4583,43.473,0.260244,Control
45.46,43.465,0.260228,Control
45.4617,43.456,0.260216,Control
45.4633,43.447,0.260201,Control
45.465,43.439,0.260186,Control
45.4667,43.431,0.260174,Control
45.4683,43.423,0.260163,Control
45.47,43.413,0.260161,Control
45.4717,43.406,0.260168,Control
45.4733,43.397,0.260176,Control
45.475,43.389,0.260175,Control
45.4767,43.381,0.260176,Control
45.4783,43.373,0.260176,Control
45.48,43.364,0.260169,Control
45.4817,43.357,0.260159,Control
45.4833,43.348,0.260144,Control
45.485,43.34,0.260123,Control
45.4867,43.331,0.260105,Control
45.4883,43.323,0.260099,Control
45.49,43.315,0.260095,Control
45.4917,43.306,0.260097,Control
45.4933,43.298,0.260091,Control
45.495,43.29,0.260083,Control
45.4967,43.281,0.260088,Control
45.4983,43.274,0.260089,Control
45.5,43.266,0.260097,Control
45.5017,43.257,0.260102,Control
45.5033,43.248,0.260102,Control
45.505,43.24,0.260098,Control
45.5067,43.232,0.260097,Control
45.5083,43.222,0.260094,Control
45.51,43.215,0.260092,Control
45.5117,43.207,0.260079,Control
45.5133,43.199,0.26006,Control
45.515,43.19,0.260043,Control
45.5167,43.181,0.260027,Control
45.5183,43.173,0.260016,Control
45.52,43.164,0.260002,Control
45.5217,43.156,0.259994,Control
45.5233,43.147,0.259987,Control
45.525,43.139,0.259984,Control
45.5267,43.131,0.259989,Control
45.5283,43.123,0.26,Control
45.53,43.115,0.260011,Control
45.5317,43.106,0.260016,Control
45.5333,43.098,0.260025,Control
45.535,43.09,0.260028,Control
45.5367,43.081,0.260027,Control
45.5383,43.073,0.260027,Control
45.54,43.066,0.26003,Control
45.5417,43.056,0.260029,Control
45.5433,43.048,0.260033,Control
45.545,43.039,0.260034,Control
45.5467,43.031,0.260031,Control
45.5483,43.022,0.260021,Control
45.55,43.015,0.260002,Control
45.5517,43.007,0.259986,Control
45.5533,42.998,0.259951,Control
45.555,42.99,0.259913,Control
45.5567,42.982,0.259891,Control
45.5583,42.973,0.259881,Control
45.56,42.964,0.259881,Control
45.5617,42.957,0.259897,Control
45.5633,42.947,0.25992,Control
45.565,42.94,0.259941,Control
45.5667,42.931,0.259962,Control
45.5683,42.924,0.259974,Control
45.57,42.915,0.25999,Control
45.5717,42.906,0.259995,Control
45.5733,42.898,0.259989,Control
45.575,42.89,0.259971,Control
45.5767,42.882,0.259951,Control
45.5783,42.873,0.259943,Control
45.58,42.865,0.25994,Control
45.5817,42.857,0.259933,Control
45.5833,42.848,0.259925,Control
45.585,42.841,0.259923,Control
45.5867,42.832,0.259923,Control
45.5883,42.824,0.259926,Control
45.59,42.815,0.259921,Control
45.5917,42.807,0.259914,Control
45.5933,42.799,0.259901,Control
45.595,42.79,0.259892,Control
45.5967,42.782,0.259891,Control
45.5983,42.775,0.259889,Control
45.6,42.765,0.259885,Control
45.6017,42.758,0.259878,Control
45.6033,42.748,0.259872,Control
45.605,42.741,0.259876,Control
45.6067,42.732,0.259887,Control
45.6083,42.724,0.259891,Control
45.61,42.714,0.259886,Control
45.6117,42.707,0.259885,Control
45.6133,42.699,0.259882,Control
45.615,42.69,0.25988,Control
45.6167,42.682,0.259876,Control
45.6183,42.673,0.259869,Control
45.62,42.665,0.259858,Control
45.6217,42.657,0.259841,Control
45.6233,42.649,0.25982,Control
45.625,42.639,0.259807,Control
45.6267,42.631,0.259796,Control
45.6283,42.623,0.259784,Control
45.63,42.615,0.259777,Control
45.6317,42.606,0.259779,Control
45.6333,42.599,0.259784,Control
45.635,42.59,0.259798,Control
45.6367,42.581,0.259816,Control
45.6383,42.573,0.259832,Control
45.64,42.565,0.25984,Control
45.6417,42.558,0.259844,Control
45.6433,42.548,0.259852,Control
45.645,42.54,0.259852,Control
45.6467,42.533,0.259846,Control
45.6483,42.524,0.259835,Control
45.65,42.514,0.259814,Control
45.6517,42.508,0.259783,Control
45.6533,42.499,0.259749,Control
45.655,42.49,0.259698,Control
45.6567,42.483,0.259659,Control
45.6583,42.474,0.259628,Control
45.66,42.465,0.259604,Control
45.6617,42.457,0.25959,Control
45.6633,42.449,0.259586,Control
45.665,42.441,0.259599,Control
45.6667,42.432,0.25962,Control
45.6683,42.424,0.259635,Control
45.67,42.415,0.259657,Control
45.6717,42.407,0.25968,Control
45.6733,42.399,0.259693,Control
45.675,42.391,0.259704,Control
45.6767,42.383,0.259705,Control
45.6783,42.373,0.259697,Control
45.68,42.365,0.259685,Control
45.6817,42.356,0.259672,Control
45.6833,42.348,0.259666,Control
45.685,42.34,0.259665,Control
45.6867,42.332,0.259658,Control
45.6883,42.324,0.259648,Control
45.69,42.315,0.259642,Control
45.6917,42.306,0.259642,Control
45.6933,42.299,0.259645,Control
45.695,42.29,0.25965,Control
45.6967,42.282,0.25965,Control
45.6983,42.274,0.259643,Control
45.7,42.265,0.259637,Control
45.7017,42.257,0.25963,Control
45.7033,42.249,0.259625,Control
45.705,42.241,0.259616,Control
45.7067,42.232,0.25961,Control
45.7083,42.224,0.259596,Control
45.71,42.215,0.259581,Control
45.7117,42.208,0.259565,Control
45.7133,42.199,0.259554,Control
45.715,42.189,0.259541,Control
45.7167,42.183,0.259527,Control
45.7183,42.174,0.259522,Control
45.72,42.166,0.259511,Control
45.7217,42.158,0.2595,Control
45.7233,42.149,0.259496,Control
45.725,42.14,0.259504,Control
45.7267,42.132,0.259512,Control
45.7283,42.124,0.259525,Control
45.73,42.116,0.259534,Control
45.7317,42.107,0.25954,Control
45.7333,42.099,0.259544,Control
45.735,42.09,0.259542,Control
45.7367,42.083,0.25954,Control
45.7383,42.074,0.259529,Control
45.74,42.065,0.259512,Control
45.7417,42.058,0.259497,Control
45.7433,42.048,0.259488,Control
45.745,42.041,0.259476,Control
45.7467,42.032,0.259461,Control
45.7483,42.024,0.259453,Control
45.75,42.016,0.259443,Control
45.7517,42.007,0.259428,Control
45.7533,41.999,0.259412,Control
45.755,41.99,0.2594,Control
45.7567,41.982,0.259387,Control
45.7583,41.974,0.259378,Control
45.76,41.965,0.259375,Control
45.7617,41.957,0.259375,Control
45.7633,41.948,0.259372,Control
45.765,41.94,0.259365,Control
45.7667,41.932,0.259365,Control
45.7683,41.924,0.259372,Control
45.77,41.916,0.259382,Control
45.7717,41.907,0.259391,Control
45.7733,41.899,0.259402,Control
45.775,41.89,0.25941,Control
45.7767,41.883,0.259411,Control
45.7783,41.874,0.259408,Control
45.78,41.866,0.2594,Control
45.7817,41.858,0.259387,Control
45.7833,41.849,0.259374,Control
45.785,41.84,0.259363,Control
45.7867,41.832,0.259351,Control
45.7883,41.823,0.25934,Control
45.79,41.817,0.259329,Control
45.7917,41.807,0.259325,Control
45.7933,41.799,0.259324,Control
45.795,41.79,0.259316,Control
45.7967,41.782,0.259297,Control
45.7983,41.773,0.259276,Control
45.8,41.766,0.259255,Control
45.8017,41.757,0.259242,Control
45.8033,41.75,0.259235,Control
45.805,41.742,0.259224,Control
45.8067,41.732,0.25922,Control
45.8083,41.724,0.259225,Control
45.81,41.716,0.259234,Control
45.8117,41.708,0.259239,Control
45.8133,41.699,0.259246,Control
45.815,41.691,0.259252,Control
45.8167,41.683,0.259252,Control
45.8183,41.675,0.259248,Control
45.82,41.666,0.259238,Control
45.8217,41.658,0.259221,Control
45.8233,41.649,0.259201,Control
45.825,41.641,0.259186,Control
45.8267,41.633,0.259174,Control
45.8283,41.623,0.259161,Control
45.83,41.615,0.25915,Control
45.8317,41.608,0.259139,Control
45.8333,41.599,0.259128,Control
45.835,41.591,0.259107,Control
45.8367,41.583,0.25909,Control
45.8383,41.575,0.259072,Control
45.84,41.565,0.259052,Control
45.8417,41.557,0.259038,Control
45.8433,41.549,0.259036,Control
45.845,41.541,0.259041,Control
45.8467,41.533,0.259045,Control
45.8483,41.525,0.259055,Control
45.85,41.516,0.259063,Control
45.8517,41.508,0.259067,Control
45.8533,41.499,0.259068,Control
45.855,41.491,0.259063,Control
45.8567,41.483,0.259056,Control
45.8583,41.474,0.259047,Control
45.86,41.466,0.25903,Control
45.8617,41.457,0.259017,Control
45.8633,41.45,0.259006,Control
45.865,41.441,0.258992,Control
45.8667,41.433,0.258987,Control
45.8683,41.424,0.258974,Control
45.87,41.416,0.25896,Control
45.8717,41.408,0.258947,Control
45.8733,41.399,0.258937,Control
45.875,41.392,0.258933,Control
45.8767,41.382,0.25893,Control
45.8783,41.375,0.258921,Control
45.88,41.366,0.258916,Control
45.8817,41.357,0.258908,Control
45.8833,41.35,0.258905,Control
45.885,41.342,0.258918,Control
45.8867,41.333,0.258936,Control
45.8883,41.325,0.258943,Control
45.89,41.316,0.258948,Control
45.8917,41.308,0.258951,Control
45.8933,41.299,0.258954,Control
45.895,41.291,0.258952,Control
45.8967,41.283,0.258945,Control
45.8983,41.275,0.258929,Control
45.9,41.267,0.258907,Control
45.9017,41.258,0.258891,Control
45.9033,41.25,0.258889,Control
45.905,41.241,0.258897,Control
45.9067,41.234,0.258904,Control
45.9083,41.225,0.258931,Control
45.91,41.216,0.25895,Control
45.9117,41.206,0.258965,Control
45.9133,41.199,0.258976,Control
45.915,41.191,0.258983,Control
45.9167,41.183,0.258985,Control
45.9183,41.174,0.258986,Control
45.92,41.167,0.258986,Control
45.9217,41.158,0.25899,Control
45.9233,41.149,0.258994,Control
45.925,41.14,0.258997,Control
45.9267,41.132,0.258999,Control
45.9283,41.124,0.258994,Control
45.93,41.117,0.25899,Control
45.9317,41.108,0.258987,Control
45.9333,41.099,0.258977,Control
45.935,41.091,0.258965,Control
45.9367,41.082,0.258951,Control
45.9383,41.074,0.258927,Control
45.94,41.066,0.258907,Control
45.9417,41.059,0.258888,Control
45.9433,41.049,0.25887,Control
45.945,41.041,0.258851,Control
45.9467,41.033,0.258837,Control
45.9483,41.024,0.258832,Control
45.95,41.016,0.258833,Control
45.9517,41.008,0.25884,Control
45.9533,40.999,0.258876,Control
45.955,40.991,0.258903,Control
45.9567,40.982,0.25891,Control
45.9583,40.975,0.258914,Control
45.96,40.965,0.258918,Control
45.9617,40.957,0.258924,Control
45.9633,40.95,0.258932,Control
45.965,40.942,0.258942,Control
45.9667,40.933,0.258947,Control
45.9683,40.924,0.258949,Control
45.97,40.916,0.258946,Control
45.9717,40.907,0.258957,Control
45.9733,40.899,0.258969,Control
45.975,40.891,0.258971,Control
45.9767,40.883,0.258957,Control
45.9783,40.875,0.258944,Control
45.98,40.867,0.258935,Control
45.9817,40.858,0.258931,Control
45.9833,40.849,0.258932,Control
45.985,40.841,0.258936,Control
45.9867,40.833,0.258936,Control
45.9883,40.824,0.258937,Control
45.99,40.817,0.258941,Control
45.9917,40.808,0.258945,Control
45.9933,40.799,0.25894,Control
45.995,40.792,0.258935,Control
45.9967,40.783,0.258936,Control
45.9983,40.775,0.258926,Control
46,40.766,0.258907,Control
46.0017,40.758,0.258889,Control
46.0033,40.75,0.258865,Control
46.005,40.741,0.258843,Control
46.0067,40.734,0.258823,Control
46.0083,40.725,0.258807,Control
46.01,40.716,0.258792,Control
46.0117,40.707,0.258777,Control
46.0133,40.7,0.258767,Control
46.015,40.691,0.258765,Control
46.0167,40.682,0.258761,Control
46.0183,40.674,0.258753,Control
46.02,40.667,0.258739,Control
46.0217,40.657,0.258717,Control
46.0233,40.649,0.258701,Control
46.025,40.641,0.258682,Control
46.0267,40.633,0.258661,Control
46.0283,40.624,0.258636,Control
46.03,40.616,0.258616,Control
46.0317,40.608,0.258594,Control
46.0333,40.6,0.258576,Control
46.035,40.592,0.258556,Control
46.0367,40.582,0.258543,Control
46.0383,40.574,0.258532,Control
46.04,40.566,0.258521,Control
46.0417,40.559,0.258521,Control
46.0433,40.55,0.258528,Control
46.045,40.541,0.258541,Control
46.0467,40.532,0.258583,Control
46.0483,40.525,0.258618,Control
46.05,40.515,0.258645,Control
46.0517,40.508,0.258657,Control
46.0533,40.499,0.258661,Control
46.055,40.492,0.258662,Control
46.0567,40.483,0.258656,Control
46.0583,40.476,0.258641,Control
46.06,40.466,0.258628,Control
46.0617,40.458,0.258616,Control
46.0633,40.45,0.258602,Control
46.065,40.441,0.258589,Control
46.0667,40.433,0.258578,Control
46.0683,40.425,0.258568,Control
46.07,40.417,0.258561,Control
46.0717,40.409,0.258549,Control
46.0733,40.401,0.258543,Control
46.075,40.391,0.258539,Control
46.0767,40.382,0.258528,Control
46.0783,40.375,0.258516,Control
46.08,40.366,0.258503,Control
46.0817,40.359,0.25849,Control
46.0833,40.35,0.258475,Control
46.085,40.341,0.258458,Control
46.0867,40.334,0.258446,Control
46.0883,40.324,0.258436,Control
46.09,40.317,0.258427,Control
46.0917,40.309,0.258428,Control
46.0933,40.3,0.25843,Control
46.095,40.291,0.258427,Control
46.0967,40.284,0.258426,Control
46.0983,40.273,0.258424,Control
46.1,40.267,0.258411,Control
46.1017,40.257,0.258398,Control
46.1033,40.25,0.258387,Control
46.105,40.242,0.258378,Control
46.1067,40.234,0.258372,Control
46.1083,40.225,0.258367,Control
46.11,40.217,0.258368,Control
46.1117,40.208,0.258365,Control
46.1133,40.199,0.25836,Control
46.115,40.192,0.258366,Control
46.1167,40.184,0.25838,Control
46.1183,40.175,0.258389,Control
46.12,40.168,0.258391,Control
46.1217,40.159,0.258389,Control
46.1233,40.15,0.258382,Control
46.125,40.143,0.258372,Control
46.1267,40.133,0.258359,Control
46.1283,40.125,0.258347,Control
46.13,40.118,0.25833,Control
46.1317,40.108,0.258321,Control
46.1333,40.1,0.25831,Control
46.135,40.091,0.258304,Control
46.1367,40.084,0.258299,Control
46.1383,40.075,0.258296,Control
46.14,40.067,0.258295,Control
46.1417,40.058,0.25829,Control
46.1433,40.05,0.258289,Control
46.145,40.043,0.258289,Control
46.1467,40.033,0.25829,Control
46.1483,40.025,0.25829,Control
46.15,40.017,0.258296,Control
46.1517,40.009,0.258291,Control
46.1533,40,0.258285,Control
46.155,39.992,0.258271,Control
46.1567,39.984,0.258257,Control
46.1583,39.975,0.258245,Control
46.16,39.967,0.258235,Control
46.1617,39.958,0.258221,Control
46.1633,39.951,0.2582,Control
46.165,39.943,0.258188,Control
46.1667,39.933,0.258183,Control
46.1683,39.926,0.258186,Control
46.17,39.918,0.258181,Control
46.1717,39.908,0.25817,Control
46.1733,39.901,0.258155,Control
46.175,39.893,0.25815,Control
46.1767,39.883,0.258141,Control
46.1783,39.876,0.258132,Control
46.18,39.867,0.258124,Control
46.1817,39.859,0.258113,Control
46.1833,39.852,0.258104,Control
46.185,39.842,0.258094,Control
46.1867,39.834,0.258086,Control
46.1883,39.825,0.258068,Control
46.19,39.818,0.258058,Control
46.1917,39.808,0.258056,Control
46.1933,39.801,0.25806,Control
46.195,39.792,0.258067,Control
46.1967,39.784,0.258079,Control
46.1983,39.776,0.258093,Control
46.2,39.767,0.258114,Control
46.2017,39.759,0.258127,Control
46.2033,39.75,0.258134,Control
46.205,39.743,0.258131,Control
46.2067,39.734,0.258123,Control
46.2083,39.725,0.258118,Control
46.21,39.717,0.258116,Control
46.2117,39.708,0.258113,Control
46.2133,39.701,0.258107,Control
46.215,39.693,0.258104,Control
46.2167,39.684,0.258103,Control
46.2183,39.676,0.258102,Control
46.22,39.667,0.258096,Control
46.2217,39.66,0.258084,Control
46.2233,39.652,0.258074,Control
46.225,39.642,0.258069,Control
46.2267,39.634,0.258077,Control
46.2283,39.627,0.25809,Control
46.23,39.617,0.258106,Control
46.2317,39.609,0.25812,Control
46.2333,39.601,0.258131,Control
46.235,39.593,0.258142,Control
46.2367,39.584,0.258141,Control
46.2383,39.576,0.258125,Control
46.24,39.568,0.258101,Control
46.2417,39.559,0.258069,Control
46.2433,39.55,0.25804,Control
46.245,39.543,0.258016,Control
46.2467,39.535,0.257994,Control
46.2483,39.526,0.25797,Control
46.25,39.517,0.257952,Control
46.2517,39.509,0.257934,Control
46.2533,39.501,0.257929,Control
46.255,39.492,0.257925,Control
46.2567,39.484,0.257922,Control
46.2583,39.476,0.257922,Control
46.26,39.467,0.257933,Control
46.2617,39.459,0.257947,Control
46.2633,39.451,0.257975,Control
46.265,39.442,0.257994,Control
46.2667,39.435,0.258019,Control
46.2683,39.425,0.258031,Control
46.27,39.418,0.258037,Control
46.2717,39.41,0.258041,Control
46.2733,39.4,0.25804,Control
46.275,39.392,0.25804,Control
46.2767,39.385,0.258038,Control
46.2783,39.375,0.258043,Control
46.28,39.368,0.258052,Control
46.2817,39.358,0.258059,Control
46.2833,39.35,0.258062,Control
46.285,39.342,0.258067,Control
46.2867,39.333,0.258067,Control
46.2883,39.325,0.258065,Control
46.29,39.317,0.258055,Control
46.2917,39.309,0.258042,Control
46.2933,39.301,0.258033,Control
46.295,39.293,0.258021,Control
46.2967,39.284,0.258014,Control
46.2983,39.276,0.258015,Control
46.3,39.268,0.258014,Control
46.3017,39.258,0.258011,Control
46.3033,39.251,0.258001,Control
46.305,39.242,0.257989,Control
46.3067,39.234,0.257973,Control
46.3083,39.226,0.257959,Control
46.31,39.217,0.257941,Control
46.3117,39.209,0.257916,Control
46.3133,39.201,0.257889,Control
46.315,39.192,0.257862,Control
46.3167,39.184,0.257836,Control
46.3183,39.175,0.257808,Control
46.32,39.167,0.25778,Control
46.3217,39.159,0.257754,Control
46.3233,39.15,0.257732,Control
46.325,39.143,0.25772,Control
46.3267,39.134,0.257724,Control
46.3283,39.126,0.257733,Control
46.33,39.117,0.257745,Control
46.3317,39.108,0.257755,Control
46.3333,39.101,0.257767,Control
46.335,39.091,0.257772,Control
46.3367,39.084,0.257765,Control
46.3383,39.076,0.257751,Control
46.34,39.068,0.257737,Control
46.3417,39.059,0.257713,Control
46.3433,39.051,0.25769,Control
46.345,39.042,0.257668,Control
46.3467,39.034,0.257654,Control
46.3483,39.026,0.257644,Control
46.35,39.017,0.257639,Control
46.3517,39.009,0.25764,Control
46.3533,39.001,0.257645,Control
46.355,38.993,0.257651,Control
46.3567,38.984,0.257657,Control
46.3583,38.975,0.257663,Control
46.36,38.967,0.257665,Control
46.3617,38.96,0.257657,Control
46.3633,38.95,0.257649,Control
46.365,38.941,0.257645,Control
46.3667,38.935,0.257632,Control
46.3683,38.926,0.257613,Control
46.37,38.917,0.257603,Control
46.3717,38.909,0.257601,Control
46.3733,38.901,0.25761,Control
46.375,38.893,0.257619,Control
46.3767,38.885,0.257627,Control
46.3783,38.877,0.257639,Control
46.38,38.868,0.257643,Control
46.3817,38.86,0.257645,Control
46.3833,38.852,0.257645,Control
46.385,38.843,0.257631,Control
46.3867,38.834,0.257619,Control
46.3883,38.827,0.257604,Control
46.39,38.818,0.257584,Control
46.3917,38.81,0.257568,Control
46.3933,38.801,0.257553,Control
46.395,38.793,0.257543,Control
46.3967,38.784,0.257535,Control
46.3983,38.775,0.257531,Control
46.4,38.767,0.257531,Control
46.4017,38.76,0.257529,Control
46.4033,38.751,0.257533,Control
46.405,38.742,0.257542,Control
46.4067,38.734,0.257544,Control
46.4083,38.725,0.257533,Control
46.41,38.717,0.257519,Control
46.4117,38.709,0.257506,Control
46.4133,38.7,0.257493,Control
46.415,38.692,0.257478,Control
46.4167,38.684,0.257462,Control
46.4183,38.675,0.257443,Control
46.42,38.667,0.257424,Control
46.4217,38.659,0.257412,Control
46.4233,38.651,0.257401,Control
46.425,38.642,0.257388,Control
46.4267,38.634,0.257373,Control
46.4283,38.626,0.257359,Control
46.43,38.618,0.257351,Control
46.4317,38.609,0.257344,Control
46.4333,38.601,0.257335,Control
46.435,38.592,0.257331,Control
46.4367,38.584,0.257324,Control
46.4383,38.575,0.257326,Control
46.44,38.567,0.257332,Control
46.4417,38.559,0.257339,Control
46.4433,38.55,0.257337,Control
46.445,38.542,0.257334,Control
46.4467,38.535,0.257338,Control
46.4483,38.526,0.257348,Control
46.45,38.517,0.257363,Control
46.4517,38.508,0.25737,Control
46.4533,38.502,0.257376,Control
46.455,38.493,0.257379,Control
46.4567,38.485,0.257385,Control
46.4583,38.475,0.257393,Control
46.46,38.468,0.257397,Control
46.4617,38.459,0.25739,Control
46.4633,38.451,0.257369,Control
46.465,38.442,0.257342,Control
46.4667,38.435,0.257315,Control
46.4683,38.426,0.257244,Control
46.47,38.418,0.257154,Control
46.4717,38.41,0.257078,Control
46.4733,38.401,0.257026,Control
46.475,38.393,0.257,Control
46.4767,38.385,0.256978,Control
46.4783,38.375,0.256965,Control
46.48,38.368,0.256958,Control
46.4817,38.359,0.256955,Control
46.4833,38.352,0.256954,Control
46.485,38.342,0.25696,Control
46.4867,38.335,0.256963,Control
46.4883,38.326,0.256964,Control
46.49,38.317,0.256973,Control
46.4917,38.31,0.256981,Control
46.4933,38.302,0.256989,Control
46.495,38.293,0.256992,Control
46.4967,38.285,0.256988,Control
46.4983,38.276,0.256983,Control
46.5,38.267,0.256975,Control
46.5017,38.26,0.256968,Control
46.5033,38.25,0.256959,Control
46.505,38.242,0.256947,Control
46.5067,38.234,0.256939,Control
46.5083,38.226,0.256943,Control
46.51,38.218,0.256937,Control
46.5117,38.211,0.25693,Control
46.5133,38.201,0.256925,Control
46.515,38.193,0.256917,Control
46.5167,38.184,0.256911,Control
46.5183,38.177,0.256905,Control
46.52,38.169,0.256901,Control
46.5217,38.159,0.256895,Control
46.5233,38.151,0.256885,Control
46.525,38.143,0.256869,Control
46.5267,38.134,0.256856,Control
46.5283,38.125,0.256843,Control
46.53,38.117,0.256825,Control
46.5317,38.109,0.256805,Control
46.5333,38.101,0.256784,Control
46.535,38.093,0.256774,Control
46.5367,38.084,0.256772,Control
46.5383,38.076,0.25677,Control
46.54,38.068,0.256767,Control
46.5417,38.059,0.25676,Control
46.5433,38.051,0.25675,Control
46.545,38.043,0.256745,Control
46.5467,38.034,0.256735,Control
46.5483,38.027,0.256719,Control
46.55,38.018,0.256701,Control
46.5517,38.009,0.256682,Control
46.5533,38.001,0.256674,Control
46.555,37.992,0.256674,Control
46.5567,37.985,0.256674,Control
46.5583,37.976,0.256675,Control
46.56,37.968,0.256668,Control
46.5617,37.959,0.256657,Control
46.5633,37.951,0.256647,Control
46.565,37.942,0.25663,Control
46.5667,37.935,0.256609,Control
46.5683,37.925,0.256592,Control
46.57,37.918,0.256574,Control
46.5717,37.909,0.256556,Control
46.5733,37.901,0.256534,Control
46.575,37.892,0.256519,Control
46.5767,37.885,0.256507,Control
46.5783,37.876,0.256493,Control
46.58,37.867,0.256482,Control
46.5817,37.86,0.256473,Control
46.5833,37.851,0.256467,Control
46.585,37.843,0.25647,Control
46.5867,37.835,0.256479,Control
46.5883,37.827,0.256496,Control
46.59,37.818,0.25651,Control
46.5917,37.81,0.256511,Control
46.5933,37.802,0.256508,Control
46.595,37.792,0.256499,Control
46.5967,37.785,0.256486,Control
46.5983,37.776,0.256474,Control
46.6,37.767,0.256454,Control
46.6017,37.759,0.256439,Control
46.6033,37.752,0.256432,Control
46.605,37.742,0.256428,Control
46.6067,37.734,0.256424,Control
46.6083,37.726,0.256427,Control
46.61,37.718,0.25642,Control
46.6117,37.71,0.256408,Control
46.6133,37.702,0.256386,Control
46.615,37.693,0.25636,Control
46.6167,37.685,0.256338,Control
46.6183,37.677,0.256299,Control
46.62,37.668,0.256276,Control
46.6217,37.66,0.25626,Control
46.6233,37.651,0.256251,Control
46.625,37.643,0.256241,Control
46.6267,37.635,0.25624,Control
46.6283,37.627,0.256242,Control
46.63,37.618,0.256242,Control
46.6317,37.611,0.256238,Control
46.6333,37.602,0.256235,Control
46.635,37.594,0.256236,Control
46.6367,37.585,0.256237,Control
46.6383,37.577,0.256237,Control
46.64,37.568,0.256236,Control
46.6417,37.56,0.256232,Control
46.6433,37.551,0.256229,Control
46.645,37.542,0.256214,Control
46.6467,37.534,0.256199,Control
46.6483,37.526,0.25618,Control
46.65,37.517,0.256156,Control
46.6517,37.509,0.256138,Control
46.6533,37.502,0.256126,Control
46.655,37.493,0.256119,Control
46.6567,37.487,0.256125,Control
46.6583,37.477,0.256131,Control
46.66,37.468,0.25614,Control
46.6617,37.461,0.256155,Control
46.6633,37.452,0.256157,Control
46.665,37.443,0.256151,Control
46.6667,37.435,0.256141,Control
46.6683,37.426,0.256124,Control
46.67,37.419,0.256103,Control
46.6717,37.41,0.256077,Control
46.6733,37.402,0.256053,Control
46.675,37.393,0.256032,Control
46.6767,37.385,0.256017,Control
46.6783,37.377,0.256022,Control
46.68,37.369,0.256036,Control
46.6817,37.36,0.256052,Control
46.6833,37.352,0.256065,Control
46.685,37.344,0.25607,Control
46.6867,37.335,0.256067,Control
46.6883,37.326,0.256058,Control
46.69,37.318,0.256044,Control
46.6917,37.31,0.256027,Control
46.6933,37.302,0.255996,Control
46.695,37.293,0.255971,Control
46.6967,37.285,0.255953,Control
46.6983,37.278,0.255947,Control
46.7,37.269,0.255949,Control
46.7017,37.259,0.255951,Control
46.7033,37.252,0.255952,Control
46.705,37.244,0.255949,Control
46.7067,37.236,0.255954,Control
46.7083,37.227,0.255959,Control
46.71,37.219,0.255964,Control
46.7117,37.21,0.255964,Control
46.7133,37.202,0.25596,Control
46.715,37.193,0.255945,Control
46.7167,37.185,0.255929,Control
46.7183,37.177,0.25591,Control
46.72,37.169,0.255895,Control
46.7217,37.16,0.255872,Control
46.7233,37.153,0.255847,Control
46.725,37.144,0.255831,Control
46.7267,37.135,0.255815,Control
46.7283,37.127,0.255809,Control
46.73,37.119,0.255803,Control
46.7317,37.11,0.255803,Control
46.7333,37.102,0.255803,Control
46.735,37.093,0.255799,Control
46.7367,37.085,0.255792,Control
46.7383,37.077,0.255789,Control
46.74,37.068,0.255788,Control
46.7417,37.06,0.255787,Control
46.7433,37.05,0.25578,Control
46.745,37.043,0.255766,Control
46.7467,37.035,0.255756,Control
46.7483,37.027,0.255743,Control
46.75,37.019,0.255744,Control
46.7517,37.01,0.255747,Control
46.7533,37.002,0.255748,Control
46.755,36.995,0.255744,Control
46.7567,36.987,0.255733,Control
46.7583,36.978,0.255725,Control
46.76,36.968,0.255723,Control
46.7617,36.961,0.255722,Control
46.7633,36.952,0.255722,Control
46.765,36.944,0.255728,Control
46.7667,36.936,0.255733,Control
46.7683,36.928,0.255751,Control
46.77,36.92,0.255762,Control
46.7717,36.911,0.255766,Control
46.7733,36.903,0.255761,Control
46.775,36.894,0.255748,Control
46.7767,36.886,0.255716,Control
46.7783,36.877,0.25569,Control
46.78,36.869,0.255651,Control
46.7817,36.86,0.255623,Control
46.7833,36.852,0.255603,Control
46.785,36.843,0.255595,Control
46.7867,36.835,0.255596,Control
46.7883,36.827,0.255605,Control
46.79,36.819,0.25561,Control
46.7917,36.809,0.255615,Control
46.7933,36.801,0.255618,Control
46.795,36.795,0.25562,Control
46.7967,36.785,0.255628,Control
46.7983,36.777,0.255642,Control
46.8,36.768,0.25566,Control
46.8017,36.761,0.255684,Control
46.8033,36.752,0.2557,Control
46.805,36.743,0.255713,Control
46.8067,36.735,0.255722,Control
46.8083,36.727,0.25573,Control
46.81,36.718,0.255733,Control
46.8117,36.71,0.25573,Control
46.8133,36.701,0.255718,Control
46.815,36.694,0.255698,Control
46.8167,36.685,0.25568,Control
46.8183,36.677,0.255668,Control
46.82,36.668,0.255659,Control
46.8217,36.661,0.255646,Control
46.8233,36.651,0.255632,Control
46.825,36.643,0.255619,Control
46.8267,36.636,0.255605,Control
46.8283,36.627,0.255605,Control
46.83,36.62,0.255616,Control
46.8317,36.61,0.255629,Control
46.8333,36.602,0.255641,Control
46.835,36.593,0.255644,Control
46.8367,36.585,0.255644,Control
46.8383,36.577,0.255641,Control
46.84,36.569,0.255642,Control
46.8417,36.561,0.255632,Control
46.8433,36.551,0.255617,Control
46.845,36.544,0.255604,Control
46.8467,36.535,0.255593,Control
46.8483,36.527,0.25559,Control
46.85,36.519,0.255586,Control
46.8517,36.511,0.255581,Control
46.8533,36.503,0.255574,Control
46.855,36.494,0.25556,Control
46.8567,36.486,0.255545,Control
46.8583,36.478,0.255531,Control
46.86,36.469,0.255509,Control
46.8617,36.46,0.255498,Control
46.8633,36.453,0.255489,Control
46.865,36.445,0.255492,Control
46.8667,36.435,0.255492,Control
46.8683,36.429,0.255486,Control
46.87,36.419,0.25548,Control
46.8717,36.411,0.255469,Control
46.8733,36.403,0.255459,Control
46.875,36.394,0.255443,Control
46.8767,36.386,0.255417,Control
46.8783,36.377,0.255388,Control
46.88,36.369,0.255346,Control
46.8817,36.36,0.255316,Control
46.8833,36.352,0.255297,Control
46.885,36.344,0.255283,Control
46.8867,36.335,0.255268,Control
46.8883,36.327,0.255262,Control
46.89,36.319,0.255273,Control
46.8917,36.311,0.255322,Control
46.8933,36.302,0.255341,Control
46.895,36.293,0.255354,Control
46.8967,36.285,0.255358,Control
46.8983,36.278,0.255358,Control
46.9,36.269,0.255349,Control
46.9017,36.261,0.255341,Control
46.9033,36.252,0.255331,Control
46.905,36.243,0.255325,Control
46.9067,36.236,0.255316,Control
46.9083,36.227,0.255319,Control
46.91,36.219,0.255321,Control
46.9117,36.211,0.25532,Control
46.9133,36.203,0.255311,Control
46.915,36.195,0.255287,Control
46.9167,36.186,0.255263,Control
46.9183,36.177,0.255246,Control
46.92,36.168,0.255234,Control
46.9217,36.161,0.255219,Control
46.9233,36.152,0.255206,Control
46.925,36.144,0.255198,Control
46.9267,36.136,0.255195,Control
46.9283,36.127,0.255196,Control
46.93,36.118,0.255205,Control
46.9317,36.11,0.255215,Control
46.9333,36.102,0.255219,Control
46.935,36.093,0.255223,Control
46.9367,36.085,0.255231,Control
46.9383,36.077,0.255236,Control
46.94,36.069,0.255236,Control
46.9417,36.061,0.255224,Control
46.9433,36.051,0.255212,Control
46.945,36.044,0.255194,Control
46.9467,36.036,0.255178,Control
46.9483,36.027,0.255175,Control
46.95,36.019,0.255186,Control
46.9517,36.01,0.255216,Control
46.9533,36.002,0.255243,Control
46.955,35.994,0.255285,Control
46.9567,35.986,0.255308,Control
46.9583,35.977,0.255329,Control
46.96,35.969,0.255335,Control
46.9617,35.961,0.255335,Control
46.9633,35.952,0.255318,Control
46.965,35.944,0.255299,Control
46.9667,35.936,0.25527,Control
46.9683,35.926,0.255233,Control
46.97,35.918,0.255208,Control
46.9717,35.91,0.25519,Control
46.9733,35.901,0.255183,Control
46.975,35.893,0.255177,Control
46.9767,35.886,0.255177,Control
46.9783,35.878,0.255172,Control
46.98,35.869,0.255167,Control
46.9817,35.861,0.255158,Control
46.9833,35.853,0.255151,Control
46.985,35.843,0.255144,Control
46.9867,35.836,0.255139,Control
46.9883,35.828,0.25513,Control
46.99,35.818,0.255123,Control
46.9917,35.812,0.255127,Control
46.9933,35.803,0.255125,Control
46.995,35.794,0.255126,Control
46.9967,35.786,0.255118,Control
46.9983,35.777,0.255112,Control
47,35.769,0.25511,Control
47.0017,35.76,0.255107,Control
47.0033,35.752,0.255094,Control
47.005,35.743,0.255084,Control
47.0067,35.736,0.25508,Control
47.0083,35.727,0.255075,Control
47.01,35.719,0.255074,Control
47.0117,35.71,0.25507,Control
47.0133,35.702,0.255062,Control
47.015,35.694,0.255045,Control
47.0167,35.686,0.255024,Control
47.0183,35.677,0.254998,Control
47.02,35.669,0.254972,Control
47.0217,35.66,0.254948,Control
47.0233,35.652,0.25492,Control
47.025,35.643,0.254899,Control
47.0267,35.637,0.25488,Control
47.0283,35.627,0.254865,Control
47.03,35.619,0.254852,Control
47.0317,35.611,0.254839,Control
47.0333,35.603,0.254833,Control
47.035,35.594,0.254831,Control
47.0367,35.585,0.254831,Control
47.0383,35.577,0.254827,Control
47.04,35.57,0.254827,Control
47.0417,35.561,0.254822,Control
47.0433,35.553,0.254817,Control
47.045,35.544,0.254811,Control
47.0467,35.536,0.254804,Control
47.0483,35.527,0.254787,Control
47.05,35.518,0.254769,Control
47.0517,35.511,0.254757,Control
47.0533,35.503,0.254747,Control
47.055,35.495,0.254743,Control
47.0567,35.486,0.254739,Control
47.0583,35.477,0.254741,Control
47.06,35.468,0.254748,Control
47.0617,35.461,0.254751,Control
47.0633,35.452,0.254763,Control
47.065,35.444,0.254776,Control
47.0667,35.436,0.25478,Control
47.0683,35.427,0.254771,Control
47.07,35.418,0.254765,Control
47.0717,35.411,0.254751,Control
47.0733,35.402,0.254729,Control
47.075,35.393,0.254712,Control
47.0767,35.386,0.254693,Control
47.0783,35.377,0.254681,Control
47.08,35.368,0.254667,Control
47.0817,35.361,0.254647,Control
47.0833,35.352,0.254629,Control
47.085,35.344,0.254614,Control
47.0867,35.335,0.254591,Control
47.0883,35.328,0.254566,Control
47.09,35.32,0.254548,Control
47.0917,35.31,0.254534,Control
47.0933,35.302,0.254528,Control
47.095,35.295,0.254518,Control
47.0967,35.285,0.254512,Control
47.0983,35.277,0.254506,Control
47.1,35.27,0.2545,Control
47.1017,35.261,0.254491,Control
47.1033,35.253,0.254479,Control
47.105,35.244,0.254462,Control
47.1067,35.237,0.254442,Control
47.1083,35.227,0.254423,Control
47.11,35.22,0.254412,Control
47.1117,35.21,0.254403,Control
47.1133,35.203,0.254397,Control
47.115,35.195,0.254389,Control
47.1167,35.185,0.254373,Control
47.1183,35.178,0.254359,Control
47.12,35.17,0.254345,Control
47.1217,35.161,0.254328,Control
47.1233,35.153,0.254317,Control
47.125,35.145,0.254304,Control
47.1267,35.137,0.254285,Control
47.1283,35.128,0.254269,Control
47.13,35.119,0.254249,Control
47.1317,35.111,0.254239,Control
47.1333,35.103,0.254235,Control
47.135,35.095,0.254234,Control
47.1367,35.086,0.254237,Control
47.1383,35.078,0.254242,Control
47.14,35.07,0.254255,Control
47.1417,35.061,0.254269,Control
47.1433,35.053,0.254279,Control
47.145,35.045,0.254285,Control
47.1467,35.036,0.254294,Control
47.1483,35.028,0.254309,Control
47.15,35.021,0.254326,Control
47.1517,35.011,0.254332,Control
47.1533,35.003,0.254336,Control
47.155,34.995,0.254339,Control
47.1567,34.987,0.254336,Control
47.1583,34.978,0.254331,Control
47.16,34.97,0.254322,Control
47.1617,34.962,0.254309,Control
47.1633,34.953,0.254285,Control
47.165,34.944,0.254251,Control
47.1667,34.936,0.254236,Control
47.1683,34.929,0.254219,Control
47.17,34.92,0.254186,Control
47.1717,34.912,0.254162,Control
47.1733,34.904,0.254146,Control
47.175,34.895,0.254129,Control
47.1767,34.887,0.254108,Control
47.1783,34.878,0.254096,Control
47.18,34.871,0.254084,Control
47.1817,34.862,0.254073,Control
47.1833,34.852,0.254057,Control
47.185,34.846,0.254043,Control
47.1867,34.837,0.254028,Control
47.1883,34.829,0.254016,Control
47.19,34.82,0.254009,Control
47.1917,34.813,0.253993,Control
47.1933,34.804,0.25398,Control
47.195,34.795,0.253962,Control
47.1967,34.787,0.253947,Control
47.1983,34.779,0.253932,Control
47.2,34.771,0.253918,Control
47.2017,34.762,0.253902,Control
47.2033,34.753,0.253884,Control
47.205,34.745,0.25387,Control
47.2067,34.737,0.253872,Control
47.2083,34.729,0.253876,Control
47.21,34.721,0.253872,Control
47.2117,34.711,0.253866,Control
47.2133,34.703,0.253858,Control
47.215,34.695,0.253858,Control
47.2167,34.687,0.253863,Control
47.2183,34.678,0.253867,Control
47.22,34.67,0.253873,Control
47.2217,34.661,0.253883,Control
47.2233,34.653,0.253894,Control
47.225,34.645,0.253912,Control
47.2267,34.637,0.253943,Control
47.2283,34.628,0.253955,Control
47.23,34.621,0.253961,Control
47.2317,34.612,0.253965,Control
47.2333,34.604,0.253972,Control
47.235,34.595,0.253983,Control
47.2367,34.586,0.25399,Control
47.2383,34.578,0.25399,Control
47.24,34.57,0.253973,Control
47.2417,34.562,0.253953,Control
47.2433,34.554,0.253937,Control
47.245,34.545,0.253924,Control
47.2467,34.536,0.253909,Control
47.2483,34.528,0.253885,Control
47.25,34.52,0.253866,Control
47.2517,34.512,0.253854,Control
47.2533,34.503,0.25385,Control
47.255,34.495,0.253853,Control
47.2567,34.487,0.253853,Control
47.2583,34.478,0.253847,Control
47.26,34.47,0.253844,Control
47.2617,34.461,0.253851,Control
47.2633,34.453,0.253861,Control
47.265,34.445,0.253875,Control
47.2667,34.436,0.253897,Control
47.2683,34.428,0.253915,Control
47.27,34.42,0.253931,Control
47.2717,34.412,0.253935,Control
47.2733,34.403,0.253934,Control
47.275,34.394,0.253926,Control
47.2767,34.386,0.253908,Control
47.2783,34.379,0.253893,Control
47.28,34.37,0.253884,Control
47.2817,34.362,0.253881,Control
47.2833,34.354,0.253879,Control
47.285,34.345,0.253874,Control
47.2867,34.336,0.253857,Control
47.2883,34.329,0.253838,Control
47.29,34.32,0.253798,Control
47.2917,34.312,0.253772,Control
47.2933,34.303,0.253748,Control
47.295,34.295,0.253732,Control
47.2967,34.288,0.253724,Control
47.2983,34.278,0.253722,Control
47.3,34.271,0.253726,Control
47.3017,34.262,0.253735,Control
47.3033,34.253,0.253751,Control
47.305,34.246,0.253758,Control
47.3067,34.237,0.253762,Control
47.3083,34.229,0.253752,Control
47.31,34.221,0.253734,Control
47.3117,34.213,0.253713,Control
47.3133,34.204,0.253695,Control
47.315,34.196,0.253677,Control
47.3167,34.187,0.253665,Control
47.3183,34.179,0.253659,Control
47.32,34.17,0.253654,Control
47.3217,34.163,0.253651,Control
47.3233,34.154,0.253645,Control
47.325,34.145,0.253641,Control
47.3267,34.138,0.253634,Control
47.3283,34.129,0.25362,Control
47.33,34.12,0.2536,Control
47.3317,34.113,0.25359,Control
47.3333,34.103,0.253582,Control
47.335,34.096,0.253581,Control
47.3367,34.087,0.25359,Control
47.3383,34.079,0.253596,Control
47.34,34.07,0.253607,Control
47.3417,34.063,0.253617,Control
47.3433,34.054,0.253628,Control
47.345,34.046,0.253629,Control
47.3467,34.038,0.253622,Control
47.3483,34.029,0.253613,Control
47.35,34.02,0.253604,Control
47.3517,34.012,0.253588,Control
47.3533,34.004,0.253571,Control
47.355,33.995,0.253558,Control
47.3567,33.988,0.253544,Control
47.3583,33.979,0.253534,Control
47.36,33.97,0.25353,Control
47.3617,33.963,0.253526,Control
47.3633,33.954,0.253526,Control
47.365,33.946,0.253526,Control
47.3667,33.937,0.253527,Control
47.3683,33.928,0.253535,Control
47.37,33.92,0.253538,Control
47.3717,33.912,0.253547,Control
47.3733,33.903,0.253551,Control
47.375,33.895,0.253558,Control
47.3767,33.887,0.253564,Control
47.3783,33.879,0.253573,Control
47.38,33.87,0.253578,Control
47.3817,33.862,0.253581,Control
47.3833,33.854,0.253583,Control
47.385,33.846,0.253578,Control
47.3867,33.837,0.253575,Control
47.3883,33.829,0.253573,Control
47.39,33.82,0.253578,Control
47.3917,33.812,0.253581,Control
47.3933,33.804,0.253573,Control
47.395,33.797,0.253559,Control
47.3967,33.787,0.253552,Control
47.3983,33.779,0.253537,Control
47.4,33.771,0.253526,Control
47.4017,33.763,0.253521,Control
47.4033,33.755,0.253513,Control
47.405,33.745,0.253512,Control
47.4067,33.737,0.253521,Control
47.4083,33.73,0.253534,Control
47.41,33.721,0.253554,Control
47.4117,33.712,0.253568,Control
47.4133,33.704,0.253573,Control
47.415,33.696,0.253576,Control
47.4167,33.687,0.253571,Control
47.4183,33.68,0.253563,Control
47.42,33.672,0.253556,Control
47.4217,33.663,0.253542,Control
47.4233,33.654,0.253532,Control
47.425,33.646,0.253527,Control
47.4267,33.637,0.25352,Control
47.4283,33.63,0.253507,Control
47.43,33.621,0.253491,Control
47.4317,33.612,0.253477,Control
47.4333,33.604,0.25346,Control
47.435,33.596,0.253443,Control
47.4367,33.588,0.253427,Control
47.4383,33.579,0.253415,Control
47.44,33.57,0.253408,Control
47.4417,33.562,0.253411,Control
47.4433,33.555,0.253426,Control
47.445,33.546,0.253439,Control
47.4467,33.538,0.25345,Control
47.4483,33.53,0.253459,Control
47.45,33.521,0.253467,Control
47.4517,33.512,0.253475,Control
47.4533,33.504,0.253468,Control
47.455,33.496,0.253452,Control
47.4567,33.487,0.253437,Control
47.4583,33.479,0.253422,Control
47.46,33.472,0.253405,Control
47.4617,33.462,0.253403,Control
47.4633,33.454,0.253411,Control
47.465,33.444,0.253419,Control
47.4667,33.438,0.253426,Control
47.4683,33.429,0.253434,Control
47.47,33.421,0.253434,Control
47.4717,33.413,0.253422,Control
47.4733,33.405,0.253407,Control
47.475,33.396,0.253392,Control
47.4767,33.387,0.253372,Control
47.4783,33.379,0.253352,Control
47.48,33.371,0.253338,Control
47.4817,33.363,0.253328,Control
47.4833,33.354,0.253326,Control
47.485,33.346,0.25333,Control
47.4867,33.338,0.253336,Control
47.4883,33.329,0.253334,Control
47.49,33.32,0.253333,Control
47.4917,33.312,0.253337,Control
47.4933,33.304,0.253342,Control
47.495,33.295,0.253348,Control
47.4967,33.287,0.253358,Control
47.4983,33.28,0.253367,Control
47.5,33.271,0.253367,Control
47.5017,33.262,0.253358,Control
47.5033,33.254,0.253349,Control
47.505,33.246,0.253342,Control
47.5067,33.238,0.253335,Control
47.5083,33.229,0.253328,Control
47.51,33.222,0.253323,Control
47.5117,33.213,0.253315,Control
47.5133,33.204,0.253318,Control
47.515,33.196,0.253325,Control
47.5167,33.187,0.253333,Control
47.5183,33.179,0.253338,Control
47.52,33.171,0.253338,Control
47.5217,33.163,0.253329,Control
47.5233,33.154,0.253311,Control
47.525,33.146,0.25329,Control
47.5267,33.137,0.253253,Control
47.5283,33.13,0.253207,Control
47.53,33.121,0.253161,Control
47.5317,33.113,0.253133,Control
47.5333,33.104,0.253116,Control
47.535,33.095,0.253107,Control
47.5367,33.088,0.253104,Control
47.5383,33.079,0.253107,Control
47.54,33.072,0.253111,Control
47.5417,33.062,0.253116,Control
47.5433,33.054,0.253113,Control
47.545,33.046,0.253113,Control
47.5467,33.037,0.253116,Control
47.5483,33.029,0.253114,Control
47.55,33.02,0.253111,Control
47.5517,33.012,0.253112,Control
47.5533,33.005,0.253114,Control
47.555,32.996,0.253108,Control
47.5567,32.988,0.253101,Control
47.5583,32.98,0.253097,Control
47.56,32.971,0.253098,Control
47.5617,32.963,0.253087,Control
47.5633,32.955,0.253078,Control
47.565,32.947,0.253065,Control
47.5667,32.939,0.253052,Control
47.5683,32.931,0.253043,Control
47.57,32.921,0.253032,Control
47.5717,32.913,0.253025,Control
47.5733,32.905,0.253014,Control
47.575,32.897,0.253003,Control
47.5767,32.888,0.253003,Control
47.5783,32.88,0.25301,Control
47.58,32.871,0.25302,Control
47.5817,32.862,0.253028,Control
47.5833,32.855,0.253023,Control
47.585,32.846,0.253019,Control
47.5867,32.838,0.253005,Control
47.5883,32.829,0.252993,Control
47.59,32.821,0.252979,Control
47.5917,32.813,0.252965,Control
47.5933,32.805,0.25295,Control
47.595,32.796,0.252943,Control
47.5967,32.788,0.252943,Control
47.5983,32.78,0.252947,Control
47.6,32.773,0.252949,Control
47.6017,32.763,0.252942,Control
47.6033,32.754,0.252935,Control
47.605,32.746,0.252918,Control
47.6067,32.738,0.2529,Control
47.6083,32.73,0.252891,Control
47.61,32.721,0.25288,Control
47.6117,32.713,0.252869,Control
47.6133,32.704,0.252861,Control
47.615,32.696,0.25285,Control
47.6167,32.688,0.252846,Control
47.6183,32.68,0.25285,Control
47.62,32.671,0.252851,Control
47.6217,32.663,0.252846,Control
47.6233,32.655,0.252834,Control
47.625,32.646,0.252815,Control
47.6267,32.638,0.252796,Control
47.6283,32.63,0.252778,Control
47.63,32.621,0.252761,Control
47.6317,32.613,0.252738,Control
47.6333,32.604,0.252708,Control
47.635,32.596,0.252677,Control
47.6367,32.589,0.252665,Control
47.6383,32.58,0.252662,Control
47.64,32.571,0.252665,Control
47.6417,32.563,0.252665,Control
47.6433,32.555,0.252669,Control
47.645,32.547,0.252676,Control
47.6467,32.538,0.252695,Control
47.6483,32.529,0.252705,Control
47.65,32.521,0.252707,Control
47.6517,32.514,0.2527,Control
47.6533,32.505,0.252693,Control
47.655,32.496,0.252685,Control
47.6567,32.488,0.252673,Control
47.6583,32.479,0.252665,Control
47.66,32.471,0.252651,Control
47.6617,32.463,0.252642,Control
47.6633,32.455,0.252649,Control
47.665,32.446,0.252663,Control
47.6667,32.438,0.252692,Control
47.6683,32.43,0.252783,Control
47.67,32.421,0.252872,Control
47.6717,32.414,0.25293,Control
47.6733,32.404,0.25301,Control
47.675,32.397,0.253033,Control
47.6767,32.388,0.25304,Control
47.6783,32.38,0.253035,Control
47.68,32.372,0.253019,Control
47.6817,32.363,0.252996,Control
47.6833,32.354,0.252977,Control
47.685,32.346,0.252956,Control
47.6867,32.338,0.252931,Control
47.6883,32.33,0.252914,Control
47.69,32.321,0.252904,Control
47.6917,32.313,0.252905,Control
47.6933,32.304,0.252902,Control
47.695,32.296,0.252891,Control
47.6967,32.289,0.252883,Control
47.6983,32.28,0.252882,Control
47.7,32.271,0.25288,Control
47.7017,32.262,0.252881,Control
47.7033,32.254,0.252877,Control
47.705,32.246,0.252871,Control
47.7067,32.238,0.252868,Control
47.7083,32.23,0.25287,Control
47.71,32.22,0.252874,Control
47.7117,32.213,0.252874,Control
47.7133,32.204,0.252866,Control
47.715,32.197,0.252855,Control
47.7167,32.188,0.252854,Control
47.7183,32.179,0.252853,Control
47.72,32.171,0.252844,Control
47.7217,32.163,0.252833,Control
47.7233,32.154,0.252823,Control
47.725,32.146,0.252818,Control
47.7267,32.137,0.252813,Control
47.7283,32.13,0.252803,Control
47.73,32.122,0.252797,Control
47.7317,32.113,0.252789,Control
47.7333,32.105,0.252781,Control
47.735,32.097,0.252774,Control
47.7367,32.087,0.25277,Control
47.7383,32.08,0.252765,Control
47.74,32.071,0.252762,Control
47.7417,32.063,0.252762,Control
47.7433,32.055,0.252756,Control
47.745,32.046,0.252748,Control
47.7467,32.038,0.252736,Control
47.7483,32.029,0.252715,Control
47.75,32.021,0.252702,Control
47.7517,32.013,0.252681,Control
47.7533,32.004,0.252658,Control
47.755,31.996,0.252642,Control
47.7567,31.988,0.252626,Control
47.7583,31.979,0.252616,Control
47.76,31.971,0.252607,Control
47.7617,31.963,0.252601,Control
47.7633,31.955,0.252601,Control
47.765,31.946,0.252605,Control
47.7667,31.938,0.252614,Control
47.7683,31.929,0.25262,Control
47.77,31.921,0.252626,Control
47.7717,31.913,0.252623,Control
47.7733,31.905,0.252612,Control
47.775,31.897,0.252598,Control
47.7767,31.888,0.252581,Control
47.7783,31.88,0.252564,Control
47.78,31.872,0.252547,Control
47.7817,31.863,0.252536,Control
47.7833,31.855,0.252528,Control
47.785,31.847,0.252531,Control
47.7867,31.838,0.252544,Control
47.7883,31.83,0.252556,Control
47.79,31.822,0.252564,Control
47.7917,31.813,0.252551,Control
47.7933,31.805,0.252532,Control
47.795,31.797,0.252511,Control
47.7967,31.789,0.25249,Control
47.7983,31.781,0.252467,Control
47.8,31.77,0.252449,Control
47.8017,31.763,0.252434,Control
47.8033,31.754,0.252429,Control
47.805,31.747,0.252435,Control
47.8067,31.738,0.252447,Control
47.8083,31.73,0.252481,Control
47.81,31.722,0.252501,Control
47.8117,31.713,0.25251,Control
47.8133,31.706,0.252511,Control
47.815,31.697,0.252501,Control
47.8167,31.688,0.252487,Control
47.8183,31.68,0.252474,Control
47.82,31.672,0.252457,Control
47.8217,31.663,0.252438,Control
47.8233,31.655,0.252427,Control
47.825,31.647,0.252417,Control
47.8267,31.639,0.252414,Control
47.8283,31.63,0.252426,Control
47.83,31.621,0.252446,Control
47.8317,31.613,0.25246,Control
47.8333,31.606,0.252467,Control
47.835,31.597,0.252461,Control
47.8367,31.587,0.252454,Control
47.8383,31.58,0.252444,Control
47.84,31.571,0.252428,Control
47.8417,31.564,0.252417,Control
47.8433,31.555,0.252399,Control
47.845,31.547,0.252379,Control
47.8467,31.538,0.252371,Control
47.8483,31.53,0.252377,Control
47.85,31.521,0.252394,Control
47.8517,31.514,0.252412,Control
47.8533,31.505,0.252429,Control
47.855,31.497,0.252443,Control
47.8567,31.489,0.252456,Control
47.8583,31.479,0.25246,Control
47.86,31.473,0.252457,Control
47.8617,31.463,0.252443,Control
47.8633,31.455,0.252424,Control
47.865,31.447,0.252407,Control
47.8667,31.439,0.252393,Control
47.8683,31.43,0.252375,Control
47.87,31.422,0.252359,Control
47.8717,31.414,0.252344,Control
47.8733,31.405,0.252329,Control
47.875,31.397,0.252312,Control
47.8767,31.388,0.252296,Control
47.8783,31.381,0.252288,Control
47.88,31.371,0.252284,Control
47.8817,31.363,0.252286,Control
47.8833,31.355,0.25229,Control
47.885,31.347,0.252293,Control
47.8867,31.338,0.252297,Control
47.8883,31.33,0.252303,Control
47.89,31.322,0.252308,Control
47.8917,31.314,0.252303,Control
47.8933,31.306,0.252289,Control
47.895,31.297,0.25227,Control
47.8967,31.289,0.252251,Control
47.8983,31.281,0.252238,Control
47.9,31.273,0.252226,Control
47.9017,31.264,0.252214,Control
47.9033,31.256,0.252206,Control
47.905,31.248,0.252198,Control
47.9067,31.24,0.252195,Control
47.9083,31.231,0.25219,Control
47.91,31.222,0.252181,Control
47.9117,31.213,0.252182,Control
47.9133,31.206,0.252191,Control
47.915,31.197,0.252196,Control
47.9167,31.19,0.252201,Control
47.9183,31.18,0.252202,Control
47.92,31.171,0.252195,Control
47.9217,31.164,0.252184,Control
47.9233,31.155,0.252176,Control
47.925,31.147,0.25217,Control
47.9267,31.14,0.25216,Control
47.9283,31.131,0.252153,Control
47.93,31.123,0.252147,Control
47.9317,31.114,0.252147,Control
47.9333,31.105,0.252155,Control
47.935,31.097,0.252173,Control
47.9367,31.089,0.252184,Control
47.9383,31.08,0.252188,Control
47.94,31.072,0.252187,Control
47.9417,31.065,0.252182,Control
47.9433,31.055,0.252172,Control
47.945,31.047,0.25216,Control
47.9467,31.038,0.252159,Control
47.9483,31.031,0.252154,Control
47.95,31.022,0.252148,Control
47.9517,31.014,0.252147,Control
47.9533,31.005,0.252154,Control
47.955,30.997,0.252165,Control
47.9567,30.989,0.252178,Control
47.9583,30.981,0.252206,Control
47.96,30.972,0.252226,Control
47.9617,30.964,0.252243,Control
47.9633,30.956,0.252257,Control
47.965,30.947,0.252272,Control
28.005,119.186,-0.650655,PDN15
28.0067,119.195,-0.650617,PDN15
28.0083,119.203,-0.650578,PDN15
28.01,119.212,-0.65054,PDN15
28.0117,119.22,-0.650501,PDN15
28.0133,119.229,-0.650465,PDN15
28.015,119.236,-0.650427,PDN15
28.0167,119.245,-0.650387,PDN15
28.0183,119.254,-0.650347,PDN15
28.02,119.263,-0.650308,PDN15
28.0217,119.27,-0.650269,PDN15
28.0233,119.279,-0.650231,PDN15
28.025,119.286,-0.650193,PDN15
28.0267,119.295,-0.650155,PDN15
28.0283,119.304,-0.650117,PDN15
28.03,119.311,-0.65008,PDN15
28.0317,119.319,-0.65004,PDN15
28.0333,119.328,-0.650002,PDN15
28.035,119.335,-0.649963,PDN15
28.0367,119.343,-0.649922,PDN15
28.0383,119.35,-0.649882,PDN15
28.04,119.358,-0.649841,PDN15
28.0417,119.365,-0.649799,PDN15
28.0433,119.373,-0.649756,PDN15
28.045,119.381,-0.649712,PDN15
28.0467,119.387,-0.649672,PDN15
28.0483,119.394,-0.649628,PDN15
28.05,119.402,-0.649586,PDN15
28.0517,119.408,-0.649542,PDN15
28.0533,119.414,-0.649497,PDN15
28.055,119.421,-0.649451,PDN15
28.0567,119.428,-0.649392,PDN15
28.0583,119.434,-0.649327,PDN15
28.06,119.439,-0.64925,PDN15
28.0617,119.445,-0.649117,PDN15
28.0633,119.45,-0.648953,PDN15
28.065,119.456,-0.648762,PDN15
28.0667,119.461,-0.64851,PDN15
28.0683,119.466,-0.648126,PDN15
28.07,119.471,-0.64765,PDN15
28.0717,119.475,-0.646967,PDN15
28.0733,119.479,-0.646129,PDN15
28.075,119.482,-0.644961,PDN15
28.0767,119.487,-0.643746,PDN15
28.0783,119.49,-0.64243,PDN15
28.08,119.494,-0.640945,PDN15
28.0817,119.497,-0.639359,PDN15
28.0833,119.5,-0.637359,PDN15
28.085,119.503,-0.635466,PDN15
28.0867,119.504,-0.633364,PDN15
28.0883,119.508,-0.631045,PDN15
28.09,119.508,-0.628456,PDN15
28.0917,119.51,-0.626327,PDN15
28.0933,119.511,-0.624115,PDN15
28.095,119.514,-0.621781,PDN15
28.0967,119.515,-0.619333,PDN15
28.0983,119.514,-0.6169,PDN15
28.1,119.516,-0.614387,PDN15
28.1017,119.515,-0.611564,PDN15
28.1033,119.517,-0.608994,PDN15
28.105,119.516,-0.606226,PDN15
28.1067,119.515,-0.603461,PDN15
28.1083,119.516,-0.600466,PDN15
28.11,119.515,-0.597113,PDN15
28.1117,119.513,-0.594078,PDN15
28.1133,119.513,-0.590836,PDN15
28.115,119.511,-0.587598,PDN15
28.1167,119.51,-0.584004,PDN15
28.1183,119.51,-0.579991,PDN15
28.12,119.507,-0.576095,PDN15
28.1217,119.505,-0.571772,PDN15
28.1233,119.504,-0.56762,PDN15
28.125,119.5,-0.563422,PDN15
28.1267,119.499,-0.559285,PDN15
28.1283,119.497,-0.555048,PDN15
28.13,119.494,-0.550662,PDN15
28.1317,119.491,-0.546301,PDN15
28.1333,119.489,-0.541567,PDN15
28.135,119.486,-0.536947,PDN15
28.1367,119.483,-0.532706,PDN15
28.1383,119.479,-0.527986,PDN15
28.14,119.477,-0.523197,PDN15
28.1417,119.473,-0.518155,PDN15
28.1433,119.47,-0.51299,PDN15
28.145,119.467,-0.508302,PDN15
28.1467,119.463,-0.502951,PDN15
28.1483,119.461,-0.497938,PDN15
28.15,119.456,-0.493087,PDN15
28.1517,119.452,-0.487659,PDN15
28.1533,119.448,-0.482578,PDN15
28.155,119.444,-0.47726,PDN15
28.1567,119.44,-0.472912,PDN15
28.1583,119.437,-0.468115,PDN15
28.16,119.433,-0.463199,PDN15
28.1617,119.428,-0.458644,PDN15
28.1633,119.424,-0.454221,PDN15
28.165,119.42,-0.449512,PDN15
28.1667,119.416,-0.444483,PDN15
28.1683,119.411,-0.439765,PDN15
28.17,119.407,-0.434656,PDN15
28.1717,119.403,-0.429496,PDN15
28.1733,119.397,-0.42425,PDN15
28.175,119.394,-0.419392,PDN15
28.1767,119.388,-0.414229,PDN15
28.1783,119.384,-0.409893,PDN15
28.18,119.379,-0.40521,PDN15
28.1817,119.375,-0.401004,PDN15
28.1833,119.369,-0.396616,PDN15
28.185,119.364,-0.392378,PDN15
28.1867,119.358,-0.388144,PDN15
28.1883,119.354,-0.384495,PDN15
28.19,119.349,-0.38032,PDN15
28.1917,119.344,-0.376292,PDN15
28.1933,119.339,-0.372332,PDN15
28.195,119.334,-0.368282,PDN15
28.1967,119.329,-0.364401,PDN15
28.1983,119.325,-0.360925,PDN15
28.2,119.319,-0.356758,PDN15
28.2017,119.314,-0.353171,PDN15
28.2033,119.309,-0.349692,PDN15
28.205,119.303,-0.345975,PDN15
28.2067,119.298,-0.342725,PDN15
28.2083,119.293,-0.338868,PDN15
28.21,119.286,-0.335012,PDN15
28.2117,119.28,-0.331026,PDN15
28.2133,119.275,-0.327509,PDN15
28.215,119.27,-0.324309,PDN15
28.2167,119.264,-0.320701,PDN15
28.2183,119.258,-0.317379,PDN15
28.22,119.253,-0.314401,PDN15
28.2217,119.247,-0.311936,PDN15
28.2233,119.241,-0.309182,PDN15
28.225,119.235,-0.306402,PDN15
28.2267,119.229,-0.30316,PDN15
28.2283,119.223,-0.299567,PDN15
28.23,119.216,-0.296179,PDN15
28.2317,119.211,-0.293294,PDN15
28.2333,119.205,-0.290078,PDN15
28.235,119.198,-0.287142,PDN15
28.2367,119.193,-0.284242,PDN15
28.2383,119.187,-0.281168,PDN15
28.24,119.18,-0.278682,PDN15
28.2417,119.175,-0.275824,PDN15
28.2433,119.167,-0.272767,PDN15
28.245,119.161,-0.270438,PDN15
28.2467,119.155,-0.267255,PDN15
28.2483,119.149,-0.264572,PDN15
28.25,119.142,-0.262727,PDN15
28.2517,119.136,-0.260686,PDN15
28.2533,119.129,-0.258238,PDN15
28.255,119.124,-0.255556,PDN15
28.2567,119.116,-0.252418,PDN15
28.2583,119.11,-0.249597,PDN15
28.26,119.103,-0.247244,PDN15
28.2617,119.096,-0.244884,PDN15
28.2633,119.089,-0.242731,PDN15
28.265,119.083,-0.240201,PDN15
28.2667,119.076,-0.237308,PDN15
28.2683,119.07,-0.234704,PDN15
28.27,119.062,-0.23281,PDN15
28.2717,119.056,-0.230755,PDN15
28.2733,119.049,-0.228262,PDN15
28.275,119.042,-0.226601,PDN15
28.2767,119.036,-0.224662,PDN15
28.2783,119.027,-0.222426,PDN15
28.28,119.021,-0.220608,PDN15
28.2817,119.014,-0.218649,PDN15
28.2833,119.007,-0.217213,PDN15
28.285,119,-0.21538,PDN15
28.2867,118.994,-0.213335,PDN15
28.2883,118.986,-0.211087,PDN15
28.29,118.979,-0.209126,PDN15
28.2917,118.971,-0.207168,PDN15
28.2933,118.966,-0.205561,PDN15
28.295,118.958,-0.203513,PDN15
28.2967,118.951,-0.201557,PDN15
28.2983,118.943,-0.19965,PDN15
28.3,118.937,-0.197179,PDN15
28.3017,118.929,-0.194943,PDN15
28.3033,118.922,-0.1929,PDN15
28.305,118.915,-0.191206,PDN15
28.3067,118.907,-0.189685,PDN15
28.3083,118.901,-0.187754,PDN15
28.31,118.893,-0.186124,PDN15
28.3117,118.887,-0.184846,PDN15
28.3133,118.878,-0.183022,PDN15
28.315,118.871,-0.181635,PDN15
28.3167,118.865,-0.180335,PDN15
28.3183,118.857,-0.178916,PDN15
28.32,118.85,-0.177804,PDN15
28.3217,118.843,-0.176364,PDN15
28.3233,118.834,-0.174602,PDN15
28.325,118.828,-0.17328,PDN15
28.3267,118.82,-0.171565,PDN15
28.3283,118.813,-0.169464,PDN15
28.33,118.805,-0.167449,PDN15
28.3317,118.798,-0.165639,PDN15
28.3333,118.791,-0.164661,PDN15
28.335,118.783,-0.163504,PDN15
28.3367,118.776,-0.162496,PDN15
28.3383,118.768,-0.161773,PDN15
28.34,118.761,-0.160909,PDN15
28.3417,118.753,-0.160512,PDN15
28.3433,118.745,-0.159609,PDN15
28.345,118.738,-0.158346,PDN15
28.3467,118.73,-0.155866,PDN15
28.3483,118.722,-0.154271,PDN15
28.35,118.716,-0.15286,PDN15
28.3517,118.708,-0.151467,PDN15
28.3533,118.7,-0.150238,PDN15
28.355,118.693,-0.148868,PDN15
28.3567,118.685,-0.147939,PDN15
28.3583,118.678,-0.146924,PDN15
28.36,118.67,-0.145792,PDN15
28.3617,118.661,-0.144668,PDN15
28.3633,118.656,-0.143784,PDN15
28.365,118.648,-0.142761,PDN15
28.3667,118.639,-0.141652,PDN15
28.3683,118.632,-0.140234,PDN15
28.37,118.625,-0.139145,PDN15
28.3717,118.616,-0.138654,PDN15
28.3733,118.609,-0.138085,PDN15
28.375,118.601,-0.137436,PDN15
28.3767,118.594,-0.136707,PDN15
28.3783,118.586,-0.13532,PDN15
28.38,118.578,-0.134027,PDN15
28.3817,118.57,-0.13299,PDN15
28.3833,118.563,-0.13186,PDN15
28.385,118.554,-0.130657,PDN15
28.3867,118.548,-0.129627,PDN15
28.3883,118.539,-0.128984,PDN15
28.39,118.532,-0.128517,PDN15
28.3917,118.524,-0.127692,PDN15
28.3933,118.516,-0.12711,PDN15
28.395,118.508,-0.126455,PDN15
28.3967,118.5,-0.125345,PDN15
28.3983,118.493,-0.124569,PDN15
28.4,118.485,-0.124186,PDN15
28.4017,118.476,-0.123117,PDN15
28.4033,118.469,-0.121921,PDN15
28.405,118.461,-0.121226,PDN15
28.4067,118.453,-0.12024,PDN15
28.4083,118.446,-0.119488,PDN15
28.41,118.437,-0.118416,PDN15
28.4117,118.431,-0.117801,PDN15
28.4133,118.423,-0.116924,PDN15
28.415,118.415,-0.115876,PDN15
28.4167,118.406,-0.115075,PDN15
28.4183,118.399,-0.114241,PDN15
28.42,118.391,-0.11364,PDN15
28.4217,118.383,-0.113083,PDN15
28.4233,118.376,-0.112615,PDN15
28.425,118.367,-0.112052,PDN15
28.4267,118.36,-0.111873,PDN15
28.4283,118.352,-0.111347,PDN15
28.43,118.344,-0.110396,PDN15
28.4317,118.336,-0.109953,PDN15
28.4333,118.328,-0.109477,PDN15
28.435,118.319,-0.108904,PDN15
28.4367,118.311,-0.108058,PDN15
28.4383,118.304,-0.107276,PDN15
28.44,118.296,-0.105944,PDN15
28.4417,118.287,-0.105115,PDN15
28.4433,118.279,-0.104645,PDN15
28.445,118.272,-0.104574,PDN15
28.4467,118.264,-0.104134,PDN15
28.4483,118.257,-0.103301,PDN15
28.45,118.248,-0.102419,PDN15
28.4517,118.239,-0.102067,PDN15
28.4533,118.232,-0.101603,PDN15
28.455,118.223,-0.101173,PDN15
28.4567,118.217,-0.101081,PDN15
28.4583,118.208,-0.100549,PDN15
28.46,118.199,-0.0997598,PDN15
28.4617,118.192,-0.0990033,PDN15
28.4633,118.184,-0.0986662,PDN15
28.465,118.177,-0.0983068,PDN15
28.4667,118.169,-0.0977499,PDN15
28.4683,118.161,-0.0970659,PDN15
28.47,118.153,-0.096221,PDN15
28.4717,118.145,-0.0953,PDN15
28.4733,118.136,-0.0946664,PDN15
28.475,118.128,-0.0946104,PDN15
28.4767,118.12,-0.0944686,PDN15
28.4783,118.112,-0.0940495,PDN15
28.48,118.104,-0.0934852,PDN15
28.4817,118.096,-0.0928776,PDN15
28.4833,118.088,-0.0923692,PDN15
28.485,118.08,-0.0919273,PDN15
28.4867,118.073,-0.0913262,PDN15
28.4883,118.063,-0.0906622,PDN15
28.49,118.056,-0.0902657,PDN15
28.4917,118.048,-0.089777,PDN15
28.4933,118.041,-0.0895606,PDN15
28.495,118.032,-0.0893448,PDN15
28.4967,118.024,-0.0891532,PDN15
28.4983,118.017,-0.0888696,PDN15
28.5,118.008,-0.08844,PDN15
28.5017,117.999,-0.0879253,PDN15
28.5033,117.992,-0.0874992,PDN15
28.505,117.984,-0.0871149,PDN15
28.5067,117.976,-0.0868038,PDN15
28.5083,117.968,-0.0864699,PDN15
28.51,117.959,-0.0860436,PDN15
28.5117,117.951,-0.0857318,PDN15
28.5133,117.944,-0.0852251,PDN15
28.515,117.936,-0.0845255,PDN15
28.5167,117.928,-0.0841762,PDN15
28.5183,117.919,-0.0838201,PDN15
28.52,117.911,-0.0835092,PDN15
28.5217,117.903,-0.0831507,PDN15
28.5233,117.895,-0.0828813,PDN15
28.525,117.887,-0.0827117,PDN15
28.5267,117.878,-0.0824307,PDN15
28.5283,117.87,-0.082206,PDN15
28.53,117.863,-0.0820613,PDN15
28.5317,117.854,-0.0818704,PDN15
28.5333,117.846,-0.0814599,PDN15
28.535,117.837,-0.081004,PDN15
28.5367,117.831,-0.0803662,PDN15
28.5383,117.821,-0.0795329,PDN15
28.54,117.813,-0.078804,PDN15
28.5417,117.806,-0.0781696,PDN15
28.5433,117.797,-0.0776293,PDN15
28.545,117.79,-0.0772607,PDN15
28.5467,117.782,-0.0769416,PDN15
28.5483,117.773,-0.0768034,PDN15
28.55,117.764,-0.0767732,PDN15
28.5517,117.756,-0.0767773,PDN15
28.5533,117.748,-0.0767191,PDN15
28.555,117.74,-0.0765565,PDN15
28.5567,117.733,-0.0762807,PDN15
28.5583,117.724,-0.0760068,PDN15
28.56,117.715,-0.0755067,PDN15
28.5617,117.708,-0.0750401,PDN15
28.5633,117.7,-0.0746056,PDN15
28.565,117.692,-0.0740924,PDN15
28.5667,117.683,-0.0736535,PDN15
28.5683,117.675,-0.0732673,PDN15
28.57,117.667,-0.0729307,PDN15
28.5717,117.659,-0.0725761,PDN15
28.5733,117.651,-0.0720779,PDN15
28.575,117.642,-0.0717136,PDN15
28.5767,117.635,-0.0713887,PDN15
28.5783,117.626,-0.0711371,PDN15
28.58,117.619,-0.0709605,PDN15
28.5817,117.611,-0.0708179,PDN15
28.5833,117.603,-0.0706549,PDN15
28.585,117.594,-0.0704734,PDN15
28.5867,117.586,-0.0702897,PDN15
28.5883,117.577,-0.0700396,PDN15
28.59,117.57,-0.0698467,PDN15
28.5917,117.561,-0.0696393,PDN15
28.5933,117.554,-0.0694,PDN15
28.595,117.546,-0.0689986,PDN15
28.5967,117.537,-0.0686188,PDN15
28.5983,117.529,-0.0681285,PDN15
28.6,117.52,-0.0675569,PDN15
28.6017,117.512,-0.06709,PDN15
28.6033,117.504,-0.0667801,PDN15
28.605,117.496,-0.0665462,PDN15
28.6067,117.489,-0.0663508,PDN15
28.6083,117.479,-0.0662298,PDN15
28.61,117.472,-0.0661475,PDN15
28.6117,117.462,-0.0661195,PDN15
28.6133,117.456,-0.0661179,PDN15
28.615,117.447,-0.0661036,PDN15
28.6167,117.438,-0.0660653,PDN15
28.6183,117.429,-0.065975,PDN15
28.62,117.423,-0.0658473,PDN15
28.6217,117.414,-0.0656672,PDN15
28.6233,117.406,-0.0654177,PDN15
28.625,117.398,-0.0651105,PDN15
28.6267,117.391,-0.0648193,PDN15
28.6283,117.382,-0.0645232,PDN15
28.63,117.374,-0.0642286,PDN15
28.6317,117.365,-0.0639836,PDN15
28.6333,117.357,-0.0637645,PDN15
28.635,117.349,-0.0635368,PDN15
28.6367,117.34,-0.063334,PDN15
28.6383,117.333,-0.0631094,PDN15
28.64,117.325,-0.0628379,PDN15
28.6417,117.317,-0.0625496,PDN15
28.6433,117.308,-0.0621958,PDN15
28.645,117.3,-0.0618865,PDN15
28.6467,117.291,-0.0616931,PDN15
28.6483,117.284,-0.0614688,PDN15
28.65,117.274,-0.0612276,PDN15
28.6517,117.268,-0.0609542,PDN15
28.6533,117.258,-0.0605329,PDN15
28.655,117.25,-0.0602126,PDN15
28.6567,117.243,-0.059913,PDN15
28.6583,117.234,-0.0596573,PDN15
28.66,117.226,-0.0593471,PDN15
28.6617,117.218,-0.0589965,PDN15
28.6633,117.21,-0.058726,PDN15
28.665,117.201,-0.0585608,PDN15
28.6667,117.193,-0.0584194,PDN15
28.6683,117.185,-0.0582528,PDN15
28.67,117.177,-0.058075,PDN15
28.6717,117.167,-0.0578793,PDN15
28.6733,117.161,-0.0576399,PDN15
28.675,117.152,-0.0574246,PDN15
28.6767,117.143,-0.0571828,PDN15
28.6783,117.135,-0.0569373,PDN15
28.68,117.128,-0.0567857,PDN15
28.6817,117.119,-0.0566308,PDN15
28.6833,117.112,-0.0565537,PDN15
28.685,117.102,-0.0564681,PDN15
28.6867,117.096,-0.0563777,PDN15
28.6883,117.087,-0.0562804,PDN15
28.69,117.078,-0.0561952,PDN15
28.6917,117.071,-0.0560912,PDN15
28.6933,117.061,-0.0559791,PDN15
28.695,117.054,-0.0558392,PDN15
28.6967,117.045,-0.0556576,PDN15
28.6983,117.038,-0.0553964,PDN15
28.7,117.029,-0.055158,PDN15
28.7017,117.021,-0.054886,PDN15
28.7033,117.012,-0.0546287,PDN15
28.705,117.005,-0.0542966,PDN15
28.7067,116.996,-0.0539293,PDN15
28.7083,116.988,-0.0536308,PDN15
28.71,116.979,-0.0533874,PDN15
28.7117,116.972,-0.0531045,PDN15
28.7133,116.963,-0.052858,PDN15
28.715,116.955,-0.0526648,PDN15
28.7167,116.947,-0.0525376,PDN15
28.7183,116.939,-0.0524059,PDN15
28.72,116.931,-0.0522633,PDN15
28.7217,116.922,-0.0521404,PDN15
28.7233,116.913,-0.0519985,PDN15
28.725,116.906,-0.0517929,PDN15
28.7267,116.899,-0.0516073,PDN15
28.7283,116.889,-0.0514898,PDN15
28.73,116.881,-0.051381,PDN15
28.7317,116.874,-0.0512746,PDN15
28.7333,116.864,-0.0512211,PDN15
28.735,116.857,-0.0511808,PDN15
28.7367,116.849,-0.0511242,PDN15
28.7383,116.841,-0.0510518,PDN15
28.74,116.833,-0.0509451,PDN15
28.7417,116.823,-0.0507788,PDN15
28.7433,116.816,-0.0505968,PDN15
28.745,116.808,-0.0503121,PDN15
28.7467,116.799,-0.0500354,PDN15
28.7483,116.79,-0.049637,PDN15
28.75,116.783,-0.0492741,PDN15
28.7517,116.775,-0.0489321,PDN15
28.7533,116.767,-0.0486012,PDN15
28.755,116.758,-0.0482921,PDN15
28.7567,116.749,-0.0481133,PDN15
28.7583,116.742,-0.0479766,PDN15
28.76,116.734,-0.0478646,PDN15
28.7617,116.725,-0.0477636,PDN15
28.7633,116.717,-0.0476625,PDN15
28.765,116.708,-0.0475997,PDN15
28.7667,116.702,-0.0475293,PDN15
28.7683,116.692,-0.0474355,PDN15
28.77,116.684,-0.047308,PDN15
28.7717,116.676,-0.0471025,PDN15
28.7733,116.668,-0.0468549,PDN15
28.775,116.659,-0.0466472,PDN15
28.7767,116.651,-0.046471,PDN15
28.7783,116.643,-0.0462453,PDN15
28.78,116.636,-0.0459471,PDN15
28.7817,116.627,-0.0456784,PDN15
28.7833,116.618,-0.0454861,PDN15
28.785,116.611,-0.0453214,PDN15
28.7867,116.602,-0.0451505,PDN15
28.7883,116.594,-0.0449816,PDN15
28.79,116.585,-0.044826,PDN15
28.7917,116.577,-0.0446762,PDN15
28.7933,116.568,-0.0445533,PDN15
28.795,116.56,-0.0444807,PDN15
28.7967,116.553,-0.0443867,PDN15
28.7983,116.543,-0.0442938,PDN15
28.8,116.536,-0.0441254,PDN15
28.8017,116.527,-0.0439688,PDN15
28.8033,116.519,-0.0438395,PDN15
28.805,116.511,-0.0437331,PDN15
28.8067,116.502,-0.0436322,PDN15
28.8083,116.495,-0.0434966,PDN15
28.81,116.486,-0.0433064,PDN15
28.8117,116.478,-0.0430802,PDN15
28.8133,116.469,-0.0428095,PDN15
28.815,116.462,-0.0424964,PDN15
28.8167,116.452,-0.042277,PDN15
28.8183,116.445,-0.042059,PDN15
28.82,116.436,-0.0417759,PDN15
28.8217,116.429,-0.0415182,PDN15
28.8233,116.42,-0.0413228,PDN15
28.825,116.411,-0.0411329,PDN15
28.8267,116.404,-0.0410116,PDN15
28.8283,116.396,-0.0408747,PDN15
28.83,116.387,-0.040737,PDN15
28.8317,116.379,-0.0406257,PDN15
28.8333,116.371,-0.0405234,PDN15
28.835,116.363,-0.0404498,PDN15
28.8367,116.354,-0.040396,PDN15
28.8383,116.346,-0.0403618,PDN15
28.84,116.338,-0.0403286,PDN15
28.8417,116.33,-0.0402808,PDN15
28.8433,116.322,-0.0401932,PDN15
28.845,116.313,-0.0400066,PDN15
28.8467,116.304,-0.0397535,PDN15
28.8483,116.296,-0.0394769,PDN15
28.85,116.289,-0.0392684,PDN15
28.8517,116.28,-0.0390768,PDN15
28.8533,116.272,-0.0388711,PDN15
28.855,116.263,-0.0387183,PDN15
28.8567,116.256,-0.0385592,PDN15
28.8583,116.247,-0.0384221,PDN15
28.86,116.238,-0.0383634,PDN15
28.8617,116.231,-0.0382822,PDN15
28.8633,116.222,-0.0381402,PDN15
28.865,116.214,-0.0378977,PDN15
28.8667,116.206,-0.037571,PDN15
28.8683,116.197,-0.0373531,PDN15
28.87,116.189,-0.0371431,PDN15
28.8717,116.18,-0.036851,PDN15
28.8733,116.172,-0.0366209,PDN15
28.875,116.164,-0.0363662,PDN15
28.8767,116.155,-0.0362136,PDN15
28.8783,116.147,-0.0361254,PDN15
28.88,116.139,-0.0360466,PDN15
28.8817,116.131,-0.0359515,PDN15
28.8833,116.123,-0.0358458,PDN15
28.885,116.115,-0.0356743,PDN15
28.8867,116.106,-0.0355606,PDN15
28.8883,116.098,-0.0354126,PDN15
28.89,116.09,-0.0351623,PDN15
28.8917,116.082,-0.034922,PDN15
28.8933,116.074,-0.0347441,PDN15
28.895,116.065,-0.0345746,PDN15
28.8967,116.057,-0.0344263,PDN15
28.8983,116.049,-0.034304,PDN15
28.9,116.039,-0.0341916,PDN15
28.9017,116.033,-0.0340228,PDN15
28.9033,116.025,-0.0339022,PDN15
28.905,116.016,-0.0336799,PDN15
28.9067,116.008,-0.0334306,PDN15
28.9083,115.998,-0.0331111,PDN15
28.91,115.992,-0.03296,PDN15
28.9117,115.983,-0.0328367,PDN15
28.9133,115.975,-0.0327232,PDN15
28.915,115.967,-0.032625,PDN15
28.9167,115.959,-0.0325793,PDN15
28.9183,115.951,-0.0325252,PDN15
28.92,115.941,-0.0324758,PDN15
28.9217,115.934,-0.0324524,PDN15
28.9233,115.925,-0.0324321,PDN15
28.925,115.917,-0.0324071,PDN15
28.9267,115.909,-0.0323759,PDN15
28.9283,115.901,-0.0323418,PDN15
28.93,115.892,-0.0323112,PDN15
28.9317,115.884,-0.0322284,PDN15
28.9333,115.875,-0.0321155,PDN15
28.935,115.867,-0.0319485,PDN15
28.9367,115.859,-0.0317257,PDN15
28.9383,115.85,-0.0314446,PDN15
28.94,115.842,-0.0311364,PDN15
28.9417,115.835,-0.0308532,PDN15
28.9433,115.827,-0.0306146,PDN15
28.945,115.818,-0.0304371,PDN15
28.9467,115.809,-0.0302848,PDN15
28.9483,115.8,-0.0301507,PDN15
28.95,115.793,-0.0300061,PDN15
28.9517,115.785,-0.0298993,PDN15
28.9533,115.776,-0.0298325,PDN15
28.955,115.768,-0.0297458,PDN15
28.9567,115.76,-0.0296307,PDN15
28.9583,115.751,-0.0295395,PDN15
28.96,115.744,-0.029462,PDN15
28.9617,115.736,-0.0293999,PDN15
28.9633,115.727,-0.0293655,PDN15
28.965,115.719,-0.0293436,PDN15
28.9667,115.712,-0.0292345,PDN15
28.9683,115.701,-0.029212,PDN15
28.97,115.694,-0.0291665,PDN15
28.9717,115.686,-0.0291278,PDN15
28.9733,115.678,-0.0290556,PDN15
28.975,115.67,-0.0289093,PDN15
28.9767,115.661,-0.0286496,PDN15
28.9783,115.652,-0.0283702,PDN15
28.98,115.645,-0.0281205,PDN15
28.9817,115.636,-0.0279766,PDN15
28.9833,115.628,-0.0278402,PDN15
28.985,115.62,-0.027707,PDN15
28.9867,115.611,-0.027573,PDN15
28.9883,115.603,-0.0274554,PDN15
28.99,115.595,-0.0273598,PDN15
28.9917,115.588,-0.0272856,PDN15
28.9933,115.578,-0.0271782,PDN15
28.995,115.57,-0.0269883,PDN15
28.9967,115.562,-0.0267476,PDN15
28.9983,115.554,-0.0265045,PDN15
29,115.546,-0.0263351,PDN15
29.0017,115.538,-0.0261068,PDN15
29.0033,115.529,-0.0258257,PDN15
29.005,115.522,-0.0255822,PDN15
29.0067,115.513,-0.025399,PDN15
29.0083,115.504,-0.0252268,PDN15
29.01,115.497,-0.025117,PDN15
29.0117,115.487,-0.0250346,PDN15
29.0133,115.479,-0.0249684,PDN15
29.015,115.47,-0.0249043,PDN15
29.0167,115.463,-0.0248119,PDN15
29.0183,115.454,-0.024765,PDN15
29.02,115.446,-0.0246842,PDN15
29.0217,115.438,-0.0245667,PDN15
29.0233,115.428,-0.0244125,PDN15
29.025,115.421,-0.0242918,PDN15
29.0267,115.413,-0.0242144,PDN15
29.0283,115.405,-0.0241175,PDN15
29.03,115.396,-0.0240483,PDN15
29.0317,115.389,-0.0240099,PDN15
29.0333,115.38,-0.0239812,PDN15
29.035,115.372,-0.0239317,PDN15
29.0367,115.364,-0.0238958,PDN15
29.0383,115.355,-0.0238125,PDN15
29.04,115.346,-0.0237207,PDN15
29.0417,115.339,-0.0235381,PDN15
29.0433,115.329,-0.0233541,PDN15
29.045,115.322,-0.0232043,PDN15
29.0467,115.314,-0.0229812,PDN15
29.0483,115.306,-0.0227591,PDN15
29.05,115.297,-0.0226019,PDN15
29.0517,115.289,-0.0224905,PDN15
29.0533,115.281,-0.0223512,PDN15
29.055,115.272,-0.0222668,PDN15
29.0567,115.265,-0.0221703,PDN15
29.0583,115.257,-0.0220884,PDN15
29.06,115.248,-0.0219757,PDN15
29.0617,115.238,-0.0218651,PDN15
29.0633,115.231,-0.0217509,PDN15
29.065,115.224,-0.0216492,PDN15
29.0667,115.215,-0.0215698,PDN15
29.0683,115.207,-0.0215185,PDN15
29.07,115.198,-0.0214298,PDN15
29.0717,115.191,-0.0212777,PDN15
29.0733,115.182,-0.0211225,PDN15
29.075,115.174,-0.0210088,PDN15
29.0767,115.166,-0.0208775,PDN15
29.0783,115.157,-0.0205913,PDN15
29.08,115.149,-0.0202823,PDN15
29.0817,115.141,-0.0199784,PDN15
29.0833,115.132,-0.0196908,PDN15
29.085,115.124,-0.0194205,PDN15
29.0867,115.116,-0.0192155,PDN15
29.0883,115.108,-0.0190959,PDN15
29.09,115.1,-0.0189125,PDN15
29.0917,115.091,-0.0187663,PDN15
29.0933,115.083,-0.0187195,PDN15
29.095,115.075,-0.0186278,PDN15
29.0967,115.066,-0.0184976,PDN15
29.0983,115.058,-0.0184702,PDN15
29.1,115.048,-0.0184184,PDN15
29.1017,115.041,-0.0183337,PDN15
29.1033,115.033,-0.0181886,PDN15
29.105,115.025,-0.0180804,PDN15
29.1067,115.016,-0.0180019,PDN15
29.1083,115.008,-0.0179394,PDN15
29.11,114.999,-0.0178648,PDN15
29.1117,114.992,-0.0177809,PDN15
29.1133,114.983,-0.0177031,PDN15
29.115,114.975,-0.0176217,PDN15
29.1167,114.966,-0.0174792,PDN15
29.1183,114.958,-0.0173303,PDN15
29.12,114.95,-0.0170666,PDN15
29.1217,114.942,-0.0167564,PDN15
29.1233,114.934,-0.0165531,PDN15
29.125,114.925,-0.0163581,PDN15
29.1267,114.916,-0.0161969,PDN15
29.1283,114.908,-0.0160402,PDN15
29.13,114.901,-0.0158279,PDN15
29.1317,114.891,-0.0156463,PDN15
29.1333,114.884,-0.0155172,PDN15
29.135,114.876,-0.0153911,PDN15
29.1367,114.868,-0.0153084,PDN15
29.1383,114.86,-0.0152657,PDN15
29.14,114.851,-0.0152304,PDN15
29.1417,114.843,-0.0152031,PDN15
29.1433,114.835,-0.015145,PDN15
29.145,114.825,-0.0150664,PDN15
29.1467,114.817,-0.014964,PDN15
29.1483,114.81,-0.014761,PDN15
29.15,114.801,-0.0145308,PDN15
29.1517,114.793,-0.0142922,PDN15
29.1533,114.785,-0.0141116,PDN15
29.155,114.776,-0.0139921,PDN15
29.1567,114.767,-0.0138934,PDN15
29.1583,114.76,-0.0138343,PDN15
29.16,114.752,-0.013792,PDN15
29.1617,114.743,-0.0137403,PDN15
29.1633,114.735,-0.0137111,PDN15
29.165,114.728,-0.0136825,PDN15
29.1667,114.718,-0.0136106,PDN15
29.1683,114.71,-0.0134864,PDN15
29.17,114.702,-0.0132651,PDN15
29.1717,114.694,-0.0130904,PDN15
29.1733,114.685,-0.01295,PDN15
29.175,114.677,-0.0128091,PDN15
29.1767,114.668,-0.0126713,PDN15
29.1783,114.659,-0.0125516,PDN15
29.18,114.652,-0.0124032,PDN15
29.1817,114.645,-0.012322,PDN15
29.1833,114.636,-0.0122764,PDN15
29.185,114.627,-0.0122242,PDN15
29.1867,114.618,-0.0121634,PDN15
29.1883,114.612,-0.0120314,PDN15
29.19,114.602,-0.0118424,PDN15
29.1917,114.594,-0.0116856,PDN15
29.1933,114.586,-0.0115018,PDN15
29.195,114.578,-0.0113585,PDN15
29.1967,114.57,-0.0112448,PDN15
29.1983,114.561,-0.0111385,PDN15
29.2,114.553,-0.0110766,PDN15
29.2017,114.544,-0.0109906,PDN15
29.2033,114.537,-0.0109234,PDN15
29.205,114.528,-0.010888,PDN15
29.2067,114.519,-0.0108458,PDN15
29.2083,114.512,-0.0107491,PDN15
29.21,114.504,-0.0106196,PDN15
29.2117,114.496,-0.0104285,PDN15
29.2133,114.487,-0.0102809,PDN15
29.215,114.478,-0.0101667,PDN15
29.2167,114.47,-0.0100668,PDN15
29.2183,114.462,-0.00998679,PDN15
29.22,114.454,-0.00992246,PDN15
29.2217,114.445,-0.00981534,PDN15
29.2233,114.437,-0.00967043,PDN15
29.225,114.429,-0.00945326,PDN15
29.2267,114.42,-0.00917988,PDN15
29.2283,114.412,-0.00894042,PDN15
29.23,114.404,-0.00875657,PDN15
29.2317,114.396,-0.0086509,PDN15
29.2333,114.389,-0.00859218,PDN15
29.235,114.379,-0.00856078,PDN15
29.2367,114.371,-0.00845045,PDN15
29.2383,114.362,-0.00840446,PDN15
29.24,114.354,-0.00831535,PDN15
29.2417,114.346,-0.00824744,PDN15
29.2433,114.338,-0.0082179,PDN15
29.245,114.329,-0.00815256,PDN15
29.2467,114.321,-0.00803195,PDN15
29.2483,114.313,-0.00792019,PDN15
29.25,114.304,-0.00785488,PDN15
29.2517,114.297,-0.00781923,PDN15
29.2533,114.289,-0.00774467,PDN15
29.255,114.28,-0.00758367,PDN15
29.2567,114.271,-0.00738808,PDN15
29.2583,114.263,-0.00719592,PDN15
29.26,114.255,-0.00703291,PDN15
29.2617,114.246,-0.00692414,PDN15
29.2633,114.239,-0.00677911,PDN15
29.265,114.23,-0.00658612,PDN15
29.2667,114.222,-0.00635635,PDN15
29.2683,114.214,-0.00620125,PDN15
29.27,114.205,-0.00610798,PDN15
29.2717,114.196,-0.0059919,PDN15
29.2733,114.189,-0.00586336,PDN15
29.275,114.179,-0.00572424,PDN15
29.2767,114.172,-0.00556124,PDN15
29.2783,114.164,-0.00541186,PDN15
29.28,114.156,-0.00530562,PDN15
29.2817,114.147,-0.00524475,PDN15
29.2833,114.139,-0.00521246,PDN15
29.285,114.13,-0.00518113,PDN15
29.2867,114.122,-0.00514197,PDN15
29.2883,114.114,-0.00507254,PDN15
29.29,114.106,-0.00496962,PDN15
29.2917,114.098,-0.0048293,PDN15
29.2933,114.089,-0.00469389,PDN15
29.295,114.08,-0.00447386,PDN15
29.2967,114.073,-0.00423927,PDN15
29.2983,114.065,-0.00402705,PDN15
29.3,114.056,-0.00388465,PDN15
29.3017,114.048,-0.0038078,PDN15
29.3033,114.039,-0.00377522,PDN15
29.305,114.031,-0.00372116,PDN15
29.3067,114.023,-0.00365881,PDN15
29.3083,114.014,-0.00358354,PDN15
29.31,114.006,-0.00351725,PDN15
29.3117,113.997,-0.00338404,PDN15
29.3133,113.99,-0.00311534,PDN15
29.315,113.982,-0.00286504,PDN15
29.3167,113.974,-0.00274799,PDN15
29.3183,113.964,-0.00269043,PDN15
29.32,113.956,-0.0026184,PDN15
29.3217,113.948,-0.00255029,PDN15
29.3233,113.94,-0.00247019,PDN15
29.325,113.931,-0.00243639,PDN15
29.3267,113.923,-0.00233432,PDN15
29.3283,113.915,-0.00230252,PDN15
29.33,113.906,-0.00226484,PDN15
29.3317,113.899,-0.00219079,PDN15
29.3333,113.89,-0.00211131,PDN15
29.335,113.882,-0.00207577,PDN15
29.3367,113.873,-0.00204299,PDN15
29.3383,113.865,-0.00201062,PDN15
29.34,113.857,-0.00197499,PDN15
29.3417,113.849,-0.00191962,PDN15
29.3433,113.84,-0.00188265,PDN15
29.345,113.832,-0.00184616,PDN15
29.3467,113.825,-0.00177196,PDN15
29.3483,113.816,-0.00170939,PDN15
29.35,113.807,-0.00163505,PDN15
29.3517,113.798,-0.0015663,PDN15
29.3533,113.79,-0.00148682,PDN15
29.355,113.782,-0.00137382,PDN15
29.3567,113.774,-0.00125564,PDN15
29.3583,113.765,-0.00113489,PDN15
29.36,113.757,-0.000991307,PDN15
29.3617,113.749,-0.00080007,PDN15
29.3633,113.74,-0.000601941,PDN15
29.365,113.732,-0.000427796,PDN15
29.3667,113.725,-0.000328101,PDN15
29.3683,113.715,-0.00020868,PDN15
29.37,113.708,-7.73E-05,PDN15
29.3717,113.699,5.55E-05,PDN15
29.3733,113.691,0.000208602,PDN15
29.375,113.683,0.000306968,PDN15
29.3767,113.674,0.000393079,PDN15
29.3783,113.667,0.000433784,PDN15
29.38,113.659,0.000471538,PDN15
29.3817,113.65,0.000517187,PDN15
29.3833,113.64,0.000560416,PDN15
29.385,113.632,0.000597157,PDN15
29.3867,113.625,0.000634139,PDN15
29.3883,113.617,0.000675262,PDN15
29.39,113.608,0.000745474,PDN15
29.3917,113.6,0.000843653,PDN15
29.3933,113.591,0.000972613,PDN15
29.395,113.584,0.00107883,PDN15
29.3967,113.575,0.00121922,PDN15
29.3983,113.566,0.00141328,PDN15
29.4,113.558,0.0016069,PDN15
29.4017,113.55,0.00184758,PDN15
29.4033,113.542,0.00202616,PDN15
29.405,113.533,0.00218754,PDN15
29.4067,113.525,0.00231209,PDN15
29.4083,113.516,0.00243359,PDN15
29.41,113.509,0.00256054,PDN15
29.4117,113.5,0.0027035,PDN15
29.4133,113.492,0.00281692,PDN15
29.415,113.484,0.0029174,PDN15
29.4167,113.475,0.00298043,PDN15
29.4183,113.468,0.00302055,PDN15
29.42,113.458,0.00306644,PDN15
29.4217,113.451,0.00310597,PDN15
29.4233,113.442,0.00314367,PDN15
29.425,113.434,0.00318211,PDN15
29.4267,113.426,0.00321472,PDN15
29.4283,113.417,0.00329636,PDN15
29.43,113.409,0.00335991,PDN15
29.4317,113.4,0.00342565,PDN15
29.4333,113.393,0.00349137,PDN15
29.435,113.384,0.00353959,PDN15
29.4367,113.375,0.00358216,PDN15
29.4383,113.368,0.0036557,PDN15
29.44,113.36,0.00377865,PDN15
29.4417,113.351,0.00392334,PDN15
29.4433,113.343,0.00399231,PDN15
29.445,113.335,0.00408003,PDN15
29.4467,113.327,0.00416277,PDN15
29.4483,113.318,0.00426885,PDN15
29.45,113.31,0.00433266,PDN15
29.4517,113.302,0.00441679,PDN15
29.4533,113.293,0.00446177,PDN15
29.455,113.285,0.00450057,PDN15
29.4567,113.278,0.0045401,PDN15
29.4583,113.268,0.00457957,PDN15
29.46,113.26,0.00462111,PDN15
29.4617,113.251,0.00468617,PDN15
29.4633,113.244,0.00479109,PDN15
29.465,113.235,0.0049231,PDN15
29.4667,113.228,0.00505182,PDN15
29.4683,113.219,0.00515156,PDN15
29.47,113.21,0.00529039,PDN15
29.4717,113.202,0.00548505,PDN15
29.4733,113.194,0.00575984,PDN15
29.475,113.185,0.00598359,PDN15
29.4767,113.176,0.00613932,PDN15
29.4783,113.168,0.00626954,PDN15
29.48,113.161,0.00635233,PDN15
29.4817,113.151,0.00642281,PDN15
29.4833,113.143,0.00650005,PDN15
29.485,113.135,0.00655281,PDN15
29.4867,113.128,0.00660603,PDN15
29.4883,113.119,0.00666013,PDN15
29.49,113.111,0.00670897,PDN15
29.4917,113.102,0.00675136,PDN15
29.4933,113.094,0.00679649,PDN15
29.495,113.086,0.00683804,PDN15
29.4967,113.078,0.0068796,PDN15
29.4983,113.069,0.0069205,PDN15
29.5,113.061,0.00696377,PDN15
29.5017,113.053,0.00705077,PDN15
29.5033,113.045,0.00714339,PDN15
29.505,113.037,0.00721835,PDN15
29.5067,113.028,0.0073379,PDN15
29.5083,113.02,0.0074528,PDN15
29.51,113.011,0.00756441,PDN15
29.5117,113.003,0.0076195,PDN15
29.5133,112.994,0.00767203,PDN15
29.515,112.986,0.00772695,PDN15
29.5167,112.978,0.0077791,PDN15
29.5183,112.969,0.00783381,PDN15
29.52,112.961,0.00804331,PDN15
29.5217,112.954,0.00820431,PDN15
29.5233,112.945,0.00831213,PDN15
29.525,112.937,0.00837568,PDN15
29.5267,112.928,0.00846617,PDN15
29.5283,112.92,0.00862714,PDN15
29.53,112.912,0.00878789,PDN15
29.5317,112.904,0.0089098,PDN15
29.5333,112.895,0.00901452,PDN15
29.535,112.886,0.00910199,PDN15
29.5367,112.879,0.00918122,PDN15
29.5383,112.869,0.00932417,PDN15
29.54,112.862,0.00951809,PDN15
29.5417,112.854,0.00963759,PDN15
29.5433,112.845,0.00969785,PDN15
29.545,112.837,0.00979369,PDN15
29.5467,112.828,0.00998534,PDN15
29.5483,112.821,0.0102555,PDN15
29.55,112.811,0.0104784,PDN15
29.5517,112.804,0.0106231,PDN15
29.5533,112.796,0.0107117,PDN15
29.555,112.786,0.0107658,PDN15
29.5567,112.779,0.0108078,PDN15
29.5583,112.77,0.0108507,PDN15
29.56,112.761,0.0109494,PDN15
29.5617,112.754,0.0110267,PDN15
29.5633,112.746,0.0110661,PDN15
29.565,112.737,0.0111092,PDN15
29.5667,112.729,0.0111727,PDN15
29.5683,112.721,0.0112604,PDN15
29.57,112.712,0.011316,PDN15
29.5717,112.705,0.0113594,PDN15
29.5733,112.696,0.0114039,PDN15
29.575,112.687,0.0114543,PDN15
29.5767,112.679,0.0115181,PDN15
29.5783,112.67,0.0115629,PDN15
29.58,112.662,0.0116072,PDN15
29.5817,112.653,0.0116807,PDN15
29.5833,112.646,0.011751,PDN15
29.585,112.637,0.0118095,PDN15
29.5867,112.629,0.0118514,PDN15
29.5883,112.62,0.0118948,PDN15
29.59,112.613,0.0119376,PDN15
29.5917,112.604,0.0119931,PDN15
29.5933,112.596,0.0120889,PDN15
29.595,112.588,0.012369,PDN15
29.5967,112.578,0.0125569,PDN15
29.5983,112.57,0.0127688,PDN15
29.6,112.563,0.0129406,PDN15
29.6017,112.555,0.0129937,PDN15
29.6033,112.547,0.0130406,PDN15
29.605,112.538,0.0130951,PDN15
29.6067,112.529,0.0131384,PDN15
29.6083,112.521,0.013181,PDN15
29.61,112.513,0.0132419,PDN15
29.6117,112.505,0.013287,PDN15
29.6133,112.496,0.0133311,PDN15
29.615,112.488,0.0133739,PDN15
29.6167,112.48,0.0134176,PDN15
29.6183,112.472,0.0134736,PDN15
29.62,112.463,0.0135173,PDN15
29.6217,112.454,0.0135619,PDN15
29.6233,112.447,0.0136462,PDN15
29.625,112.438,0.0137556,PDN15
29.6267,112.431,0.0138068,PDN15
29.6283,112.422,0.0138826,PDN15
29.63,112.414,0.0139427,PDN15
29.6317,112.405,0.013989,PDN15
29.6333,112.397,0.014053,PDN15
29.635,112.389,0.0141,PDN15
29.6367,112.38,0.0141592,PDN15
29.6383,112.372,0.0142191,PDN15
29.64,112.363,0.0142647,PDN15
29.6417,112.354,0.0143219,PDN15
29.6433,112.346,0.0144307,PDN15
29.645,112.338,0.0145031,PDN15
29.6467,112.329,0.0146001,PDN15
29.6483,112.322,0.0146591,PDN15
29.65,112.314,0.0147338,PDN15
29.6517,112.305,0.0149269,PDN15
29.6533,112.296,0.0151495,PDN15
29.655,112.289,0.0153036,PDN15
29.6567,112.28,0.0153919,PDN15
29.6583,112.273,0.0154398,PDN15
29.66,112.264,0.0154854,PDN15
29.6617,112.255,0.0155298,PDN15
29.6633,112.247,0.0155749,PDN15
29.665,112.239,0.0156291,PDN15
29.6667,112.231,0.0156748,PDN15
29.6683,112.223,0.0157279,PDN15
29.67,112.213,0.015873,PDN15
29.6717,112.206,0.0160828,PDN15
29.6733,112.198,0.016205,PDN15
29.675,112.189,0.0162555,PDN15
29.6767,112.181,0.0163034,PDN15
29.6783,112.174,0.0163557,PDN15
29.68,112.165,0.0164274,PDN15
29.6817,112.156,0.016468,PDN15
29.6833,112.148,0.0165069,PDN15
29.685,112.139,0.0165498,PDN15
29.6867,112.131,0.0165948,PDN15
29.6883,112.123,0.0166498,PDN15
29.69,112.113,0.0167187,PDN15
29.6917,112.107,0.0168325,PDN15
29.6933,112.097,0.0170025,PDN15
29.695,112.091,0.0171838,PDN15
29.6967,112.081,0.0174111,PDN15
29.6983,112.073,0.017569,PDN15
29.7,112.065,0.0176592,PDN15
29.7017,112.057,0.017731,PDN15
29.7033,112.048,0.0178211,PDN15
29.705,112.04,0.0178805,PDN15
29.7067,112.031,0.0179308,PDN15
29.7083,112.023,0.0179781,PDN15
29.71,112.016,0.0180383,PDN15
29.7117,112.006,0.0181172,PDN15
29.7133,111.999,0.0181889,PDN15
29.715,111.991,0.0182796,PDN15
29.7167,111.983,0.01838,PDN15
29.7183,111.974,0.0184827,PDN15
29.72,111.965,0.0185973,PDN15
29.7217,111.957,0.0187416,PDN15
29.7233,111.948,0.0188402,PDN15
29.725,111.94,0.0188877,PDN15
29.7267,111.932,0.0189365,PDN15
29.7283,111.924,0.0189835,PDN15
29.73,111.916,0.0190282,PDN15
29.7317,111.907,0.0190727,PDN15
29.7333,111.899,0.0191118,PDN15
29.735,111.89,0.019152,PDN15
29.7367,111.883,0.0191969,PDN15
29.7383,111.875,0.0192415,PDN15
29.74,111.866,0.0192882,PDN15
29.7417,111.857,0.0193338,PDN15
29.7433,111.85,0.0193784,PDN15
29.745,111.841,0.0194269,PDN15
29.7467,111.833,0.0194738,PDN15
29.7483,111.824,0.0195279,PDN15
29.75,111.815,0.019596,PDN15
29.7517,111.808,0.0196545,PDN15
29.7533,111.8,0.0197693,PDN15
29.755,111.791,0.0198565,PDN15
29.7567,111.783,0.0199799,PDN15
29.7583,111.775,0.020076,PDN15
29.76,111.767,0.0201755,PDN15
29.7617,111.758,0.020248,PDN15
29.7633,111.75,0.0203355,PDN15
29.765,111.741,0.0203824,PDN15
29.7667,111.733,0.0204285,PDN15
29.7683,111.724,0.0204774,PDN15
29.77,111.716,0.0205342,PDN15
29.7717,111.709,0.020598,PDN15
29.7733,111.7,0.0206474,PDN15
29.775,111.692,0.0206978,PDN15
29.7767,111.684,0.0207474,PDN15
29.7783,111.675,0.0207961,PDN15
29.78,111.667,0.0208454,PDN15
29.7817,111.658,0.0209034,PDN15
29.7833,111.651,0.0209695,PDN15
29.785,111.642,0.0210823,PDN15
29.7867,111.633,0.0212192,PDN15
29.7883,111.625,0.0212921,PDN15
29.79,111.616,0.0213535,PDN15
29.7917,111.608,0.021423,PDN15
29.7933,111.6,0.0215145,PDN15
29.795,111.592,0.0216009,PDN15
29.7967,111.584,0.0216587,PDN15
29.7983,111.575,0.0217096,PDN15
29.8,111.566,0.0217608,PDN15
29.8017,111.558,0.0218124,PDN15
29.8033,111.55,0.0218994,PDN15
29.805,111.542,0.0219765,PDN15
29.8067,111.534,0.0220292,PDN15
29.8083,111.525,0.0220803,PDN15
29.81,111.517,0.0221306,PDN15
29.8117,111.509,0.0221791,PDN15
29.8133,111.5,0.0222296,PDN15
29.815,111.492,0.0222819,PDN15
29.8167,111.484,0.0223351,PDN15
29.8183,111.476,0.0224133,PDN15
29.82,111.466,0.0225291,PDN15
29.8217,111.459,0.0226633,PDN15
29.8233,111.451,0.0228306,PDN15
29.825,111.442,0.0230123,PDN15
29.8267,111.433,0.0231744,PDN15
29.8283,111.424,0.0233253,PDN15
29.83,111.417,0.0234053,PDN15
29.8317,111.408,0.0234868,PDN15
29.8333,111.401,0.023549,PDN15
29.835,111.393,0.0236,PDN15
29.8367,111.384,0.0236496,PDN15
29.8383,111.376,0.0237006,PDN15
29.84,111.367,0.0237507,PDN15
29.8417,111.359,0.0238018,PDN15
29.8433,111.35,0.0238715,PDN15
29.845,111.342,0.0239725,PDN15
29.8467,111.334,0.0241618,PDN15
29.8483,111.326,0.0243687,PDN15
29.85,111.318,0.0245362,PDN15
29.8517,111.309,0.0247266,PDN15
29.8533,111.301,0.0248976,PDN15
29.855,111.294,0.0249951,PDN15
29.8567,111.284,0.0250751,PDN15
29.8583,111.276,0.0251243,PDN15
29.86,111.268,0.025221,PDN15
29.8617,111.259,0.0253138,PDN15
29.8633,111.251,0.0253609,PDN15
29.865,111.242,0.0254225,PDN15
29.8667,111.235,0.0254941,PDN15
29.8683,111.227,0.0255579,PDN15
29.87,111.217,0.0256027,PDN15
29.8717,111.21,0.0256515,PDN15
29.8733,111.201,0.025701,PDN15
29.875,111.193,0.0257781,PDN15
29.8767,111.185,0.0258685,PDN15
29.8783,111.177,0.0259966,PDN15
29.88,111.169,0.026075,PDN15
29.8817,111.16,0.0261457,PDN15
29.8833,111.152,0.0262062,PDN15
29.885,111.143,0.0262571,PDN15
29.8867,111.134,0.0263067,PDN15
29.8883,111.126,0.0263533,PDN15
29.89,111.119,0.026399,PDN15
29.8917,111.11,0.0264422,PDN15
29.8933,111.102,0.0264854,PDN15
29.895,111.093,0.0265299,PDN15
29.8967,111.084,0.0265744,PDN15
29.8983,111.076,0.0266177,PDN15
29.9,111.068,0.0266656,PDN15
29.9017,111.06,0.0267134,PDN15
29.9033,111.051,0.0267625,PDN15
29.905,111.042,0.0268217,PDN15
29.9067,111.036,0.0268983,PDN15
29.9083,111.026,0.0269468,PDN15
29.91,111.018,0.0269938,PDN15
29.9117,111.01,0.0270446,PDN15
29.9133,111.002,0.0271052,PDN15
29.915,110.993,0.0271635,PDN15
29.9167,110.986,0.0272141,PDN15
29.9183,110.977,0.0272657,PDN15
29.92,110.969,0.0273162,PDN15
29.9217,110.96,0.0273666,PDN15
29.9233,110.952,0.0274149,PDN15
29.925,110.944,0.0274598,PDN15
29.9267,110.935,0.0275029,PDN15
29.9283,110.927,0.0275458,PDN15
29.93,110.918,0.0275911,PDN15
29.9317,110.909,0.0276414,PDN15
29.9333,110.902,0.0277032,PDN15
29.935,110.893,0.0277873,PDN15
29.9367,110.885,0.0278921,PDN15
29.9383,110.876,0.0280337,PDN15
29.94,110.869,0.0282151,PDN15
29.9417,110.86,0.0283638,PDN15
29.9433,110.853,0.0285822,PDN15
29.945,110.844,0.0287243,PDN15
29.9467,110.835,0.0288658,PDN15
29.9483,110.827,0.029039,PDN15
29.95,110.819,0.0291427,PDN15
29.9517,110.811,0.0291909,PDN15
29.9533,110.801,0.0292449,PDN15
29.955,110.794,0.0292933,PDN15
29.9567,110.786,0.0293399,PDN15
29.9583,110.779,0.0293815,PDN15
29.96,110.77,0.0294213,PDN15
29.9617,110.761,0.0294616,PDN15
29.9633,110.752,0.0295023,PDN15
29.965,110.745,0.029546,PDN15
29.9667,110.736,0.0295888,PDN15
29.9683,110.727,0.0296331,PDN15
29.97,110.72,0.0296759,PDN15
29.9717,110.711,0.029721,PDN15
29.9733,110.702,0.029768,PDN15
29.975,110.694,0.0298163,PDN15
29.9767,110.687,0.0298838,PDN15
29.9783,110.677,0.0299952,PDN15
29.98,110.669,0.0301429,PDN15
29.9817,110.662,0.0302612,PDN15
29.9833,110.652,0.0303459,PDN15
29.985,110.645,0.0304473,PDN15
29.9867,110.637,0.0305664,PDN15
29.9883,110.629,0.0307475,PDN15
29.99,110.62,0.0308736,PDN15
29.9917,110.612,0.0309486,PDN15
29.9933,110.603,0.031049,PDN15
29.995,110.594,0.0311652,PDN15
29.9967,110.587,0.0312332,PDN15
29.9983,110.579,0.0312887,PDN15
30,110.57,0.0313624,PDN15
30.0017,110.561,0.0314,PDN15
30.0033,110.553,0.0314357,PDN15
30.005,110.544,0.0314684,PDN15
30.0067,110.537,0.0315055,PDN15
30.0083,110.528,0.0315416,PDN15
30.01,110.52,0.0315809,PDN15
30.0117,110.512,0.0316256,PDN15
30.0133,110.502,0.0316758,PDN15
30.015,110.495,0.031723,PDN15
30.0167,110.486,0.0317918,PDN15
30.0183,110.478,0.0318505,PDN15
30.02,110.47,0.0319698,PDN15
30.0217,110.461,0.0320458,PDN15
30.0233,110.454,0.032094,PDN15
30.025,110.445,0.0321426,PDN15
30.0267,110.438,0.0321908,PDN15
30.0283,110.427,0.03224,PDN15
30.03,110.419,0.032292,PDN15
30.0317,110.412,0.0323412,PDN15
30.0333,110.404,0.0323887,PDN15
30.035,110.395,0.0324308,PDN15
30.0367,110.387,0.0324755,PDN15
30.0383,110.379,0.0325253,PDN15
30.04,110.37,0.0326026,PDN15
30.0417,110.362,0.0326705,PDN15
30.0433,110.353,0.0327358,PDN15
30.045,110.346,0.0327862,PDN15
30.0467,110.337,0.0328366,PDN15
30.0483,110.328,0.0329029,PDN15
30.05,110.321,0.0329701,PDN15
30.0517,110.312,0.033018,PDN15
30.0533,110.303,0.0330571,PDN15
30.055,110.295,0.0330958,PDN15
30.0567,110.287,0.0331339,PDN15
30.0583,110.279,0.0331751,PDN15
30.06,110.271,0.0332174,PDN15
30.0617,110.262,0.0332601,PDN15
30.0633,110.254,0.0333036,PDN15
30.065,110.246,0.0333467,PDN15
30.0667,110.237,0.0333932,PDN15
30.0683,110.228,0.0334646,PDN15
30.07,110.221,0.0335429,PDN15
30.0717,110.212,0.0335949,PDN15
30.0733,110.204,0.0336417,PDN15
30.075,110.195,0.0336907,PDN15
30.0767,110.187,0.0337368,PDN15
30.0783,110.179,0.03378,PDN15
30.08,110.17,0.0338268,PDN15
30.0817,110.162,0.0338753,PDN15
30.0833,110.155,0.0339249,PDN15
30.085,110.146,0.0339897,PDN15
30.0867,110.138,0.0340734,PDN15
30.0883,110.129,0.0341489,PDN15
30.09,110.121,0.0342376,PDN15
30.0917,110.113,0.0343011,PDN15
30.0933,110.104,0.0344001,PDN15
30.095,110.096,0.0344866,PDN15
30.0967,110.087,0.0345884,PDN15
30.0983,110.078,0.0347034,PDN15
30.1,110.071,0.0347963,PDN15
30.1017,110.063,0.0348706,PDN15
30.1033,110.054,0.0349259,PDN15
30.105,110.046,0.0349733,PDN15
30.1067,110.037,0.0350134,PDN15
30.1083,110.029,0.0350564,PDN15
30.11,110.021,0.035097,PDN15
30.1117,110.013,0.0351365,PDN15
30.1133,110.004,0.03518,PDN15
30.115,109.996,0.0352269,PDN15
30.1167,109.987,0.0353075,PDN15
30.1183,109.98,0.0354312,PDN15
30.12,109.971,0.035609,PDN15
30.1217,109.963,0.0357894,PDN15
30.1233,109.954,0.0358762,PDN15
30.125,109.947,0.0359256,PDN15
30.1267,109.939,0.0359857,PDN15
30.1283,109.93,0.0360683,PDN15
30.13,109.922,0.0361368,PDN15
30.1317,109.914,0.0361846,PDN15
30.1333,109.905,0.0362309,PDN15
30.135,109.897,0.036279,PDN15
30.1367,109.888,0.0363251,PDN15
30.1383,109.88,0.036372,PDN15
30.14,109.872,0.0364241,PDN15
30.1417,109.863,0.0364646,PDN15
30.1433,109.855,0.0365053,PDN15
30.145,109.847,0.0365436,PDN15
30.1467,109.838,0.0365813,PDN15
30.1483,109.829,0.0366224,PDN15
30.15,109.822,0.0366635,PDN15
30.1517,109.813,0.0367081,PDN15
30.1533,109.805,0.0367566,PDN15
30.155,109.798,0.0368142,PDN15
30.1567,109.789,0.036858,PDN15
30.1583,109.781,0.0368998,PDN15
30.16,109.773,0.0369446,PDN15
30.1617,109.765,0.0369925,PDN15
30.1633,109.757,0.0370409,PDN15
30.165,109.749,0.0370906,PDN15
30.1667,109.739,0.0371799,PDN15
30.1683,109.73,0.0372866,PDN15
30.17,109.722,0.0374207,PDN15
30.1717,109.714,0.0375218,PDN15
30.1733,109.706,0.0376178,PDN15
30.175,109.698,0.0376671,PDN15
30.1767,109.689,0.0377156,PDN15
30.1783,109.681,0.0377609,PDN15
30.18,109.672,0.0378083,PDN15
30.1817,109.664,0.0378567,PDN15
30.1833,109.656,0.0379056,PDN15
30.185,109.646,0.0379513,PDN15
30.1867,109.64,0.0379985,PDN15
30.1883,109.631,0.0380481,PDN15
30.19,109.622,0.0380962,PDN15
30.1917,109.614,0.0381446,PDN15
30.1933,109.606,0.0381926,PDN15
30.195,109.598,0.0382433,PDN15
30.1967,109.589,0.0382957,PDN15
30.1983,109.581,0.0383442,PDN15
30.2,109.573,0.0383906,PDN15
30.2017,109.563,0.0384366,PDN15
30.2033,109.555,0.0384785,PDN15
30.205,109.547,0.0385234,PDN15
30.2067,109.539,0.0385716,PDN15
30.2083,109.53,0.0386195,PDN15
30.21,109.522,0.0386679,PDN15
30.2117,109.513,0.038721,PDN15
30.2133,109.505,0.0387795,PDN15
30.215,109.497,0.0388441,PDN15
30.2167,109.489,0.0389473,PDN15
30.2183,109.48,0.0390363,PDN15
30.22,109.472,0.0391051,PDN15
30.2217,109.464,0.0392082,PDN15
30.2233,109.456,0.0392958,PDN15
30.225,109.447,0.0393695,PDN15
30.2267,109.439,0.0394502,PDN15
30.2283,109.43,0.0395139,PDN15
30.23,109.422,0.0395654,PDN15
30.2317,109.414,0.0396143,PDN15
30.2333,109.406,0.0396634,PDN15
30.235,109.397,0.0397188,PDN15
30.2367,109.389,0.039774,PDN15
30.2383,109.381,0.0398253,PDN15
30.24,109.372,0.0399056,PDN15
30.2417,109.365,0.0399829,PDN15
30.2433,109.356,0.040036,PDN15
30.245,109.347,0.0401209,PDN15
30.2467,109.339,0.0402289,PDN15
30.2483,109.331,0.0403392,PDN15
30.25,109.323,0.0404332,PDN15
30.2517,109.315,0.0404897,PDN15
30.2533,109.307,0.0405524,PDN15
30.255,109.299,0.040603,PDN15
30.2567,109.29,0.040649,PDN15
30.2583,109.281,0.0406947,PDN15
30.26,109.273,0.0407396,PDN15
30.2617,109.265,0.0407801,PDN15
30.2633,109.256,0.040821,PDN15
30.265,109.248,0.0408627,PDN15
30.2667,109.24,0.0409065,PDN15
30.2683,109.232,0.0409506,PDN15
30.27,109.223,0.040993,PDN15
30.2717,109.216,0.0410361,PDN15
30.2733,109.207,0.0410778,PDN15
30.275,109.198,0.0411161,PDN15
30.2767,109.191,0.0411522,PDN15
30.2783,109.182,0.0411879,PDN15
30.28,109.175,0.0412242,PDN15
30.2817,109.165,0.0412677,PDN15
30.2833,109.157,0.0413137,PDN15
30.285,109.149,0.0413633,PDN15
30.2867,109.141,0.041412,PDN15
30.2883,109.132,0.0414573,PDN15
30.29,109.124,0.0415048,PDN15
30.2917,109.115,0.0415756,PDN15
30.2933,109.108,0.0416786,PDN15
30.295,109.098,0.0417429,PDN15
30.2967,109.091,0.0417934,PDN15
30.2983,109.083,0.0418573,PDN15
30.3,109.074,0.0419514,PDN15
30.3017,109.065,0.0420052,PDN15
30.3033,109.058,0.0420557,PDN15
30.305,109.049,0.0421037,PDN15
30.3067,109.041,0.0421541,PDN15
30.3083,109.033,0.0421987,PDN15
30.31,109.025,0.0422445,PDN15
30.3117,109.016,0.0422922,PDN15
30.3133,109.008,0.0423424,PDN15
30.315,109,0.0424273,PDN15
30.3167,108.991,0.0425814,PDN15
30.3183,108.983,0.0426672,PDN15
30.32,108.975,0.0427364,PDN15
30.3217,108.966,0.0427829,PDN15
30.3233,108.958,0.0428303,PDN15
30.325,108.949,0.042878,PDN15
30.3267,108.941,0.0429228,PDN15
30.3283,108.932,0.0429673,PDN15
30.33,108.924,0.0430101,PDN15
30.3317,108.916,0.0430535,PDN15
30.3333,108.907,0.0430963,PDN15
30.335,108.898,0.0431433,PDN15
30.3367,108.891,0.043191,PDN15
30.3383,108.883,0.0432396,PDN15
30.34,108.874,0.0432862,PDN15
30.3417,108.866,0.0433291,PDN15
30.3433,108.858,0.0433713,PDN15
30.345,108.849,0.0434116,PDN15
30.3467,108.841,0.0434553,PDN15
30.3483,108.832,0.0435029,PDN15
30.35,108.824,0.0435496,PDN15
30.3517,108.816,0.0435956,PDN15
30.3533,108.808,0.0436386,PDN15
30.355,108.799,0.0436832,PDN15
30.3567,108.792,0.0437286,PDN15
30.3583,108.784,0.0437732,PDN15
30.36,108.776,0.0438205,PDN15
30.3617,108.766,0.0438724,PDN15
30.3633,108.758,0.0439226,PDN15
30.365,108.749,0.0439756,PDN15
30.3667,108.742,0.0440244,PDN15
30.3683,108.733,0.0440728,PDN15
30.37,108.724,0.0441237,PDN15
30.3717,108.716,0.0441692,PDN15
30.3733,108.708,0.0442183,PDN15
30.375,108.699,0.0442691,PDN15
30.3767,108.691,0.044319,PDN15
30.3783,108.683,0.0443678,PDN15
30.38,108.675,0.044417,PDN15
30.3817,108.666,0.0444666,PDN15
30.3833,108.658,0.0445163,PDN15
30.385,108.649,0.0445635,PDN15
30.3867,108.641,0.0446131,PDN15
30.3883,108.632,0.044663,PDN15
30.39,108.625,0.044712,PDN15
30.3917,108.617,0.0447752,PDN15
30.3933,108.608,0.0448263,PDN15
30.395,108.6,0.0449577,PDN15
30.3967,108.591,0.0450292,PDN15
30.3983,108.583,0.0450977,PDN15
30.4,108.575,0.0451529,PDN15
30.4017,108.566,0.0452017,PDN15
30.4033,108.557,0.0452452,PDN15
30.405,108.549,0.0452902,PDN15
30.4067,108.542,0.0453354,PDN15
30.4083,108.533,0.0453805,PDN15
30.41,108.525,0.0454255,PDN15
30.4117,108.517,0.0454673,PDN15
30.4133,108.507,0.0455143,PDN15
30.415,108.501,0.0455633,PDN15
30.4167,108.491,0.0456117,PDN15
30.4183,108.483,0.0456624,PDN15
30.42,108.474,0.0457151,PDN15
30.4217,108.467,0.0457658,PDN15
30.4233,108.459,0.0458292,PDN15
30.425,108.449,0.0459457,PDN15
30.4267,108.442,0.0460279,PDN15
30.4283,108.433,0.0460934,PDN15
30.43,108.425,0.0461719,PDN15
30.4317,108.417,0.0462399,PDN15
30.4333,108.409,0.0463074,PDN15
30.435,108.4,0.0463532,PDN15
30.4367,108.392,0.0463909,PDN15
30.4383,108.383,0.046425,PDN15
30.44,108.374,0.046458,PDN15
30.4417,108.367,0.0464892,PDN15
30.4433,108.358,0.0465205,PDN15
30.445,108.35,0.0465543,PDN15
30.4467,108.342,0.0465891,PDN15
30.4483,108.334,0.0466324,PDN15
30.45,108.324,0.0467205,PDN15
30.4517,108.317,0.0468959,PDN15
30.4533,108.309,0.0471138,PDN15
30.455,108.301,0.0471988,PDN15
30.4567,108.292,0.0472832,PDN15
30.4583,108.284,0.0473457,PDN15
30.46,108.275,0.0473935,PDN15
30.4617,108.268,0.0474367,PDN15
30.4633,108.258,0.0474767,PDN15
30.465,108.25,0.0475134,PDN15
30.4667,108.242,0.0475533,PDN15
30.4683,108.234,0.0475954,PDN15
30.47,108.225,0.0476385,PDN15
30.4717,108.217,0.047685,PDN15
30.4733,108.208,0.0477256,PDN15
30.475,108.2,0.0477661,PDN15
30.4767,108.193,0.0478091,PDN15
30.4783,108.184,0.0478556,PDN15
30.48,108.175,0.0479011,PDN15
30.4817,108.167,0.0479422,PDN15
30.4833,108.159,0.0479869,PDN15
30.485,108.151,0.0480298,PDN15
30.4867,108.143,0.0480713,PDN15
30.4883,108.134,0.048116,PDN15
30.49,108.125,0.0481632,PDN15
30.4917,108.117,0.0482069,PDN15
30.4933,108.109,0.0482508,PDN15
30.495,108.1,0.0482975,PDN15
30.4967,108.092,0.0483462,PDN15
30.4983,108.083,0.0483911,PDN15
30.5,108.075,0.0484373,PDN15
30.5017,108.067,0.0484818,PDN15
30.5033,108.059,0.0485285,PDN15
30.505,108.049,0.048572,PDN15
30.5067,108.043,0.0486152,PDN15
30.5083,108.034,0.0486565,PDN15
30.51,108.026,0.0486957,PDN15
30.5117,108.017,0.0487344,PDN15
30.5133,108.009,0.0487712,PDN15
30.515,108,0.0488065,PDN15
30.5167,107.992,0.0488401,PDN15
30.5183,107.984,0.0488801,PDN15
30.52,107.975,0.0489223,PDN15
30.5217,107.968,0.0489773,PDN15
30.5233,107.959,0.0490596,PDN15
30.525,107.95,0.0491768,PDN15
30.5267,107.943,0.0492472,PDN15
30.5283,107.934,0.0492951,PDN15
30.53,107.925,0.0493429,PDN15
30.5317,107.918,0.0493909,PDN15
30.5333,107.91,0.0494739,PDN15
30.535,107.901,0.049539,PDN15
30.5367,107.892,0.0496562,PDN15
30.5383,107.884,0.0497688,PDN15
30.54,107.876,0.0498956,PDN15
30.5417,107.868,0.0499502,PDN15
30.5433,107.858,0.0500003,PDN15
30.545,107.851,0.0500394,PDN15
30.5467,107.843,0.0500756,PDN15
30.5483,107.834,0.0501095,PDN15
30.55,107.826,0.0501444,PDN15
30.5517,107.818,0.0501815,PDN15
30.5533,107.809,0.0502231,PDN15
30.555,107.801,0.0502736,PDN15
30.5567,107.792,0.050327,PDN15
30.5583,107.784,0.0503725,PDN15
30.56,107.776,0.050419,PDN15
30.5617,107.768,0.0504631,PDN15
30.5633,107.759,0.0505065,PDN15
30.565,107.751,0.0505467,PDN15
30.5667,107.743,0.0505852,PDN15
30.5683,107.733,0.0506251,PDN15
30.57,107.726,0.0506618,PDN15
30.5717,107.717,0.0506989,PDN15
30.5733,107.709,0.0507414,PDN15
30.575,107.701,0.0507864,PDN15
30.5767,107.693,0.0508298,PDN15
30.5783,107.684,0.0508757,PDN15
30.58,107.676,0.0509215,PDN15
30.5817,107.668,0.0509646,PDN15
30.5833,107.66,0.0510051,PDN15
30.585,107.651,0.0510418,PDN15
30.5867,107.642,0.0510772,PDN15
30.5883,107.635,0.0511082,PDN15
30.59,107.625,0.0511389,PDN15
30.5917,107.618,0.0511767,PDN15
30.5933,107.609,0.051222,PDN15
30.595,107.602,0.0512736,PDN15
30.5967,107.593,0.0513293,PDN15
30.5983,107.585,0.0513766,PDN15
30.6,107.576,0.0514314,PDN15
30.6017,107.569,0.0514763,PDN15
30.6033,107.559,0.0515158,PDN15
30.605,107.552,0.0515523,PDN15
30.6067,107.543,0.051589,PDN15
30.6083,107.535,0.0516282,PDN15
30.61,107.528,0.0516701,PDN15
30.6117,107.519,0.0517122,PDN15
30.6133,107.511,0.0517539,PDN15
30.615,107.502,0.051794,PDN15
30.6167,107.493,0.0518388,PDN15
30.6183,107.484,0.0518856,PDN15
30.62,107.477,0.0519615,PDN15
30.6217,107.468,0.0520077,PDN15
30.6233,107.46,0.0520541,PDN15
30.625,107.452,0.0520986,PDN15
30.6267,107.444,0.0521633,PDN15
30.6283,107.435,0.0522082,PDN15
30.63,107.427,0.0522498,PDN15
30.6317,107.42,0.0522874,PDN15
30.6333,107.411,0.0523234,PDN15
30.635,107.402,0.0523598,PDN15
30.6367,107.394,0.0523991,PDN15
30.6383,107.385,0.0524434,PDN15
30.64,107.377,0.0524869,PDN15
30.6417,107.368,0.0525294,PDN15
30.6433,107.36,0.0525678,PDN15
30.645,107.352,0.0526072,PDN15
30.6467,107.343,0.052645,PDN15
30.6483,107.336,0.0526859,PDN15
30.65,107.328,0.0527249,PDN15
30.6517,107.318,0.0527591,PDN15
30.6533,107.31,0.0527941,PDN15
30.655,107.301,0.0528339,PDN15
30.6567,107.293,0.0528788,PDN15
30.6583,107.285,0.052932,PDN15
30.66,107.277,0.0530066,PDN15
30.6617,107.269,0.0530529,PDN15
30.6633,107.26,0.0530973,PDN15
30.665,107.253,0.053142,PDN15
30.6667,107.245,0.0531874,PDN15
30.6683,107.235,0.0532331,PDN15
30.67,107.227,0.053272,PDN15
30.6717,107.219,0.0533074,PDN15
30.6733,107.21,0.0533442,PDN15
30.675,107.202,0.0533846,PDN15
30.6767,107.193,0.0534271,PDN15
30.6783,107.184,0.0534689,PDN15
30.68,107.177,0.0535108,PDN15
30.6817,107.168,0.0535556,PDN15
30.6833,107.16,0.0536021,PDN15
30.685,107.152,0.0536548,PDN15
30.6867,107.144,0.0537531,PDN15
30.6883,107.135,0.0538227,PDN15
30.69,107.127,0.0538881,PDN15
30.6917,107.119,0.0539326,PDN15
30.6933,107.111,0.0539782,PDN15
30.695,107.101,0.0540259,PDN15
30.6967,107.094,0.0540681,PDN15
30.6983,107.086,0.0541086,PDN15
30.7,107.078,0.0541498,PDN15
30.7017,107.07,0.0541868,PDN15
30.7033,107.06,0.0542249,PDN15
30.705,107.052,0.0542612,PDN15
30.7067,107.044,0.0542958,PDN15
30.7083,107.036,0.0543317,PDN15
30.71,107.028,0.0543674,PDN15
30.7117,107.019,0.0544082,PDN15
30.7133,107.011,0.0544519,PDN15
30.715,107.002,0.0544949,PDN15
30.7167,106.995,0.0545432,PDN15
30.7183,106.986,0.0546097,PDN15
30.72,106.978,0.0546563,PDN15
30.7217,106.97,0.0546999,PDN15
30.7233,106.961,0.0547405,PDN15
30.725,106.952,0.0547748,PDN15
30.7267,106.945,0.0548089,PDN15
30.7283,106.936,0.0548434,PDN15
30.73,106.929,0.054881,PDN15
30.7317,106.92,0.05492,PDN15
30.7333,106.911,0.0549553,PDN15
30.735,106.903,0.0549914,PDN15
30.7367,106.894,0.0550322,PDN15
30.7383,106.887,0.0550951,PDN15
30.74,106.877,0.0552151,PDN15
30.7417,106.869,0.0553152,PDN15
30.7433,106.861,0.0553587,PDN15
30.745,106.853,0.0554019,PDN15
30.7467,106.844,0.0554428,PDN15
30.7483,106.836,0.0554835,PDN15
30.75,106.828,0.0555254,PDN15
30.7517,106.819,0.0555647,PDN15
30.7533,106.811,0.0556008,PDN15
30.755,106.803,0.0556372,PDN15
30.7567,106.794,0.0556776,PDN15
30.7583,106.787,0.0557239,PDN15
30.76,106.778,0.0557881,PDN15
30.7617,106.77,0.0558319,PDN15
30.7633,106.762,0.0558723,PDN15
30.765,106.753,0.0559068,PDN15
30.7667,106.745,0.0559389,PDN15
30.7683,106.736,0.0559721,PDN15
30.77,106.728,0.0560057,PDN15
30.7717,106.72,0.0560431,PDN15
30.7733,106.711,0.0560827,PDN15
30.775,106.703,0.0561466,PDN15
30.7767,106.695,0.05622,PDN15
30.7783,106.687,0.0563529,PDN15
30.78,106.678,0.0565208,PDN15
30.7817,106.67,0.0566376,PDN15
30.7833,106.661,0.056682,PDN15
30.785,106.654,0.0567228,PDN15
30.7867,106.645,0.0567605,PDN15
30.7883,106.637,0.0567984,PDN15
30.79,106.628,0.0568319,PDN15
30.7917,106.619,0.0568614,PDN15
30.7933,106.611,0.0568907,PDN15
30.795,106.603,0.0569211,PDN15
30.7967,106.594,0.0569534,PDN15
30.7983,106.587,0.0569852,PDN15
30.8,106.578,0.0570182,PDN15
30.8017,106.571,0.0570543,PDN15
30.8033,106.562,0.0570974,PDN15
30.805,106.553,0.0571397,PDN15
30.8067,106.546,0.0571819,PDN15
30.8083,106.537,0.0572198,PDN15
30.81,106.528,0.0572573,PDN15
30.8117,106.52,0.0572947,PDN15
30.8133,106.512,0.0573303,PDN15
30.815,106.504,0.057367,PDN15
30.8167,106.495,0.057399,PDN15
30.8183,106.488,0.0574348,PDN15
30.82,106.479,0.057475,PDN15
30.8217,106.47,0.0575342,PDN15
30.8233,106.462,0.0576056,PDN15
30.825,106.454,0.0576603,PDN15
30.8267,106.446,0.0577006,PDN15
30.8283,106.436,0.0577426,PDN15
30.83,106.428,0.0577857,PDN15
30.8317,106.42,0.0578289,PDN15
30.8333,106.412,0.0578767,PDN15
30.835,106.403,0.0579167,PDN15
30.8367,106.395,0.057958,PDN15
30.8383,106.388,0.057998,PDN15
30.84,106.379,0.0580337,PDN15
30.8417,106.37,0.0580687,PDN15
30.8433,106.364,0.0581038,PDN15
30.845,106.354,0.0581379,PDN15
30.8467,106.346,0.0581693,PDN15
30.8483,106.338,0.058202,PDN15
30.85,106.329,0.0582315,PDN15
30.8517,106.32,0.0582629,PDN15
30.8533,106.313,0.0582959,PDN15
30.855,106.304,0.0583318,PDN15
30.8567,106.295,0.0583706,PDN15
30.8583,106.288,0.0584169,PDN15
30.86,106.279,0.0584629,PDN15
30.8617,106.27,0.0585059,PDN15
30.8633,106.263,0.0585541,PDN15
30.865,106.254,0.0586189,PDN15
30.8667,106.245,0.0586876,PDN15
30.8683,106.238,0.058799,PDN15
30.87,106.229,0.0588775,PDN15
30.8717,106.221,0.058922,PDN15
30.8733,106.213,0.0589674,PDN15
30.875,106.204,0.0590118,PDN15
30.8767,106.196,0.0591002,PDN15
30.8783,106.188,0.0591708,PDN15
30.88,106.179,0.0592122,PDN15
30.8817,106.171,0.0592491,PDN15
30.8833,106.163,0.0592831,PDN15
30.885,106.154,0.059312,PDN15
30.8867,106.145,0.0593416,PDN15
30.8883,106.138,0.0593732,PDN15
30.89,106.13,0.0594035,PDN15
30.8917,106.121,0.059433,PDN15
30.8933,106.112,0.0594615,PDN15
30.895,106.104,0.0594959,PDN15
30.8967,106.096,0.0595345,PDN15
30.8983,106.088,0.0595675,PDN15
30.9,106.079,0.0596014,PDN15
30.9017,106.071,0.0596393,PDN15
30.9033,106.063,0.059678,PDN15
30.905,106.055,0.0597196,PDN15
30.9067,106.046,0.059759,PDN15
30.9083,106.038,0.0598126,PDN15
30.91,106.03,0.0598551,PDN15
30.9117,106.021,0.0598961,PDN15
30.9133,106.013,0.059953,PDN15
30.915,106.004,0.0599951,PDN15
30.9167,105.997,0.0600286,PDN15
30.9183,105.988,0.0600606,PDN15
30.92,105.979,0.0600953,PDN15
30.9217,105.972,0.0601284,PDN15
30.9233,105.962,0.0601608,PDN15
30.925,105.954,0.0601952,PDN15
30.9267,105.946,0.0602316,PDN15
30.9283,105.938,0.0602703,PDN15
30.93,105.93,0.0603095,PDN15
30.9317,105.921,0.0603573,PDN15
30.9333,105.913,0.0604075,PDN15
30.935,105.904,0.0604567,PDN15
30.9367,105.895,0.0605048,PDN15
30.9383,105.889,0.060548,PDN15
30.94,105.88,0.0605855,PDN15
30.9417,105.872,0.0606257,PDN15
30.9433,105.864,0.060667,PDN15
30.945,105.855,0.0607074,PDN15
30.9467,105.847,0.0607411,PDN15
30.9483,105.838,0.0607676,PDN15
30.95,105.83,0.0607927,PDN15
30.9517,105.822,0.0608175,PDN15
30.9533,105.813,0.0608439,PDN15
30.955,105.805,0.060871,PDN15
30.9567,105.797,0.0608993,PDN15
30.9583,105.789,0.0609272,PDN15
30.96,105.78,0.0609624,PDN15
30.9617,105.772,0.0610132,PDN15
30.9633,105.763,0.0610833,PDN15
30.965,105.754,0.061167,PDN15
30.9667,105.746,0.0612203,PDN15
30.9683,105.739,0.0612663,PDN15
30.97,105.73,0.061304,PDN15
30.9717,105.723,0.0613385,PDN15
30.9733,105.713,0.0613752,PDN15
30.975,105.705,0.0614108,PDN15
30.9767,105.697,0.0614403,PDN15
30.9783,105.688,0.0614702,PDN15
30.98,105.68,0.0615008,PDN15
30.9817,105.672,0.0615346,PDN15
30.9833,105.663,0.0615709,PDN15
30.985,105.655,0.0616098,PDN15
30.9867,105.646,0.0616576,PDN15
30.9883,105.637,0.0617019,PDN15
30.99,105.63,0.061743,PDN15
30.9917,105.621,0.0617838,PDN15
30.9933,105.613,0.0618282,PDN15
30.995,105.605,0.0618807,PDN15
30.9967,105.597,0.0619199,PDN15
30.9983,105.588,0.0619533,PDN15
31,105.58,0.0619877,PDN15
31.0017,105.572,0.062018,PDN15
31.0033,105.565,0.0620507,PDN15
31.005,105.556,0.0620845,PDN15
31.0067,105.548,0.0621168,PDN15
31.0083,105.539,0.0621496,PDN15
31.01,105.529,0.0621859,PDN15
31.0117,105.522,0.0622223,PDN15
31.0133,105.514,0.0622633,PDN15
31.015,105.505,0.0623042,PDN15
31.0167,105.496,0.0623469,PDN15
31.0183,105.489,0.0623868,PDN15
31.02,105.479,0.0624237,PDN15
31.0217,105.473,0.0624602,PDN15
31.0233,105.463,0.062496,PDN15
31.025,105.456,0.062528,PDN15
31.0267,105.447,0.0625573,PDN15
31.0283,105.439,0.0625885,PDN15
31.03,105.431,0.0626201,PDN15
31.0317,105.422,0.0626533,PDN15
31.0333,105.413,0.0626883,PDN15
31.035,105.405,0.0627259,PDN15
31.0367,105.397,0.0627609,PDN15
31.0383,105.389,0.0627977,PDN15
31.04,105.381,0.062838,PDN15
31.0417,105.372,0.0628777,PDN15
31.0433,105.364,0.0629148,PDN15
31.045,105.356,0.0629498,PDN15
31.0467,105.347,0.0629849,PDN15
31.0483,105.338,0.063024,PDN15
31.05,105.33,0.0630629,PDN15
31.0517,105.322,0.0631011,PDN15
31.0533,105.314,0.0631385,PDN15
31.055,105.305,0.0631804,PDN15
31.0567,105.297,0.0632371,PDN15
31.0583,105.289,0.0633129,PDN15
31.06,105.28,0.0633716,PDN15
31.0617,105.272,0.0634128,PDN15
31.0633,105.263,0.0634508,PDN15
31.065,105.255,0.0634871,PDN15
31.0667,105.247,0.0635185,PDN15
31.0683,105.239,0.063548,PDN15
31.07,105.231,0.0635785,PDN15
31.0717,105.222,0.0636084,PDN15
31.0733,105.213,0.0636364,PDN15
31.075,105.205,0.0636646,PDN15
31.0767,105.197,0.0636976,PDN15
31.0783,105.188,0.0637321,PDN15
31.08,105.181,0.0637676,PDN15
31.0817,105.173,0.0638023,PDN15
31.0833,105.164,0.0638368,PDN15
31.085,105.155,0.0638703,PDN15
31.0867,105.148,0.0639051,PDN15
31.0883,105.14,0.0639408,PDN15
31.09,105.131,0.0639752,PDN15
31.0917,105.123,0.0640116,PDN15
31.0933,105.114,0.0640453,PDN15
31.095,105.106,0.0640781,PDN15
31.0967,105.098,0.064112,PDN15
31.0983,105.089,0.0641474,PDN15
31.1,105.081,0.0641829,PDN15
31.1017,105.073,0.0642202,PDN15
31.1033,105.064,0.0642614,PDN15
31.105,105.056,0.0643013,PDN15
31.1067,105.048,0.0643426,PDN15
31.1083,105.04,0.0643819,PDN15
31.11,105.032,0.0644244,PDN15
31.1117,105.022,0.0644654,PDN15
31.1133,105.014,0.0645095,PDN15
31.115,105.006,0.0645512,PDN15
31.1167,104.998,0.0645898,PDN15
31.1183,104.99,0.0646243,PDN15
31.12,104.981,0.0646607,PDN15
31.1217,104.973,0.0646915,PDN15
31.1233,104.965,0.0647207,PDN15
31.125,104.955,0.0647498,PDN15
31.1267,104.947,0.0647768,PDN15
31.1283,104.939,0.0648071,PDN15
31.13,104.932,0.0648409,PDN15
31.1317,104.922,0.0648758,PDN15
31.1333,104.914,0.0649119,PDN15
31.135,104.906,0.0649442,PDN15
31.1367,104.898,0.0649794,PDN15
31.1383,104.889,0.0650129,PDN15
31.14,104.882,0.0650478,PDN15
31.1417,104.872,0.0650856,PDN15
31.1433,104.864,0.0651239,PDN15
31.145,104.857,0.0651625,PDN15
31.1467,104.848,0.0651989,PDN15
31.1483,104.839,0.0652356,PDN15
31.15,104.83,0.0652724,PDN15
31.1517,104.824,0.0653108,PDN15
31.1533,104.814,0.0653486,PDN15
31.155,104.806,0.0653871,PDN15
31.1567,104.798,0.0654229,PDN15
31.1583,104.79,0.0654591,PDN15
31.16,104.782,0.0654938,PDN15
31.1617,104.773,0.0655265,PDN15
31.1633,104.766,0.0655589,PDN15
31.165,104.758,0.0655839,PDN15
31.1667,104.748,0.065608,PDN15
31.1683,104.74,0.0656326,PDN15
31.17,104.732,0.0656581,PDN15
31.1717,104.724,0.0656833,PDN15
31.1733,104.715,0.065712,PDN15
31.175,104.706,0.0657491,PDN15
31.1767,104.698,0.0657959,PDN15
31.1783,104.69,0.0658358,PDN15
31.18,104.682,0.0658727,PDN15
31.1817,104.673,0.0659086,PDN15
31.1833,104.665,0.0659455,PDN15
31.185,104.657,0.0659796,PDN15
31.1867,104.647,0.0660151,PDN15
31.1883,104.639,0.0660497,PDN15
31.19,104.631,0.0660881,PDN15
31.1917,104.624,0.0661253,PDN15
31.1933,104.615,0.0661656,PDN15
31.195,104.606,0.0662894,PDN15
31.1967,104.598,0.0663852,PDN15
31.1983,104.589,0.0664476,PDN15
31.2,104.581,0.0664859,PDN15
31.2017,104.573,0.066519,PDN15
31.2033,104.565,0.0665475,PDN15
31.205,104.557,0.0665724,PDN15
31.2067,104.547,0.0665972,PDN15
31.2083,104.54,0.0666223,PDN15
31.21,104.531,0.0666489,PDN15
31.2117,104.523,0.066678,PDN15
31.2133,104.515,0.0667113,PDN15
31.215,104.507,0.0667458,PDN15
31.2167,104.498,0.0667854,PDN15
31.2183,104.489,0.0668309,PDN15
31.22,104.482,0.066869,PDN15
31.2217,104.474,0.066907,PDN15
31.2233,104.465,0.0669432,PDN15
31.225,104.457,0.0669787,PDN15
31.2267,104.449,0.0670139,PDN15
31.2283,104.44,0.0670483,PDN15
31.23,104.431,0.0670785,PDN15
31.2317,104.423,0.0671068,PDN15
31.2333,104.416,0.0671363,PDN15
31.235,104.408,0.0671623,PDN15
31.2367,104.399,0.0671907,PDN15
31.2383,104.39,0.0672169,PDN15
31.24,104.383,0.0672418,PDN15
31.2417,104.374,0.0672671,PDN15
31.2433,104.365,0.0672928,PDN15
31.245,104.356,0.0673208,PDN15
31.2467,104.349,0.067348,PDN15
31.2483,104.34,0.0673737,PDN15
31.25,104.333,0.0674006,PDN15
31.2517,104.324,0.0674296,PDN15
31.2533,104.315,0.0674563,PDN15
31.255,104.307,0.0674846,PDN15
31.2567,104.298,0.0675138,PDN15
31.2583,104.291,0.0675473,PDN15
31.26,104.282,0.0675827,PDN15
31.2617,104.274,0.0676263,PDN15
31.2633,104.266,0.0676852,PDN15
31.265,104.257,0.0677307,PDN15
31.2667,104.249,0.0677692,PDN15
31.2683,104.241,0.067806,PDN15
31.27,104.233,0.0678383,PDN15
31.2717,104.224,0.0678683,PDN15
31.2733,104.215,0.0678908,PDN15
31.275,104.208,0.0679082,PDN15
31.2767,104.199,0.0679286,PDN15
31.2783,104.191,0.0679528,PDN15
31.28,104.181,0.0679815,PDN15
31.2817,104.174,0.0680107,PDN15
31.2833,104.165,0.0680408,PDN15
31.285,104.157,0.0680711,PDN15
31.2867,104.149,0.0681069,PDN15
31.2883,104.141,0.068143,PDN15
31.29,104.133,0.0681804,PDN15
31.2917,104.124,0.0682128,PDN15
31.2933,104.116,0.0682402,PDN15
31.295,104.108,0.0682657,PDN15
31.2967,104.1,0.0682959,PDN15
31.2983,104.091,0.0683283,PDN15
31.3,104.084,0.0683637,PDN15
31.3017,104.074,0.0683972,PDN15
31.3033,104.067,0.068426,PDN15
31.305,104.057,0.0684594,PDN15
31.3067,104.05,0.0684925,PDN15
31.3083,104.04,0.0685278,PDN15
31.31,104.033,0.0685644,PDN15
31.3117,104.025,0.0686006,PDN15
31.3133,104.016,0.0686315,PDN15
31.315,104.008,0.0686593,PDN15
31.3167,103.999,0.0686853,PDN15
31.3183,103.991,0.0687081,PDN15
31.32,103.982,0.068733,PDN15
31.3217,103.974,0.0687586,PDN15
31.3233,103.966,0.0687851,PDN15
31.325,103.958,0.0688166,PDN15
31.3267,103.948,0.068853,PDN15
31.3283,103.941,0.0689363,PDN15
31.33,103.933,0.0691384,PDN15
31.3317,103.925,0.0693425,PDN15
31.3333,103.917,0.0694297,PDN15
31.335,103.908,0.0694682,PDN15
31.3367,103.9,0.0694974,PDN15
31.3383,103.892,0.0695261,PDN15
31.34,103.884,0.0695522,PDN15
31.3417,103.875,0.0695757,PDN15
31.3433,103.867,0.069596,PDN15
31.345,103.859,0.0696176,PDN15
31.3467,103.85,0.0696384,PDN15
31.3483,103.842,0.069665,PDN15
31.35,103.833,0.0696918,PDN15
31.3517,103.824,0.0697151,PDN15
31.3533,103.817,0.0697366,PDN15
31.355,103.809,0.0697597,PDN15
31.3567,103.799,0.0697893,PDN15
31.3583,103.792,0.0698224,PDN15
31.36,103.782,0.0698657,PDN15
31.3617,103.776,0.0699314,PDN15
31.3633,103.767,0.0699849,PDN15
31.365,103.758,0.070031,PDN15
31.3667,103.75,0.0700647,PDN15
31.3683,103.741,0.0700971,PDN15
31.37,103.733,0.0701254,PDN15
31.3717,103.726,0.070147,PDN15
31.3733,103.717,0.0701698,PDN15
31.375,103.709,0.0701955,PDN15
31.3767,103.701,0.070223,PDN15
31.3783,103.692,0.0702518,PDN15
31.38,103.684,0.0702775,PDN15
31.3817,103.676,0.0703043,PDN15
31.3833,103.667,0.0703314,PDN15
31.385,103.659,0.0703602,PDN15
31.3867,103.65,0.0703849,PDN15
31.3883,103.641,0.070414,PDN15
31.39,103.634,0.0704434,PDN15
31.3917,103.626,0.0704684,PDN15
31.3933,103.618,0.0704947,PDN15
31.395,103.608,0.0705193,PDN15
31.3967,103.6,0.0705473,PDN15
31.3983,103.593,0.0705754,PDN15
31.4,103.584,0.0706054,PDN15
31.4017,103.575,0.0706339,PDN15
31.4033,103.567,0.070664,PDN15
31.405,103.559,0.0706911,PDN15
31.4067,103.551,0.0707184,PDN15
31.4083,103.543,0.070745,PDN15
31.41,103.534,0.0707717,PDN15
31.4117,103.526,0.070799,PDN15
31.4133,103.517,0.0708239,PDN15
31.415,103.509,0.070849,PDN15
31.4167,103.5,0.0708729,PDN15
31.4183,103.493,0.0708962,PDN15
31.42,103.484,0.0709192,PDN15
31.4217,103.475,0.0709454,PDN15
31.4233,103.468,0.0709731,PDN15
31.425,103.459,0.0709998,PDN15
31.4267,103.451,0.0710289,PDN15
31.4283,103.442,0.0710603,PDN15
31.43,103.434,0.0710919,PDN15
31.4317,103.425,0.0711237,PDN15
31.4333,103.416,0.0711698,PDN15
31.435,103.409,0.0712047,PDN15
31.4367,103.401,0.0712334,PDN15
31.4383,103.393,0.0712591,PDN15
31.44,103.384,0.0712895,PDN15
31.4417,103.376,0.0713224,PDN15
31.4433,103.367,0.0713512,PDN15
31.445,103.359,0.0713834,PDN15
31.4467,103.352,0.0714168,PDN15
31.4483,103.342,0.0714481,PDN15
31.45,103.334,0.0714785,PDN15
31.4517,103.326,0.0715119,PDN15
31.4533,103.318,0.0715436,PDN15
31.455,103.309,0.0715696,PDN15
31.4567,103.3,0.0715951,PDN15
31.4583,103.293,0.0716208,PDN15
31.46,103.284,0.0716497,PDN15
31.4617,103.276,0.0716798,PDN15
31.4633,103.268,0.0717151,PDN15
31.465,103.259,0.0717496,PDN15
31.4667,103.251,0.0717836,PDN15
31.4683,103.243,0.0718386,PDN15
31.47,103.234,0.0719358,PDN15
31.4717,103.226,0.0720157,PDN15
31.4733,103.218,0.0720594,PDN15
31.475,103.209,0.072094,PDN15
31.4767,103.2,0.0721247,PDN15
31.4783,103.193,0.0721581,PDN15
31.48,103.184,0.0721932,PDN15
31.4817,103.176,0.0722245,PDN15
31.4833,103.168,0.0722483,PDN15
31.485,103.16,0.072271,PDN15
31.4867,103.151,0.0722955,PDN15
31.4883,103.143,0.0723227,PDN15
31.49,103.135,0.0723483,PDN15
31.4917,103.126,0.0723755,PDN15
31.4933,103.118,0.0724024,PDN15
31.495,103.11,0.0724297,PDN15
31.4967,103.101,0.0724619,PDN15
31.4983,103.093,0.0724965,PDN15
31.5,103.083,0.0725278,PDN15
31.5017,103.076,0.0725547,PDN15
31.5033,103.068,0.0725789,PDN15
31.505,103.059,0.0725971,PDN15
31.5067,103.051,0.0726149,PDN15
31.5083,103.043,0.0726296,PDN15
31.51,103.035,0.0726455,PDN15
31.5117,103.026,0.0726671,PDN15
31.5133,103.018,0.0726953,PDN15
31.515,103.01,0.0727281,PDN15
31.5167,103.001,0.0727678,PDN15
31.5183,102.993,0.0728071,PDN15
31.52,102.985,0.0728929,PDN15
31.5217,102.975,0.0729748,PDN15
31.5233,102.968,0.0730093,PDN15
31.525,102.959,0.0730407,PDN15
31.5267,102.951,0.0730719,PDN15
31.5283,102.944,0.0731011,PDN15
31.53,102.934,0.073134,PDN15
31.5317,102.926,0.0731662,PDN15
31.5333,102.917,0.0732021,PDN15
31.535,102.911,0.0732321,PDN15
31.5367,102.901,0.0732606,PDN15
31.5383,102.893,0.0732914,PDN15
31.54,102.885,0.0733223,PDN15
31.5417,102.876,0.0733492,PDN15
31.5433,102.867,0.0733703,PDN15
31.545,102.86,0.0733937,PDN15
31.5467,102.852,0.0734166,PDN15
31.5483,102.843,0.0734404,PDN15
31.55,102.834,0.0734638,PDN15
31.5517,102.826,0.0734902,PDN15
31.5533,102.818,0.0735169,PDN15
31.555,102.809,0.0735438,PDN15
31.5567,102.801,0.0735735,PDN15
31.5583,102.793,0.0736048,PDN15
31.56,102.784,0.0736373,PDN15
31.5617,102.776,0.0736693,PDN15
31.5633,102.768,0.0737017,PDN15
31.565,102.759,0.0737369,PDN15
31.5667,102.751,0.0737683,PDN15
31.5683,102.743,0.0737969,PDN15
31.57,102.735,0.0738233,PDN15
31.5717,102.726,0.0738515,PDN15
31.5733,102.718,0.0738802,PDN15
31.575,102.709,0.0739072,PDN15
31.5767,102.702,0.0739348,PDN15
31.5783,102.693,0.0739633,PDN15
31.58,102.685,0.073992,PDN15
31.5817,102.676,0.0740193,PDN15
31.5833,102.667,0.074047,PDN15
31.585,102.66,0.0740751,PDN15
31.5867,102.651,0.0741048,PDN15
31.5883,102.643,0.0741345,PDN15
31.59,102.634,0.0741649,PDN15
31.5917,102.626,0.0741965,PDN15
31.5933,102.617,0.0742276,PDN15
31.595,102.61,0.0742604,PDN15
31.5967,102.601,0.0742954,PDN15
31.5983,102.593,0.0743288,PDN15
31.6,102.584,0.0743635,PDN15
31.6017,102.576,0.0743973,PDN15
31.6033,102.568,0.0744336,PDN15
31.605,102.56,0.0744683,PDN15
31.6067,102.551,0.0745033,PDN15
31.6083,102.543,0.0745396,PDN15
31.61,102.534,0.0745748,PDN15
31.6117,102.526,0.0746042,PDN15
31.6133,102.518,0.0746321,PDN15
31.615,102.51,0.074655,PDN15
31.6167,102.501,0.0746762,PDN15
31.6183,102.494,0.0746925,PDN15
31.62,102.485,0.074708,PDN15
31.6217,102.476,0.0747209,PDN15
31.6233,102.468,0.0747351,PDN15
31.625,102.461,0.074747,PDN15
31.6267,102.452,0.0747642,PDN15
31.6283,102.443,0.0747891,PDN15
31.63,102.436,0.0748173,PDN15
31.6317,102.426,0.0748492,PDN15
31.6333,102.418,0.0748818,PDN15
31.635,102.411,0.0749148,PDN15
31.6367,102.402,0.0749456,PDN15
31.6383,102.393,0.0749815,PDN15
31.64,102.385,0.0750096,PDN15
31.6417,102.377,0.0750378,PDN15
31.6433,102.368,0.0750618,PDN15
31.645,102.36,0.0750888,PDN15
31.6467,102.352,0.0751176,PDN15
31.6483,102.343,0.0751462,PDN15
31.65,102.335,0.0751721,PDN15
31.6517,102.328,0.0751976,PDN15
31.6533,102.318,0.0752223,PDN15
31.655,102.311,0.0752469,PDN15
31.6567,102.301,0.0752731,PDN15
31.6583,102.293,0.0752999,PDN15
31.66,102.285,0.0753333,PDN15
31.6617,102.278,0.0753787,PDN15
31.6633,102.269,0.0754391,PDN15
31.665,102.26,0.0754827,PDN15
31.6667,102.252,0.0755139,PDN15
31.6683,102.244,0.0755396,PDN15
31.67,102.235,0.0755638,PDN15
31.6717,102.227,0.0755846,PDN15
31.6733,102.219,0.0756054,PDN15
31.675,102.21,0.0756244,PDN15
31.6767,102.202,0.0756426,PDN15
31.6783,102.193,0.0756603,PDN15
31.68,102.186,0.0756793,PDN15
31.6817,102.177,0.0757033,PDN15
31.6833,102.168,0.0757282,PDN15
31.685,102.16,0.0757534,PDN15
31.6867,102.153,0.0757793,PDN15
31.6883,102.143,0.0758036,PDN15
31.69,102.136,0.0758289,PDN15
31.6917,102.128,0.0758557,PDN15
31.6933,102.119,0.0758832,PDN15
31.695,102.111,0.0759155,PDN15
31.6967,102.102,0.075946,PDN15
31.6983,102.094,0.0759759,PDN15
31.7,102.086,0.076006,PDN15
31.7017,102.076,0.0760381,PDN15
31.7033,102.069,0.0760666,PDN15
31.705,102.061,0.0760939,PDN15
31.7067,102.052,0.0761176,PDN15
31.7083,102.044,0.0761385,PDN15
31.71,102.035,0.0761565,PDN15
31.7117,102.028,0.0761709,PDN15
31.7133,102.019,0.0761936,PDN15
31.715,102.01,0.0762182,PDN15
31.7167,102.003,0.0762437,PDN15
31.7183,101.994,0.0762711,PDN15
31.72,101.987,0.0763,PDN15
31.7217,101.977,0.0763265,PDN15
31.7233,101.969,0.0763503,PDN15
31.725,101.96,0.0763748,PDN15
31.7267,101.953,0.0764008,PDN15
31.7283,101.945,0.0764224,PDN15
31.73,101.935,0.0764402,PDN15
31.7317,101.927,0.0764613,PDN15
31.7333,101.919,0.0764847,PDN15
31.735,101.911,0.0765081,PDN15
31.7367,101.902,0.0765334,PDN15
31.7383,101.894,0.076562,PDN15
31.74,101.886,0.0765878,PDN15
31.7417,101.878,0.076612,PDN15
31.7433,101.869,0.0766394,PDN15
31.745,101.861,0.0766717,PDN15
31.7467,101.853,0.0767017,PDN15
31.7483,101.844,0.0767336,PDN15
31.75,101.836,0.0767637,PDN15
31.7517,101.828,0.0767958,PDN15
31.7533,101.82,0.0768219,PDN15
31.755,101.811,0.0768453,PDN15
31.7567,101.803,0.0768681,PDN15
31.7583,101.795,0.0768892,PDN15
31.76,101.787,0.0769105,PDN15
31.7617,101.778,0.0769348,PDN15
31.7633,101.769,0.0769613,PDN15
31.765,101.761,0.0769908,PDN15
31.7667,101.754,0.0770183,PDN15
31.7683,101.745,0.0770436,PDN15
31.77,101.736,0.0770683,PDN15
31.7717,101.728,0.0770932,PDN15
31.7733,101.72,0.0771215,PDN15
31.775,101.712,0.0771499,PDN15
31.7767,101.703,0.0771786,PDN15
31.7783,101.694,0.0772085,PDN15
31.78,101.687,0.0772377,PDN15
31.7817,101.678,0.077265,PDN15
31.7833,101.67,0.077292,PDN15
31.785,101.662,0.0773139,PDN15
31.7867,101.653,0.0773301,PDN15
31.7883,101.645,0.0773479,PDN15
31.79,101.636,0.0773658,PDN15
31.7917,101.628,0.0773864,PDN15
31.7933,101.62,0.0774126,PDN15
31.795,101.611,0.0774404,PDN15
31.7967,101.604,0.0774728,PDN15
31.7983,101.595,0.0775024,PDN15
31.8,101.586,0.0775302,PDN15
31.8017,101.577,0.0775572,PDN15
31.8033,101.57,0.0775823,PDN15
31.805,101.561,0.0776006,PDN15
31.8067,101.552,0.0776181,PDN15
31.8083,101.544,0.0776387,PDN15
31.81,101.536,0.0776566,PDN15
31.8117,101.527,0.0776758,PDN15
31.8133,101.52,0.0776974,PDN15
31.815,101.511,0.0777226,PDN15
31.8167,101.503,0.0777482,PDN15
31.8183,101.494,0.0777749,PDN15
31.82,101.486,0.0778023,PDN15
31.8217,101.477,0.0778294,PDN15
31.8233,101.469,0.0778528,PDN15
31.825,101.461,0.0778786,PDN15
31.8267,101.454,0.0779081,PDN15
31.8283,101.444,0.0779378,PDN15
31.83,101.436,0.0779649,PDN15
31.8317,101.427,0.0779867,PDN15
31.8333,101.419,0.0780071,PDN15
31.835,101.41,0.0780312,PDN15
31.8367,101.403,0.0780551,PDN15
31.8383,101.395,0.0780768,PDN15
31.84,101.385,0.0780981,PDN15
31.8417,101.378,0.0781196,PDN15
31.8433,101.37,0.0781432,PDN15
31.845,101.361,0.078169,PDN15
31.8467,101.353,0.0781989,PDN15
31.8483,101.345,0.0782402,PDN15
31.85,101.336,0.0782717,PDN15
31.8517,101.328,0.0783095,PDN15
31.8533,101.319,0.0783477,PDN15
31.855,101.312,0.0783924,PDN15
31.8567,101.304,0.0784264,PDN15
31.8583,101.295,0.0784742,PDN15
31.86,101.286,0.0785219,PDN15
31.8617,101.278,0.0785716,PDN15
31.8633,101.27,0.0786059,PDN15
31.865,101.261,0.078639,PDN15
31.8667,101.254,0.0786713,PDN15
31.8683,101.245,0.0786984,PDN15
31.87,101.236,0.0787247,PDN15
31.8717,101.228,0.0787478,PDN15
31.8733,101.22,0.0787656,PDN15
31.875,101.213,0.0787827,PDN15
31.8767,101.203,0.0788029,PDN15
31.8783,101.196,0.0788244,PDN15
31.88,101.187,0.0788482,PDN15
31.8817,101.179,0.0788731,PDN15
31.8833,101.17,0.078896,PDN15
31.885,101.162,0.078919,PDN15
31.8867,101.153,0.0789387,PDN15
31.8883,101.145,0.0789621,PDN15
31.89,101.138,0.0789869,PDN15
31.8917,101.128,0.079009,PDN15
31.8933,101.12,0.0790274,PDN15
31.895,101.111,0.0790468,PDN15
31.8967,101.104,0.0790648,PDN15
31.8983,101.096,0.0790836,PDN15
31.9,101.087,0.079102,PDN15
31.9017,101.078,0.079119,PDN15
31.9033,101.07,0.0791332,PDN15
31.905,101.062,0.0791453,PDN15
31.9067,101.053,0.0791614,PDN15
31.9083,101.046,0.07918,PDN15
31.91,101.037,0.0792011,PDN15
31.9117,101.028,0.0792266,PDN15
31.9133,101.021,0.0792504,PDN15
31.915,101.012,0.0792727,PDN15
31.9167,101.004,0.0792924,PDN15
31.9183,100.996,0.0793124,PDN15
31.92,100.987,0.0793362,PDN15
31.9217,100.978,0.07936,PDN15
31.9233,100.97,0.0793821,PDN15
31.925,100.962,0.0794057,PDN15
31.9267,100.954,0.0794304,PDN15
31.9283,100.945,0.0794555,PDN15
31.93,100.937,0.0794839,PDN15
31.9317,100.929,0.07951,PDN15
31.9333,100.92,0.079531,PDN15
31.935,100.912,0.0795493,PDN15
31.9367,100.903,0.0795698,PDN15
31.9383,100.895,0.0795878,PDN15
31.94,100.887,0.0796065,PDN15
31.9417,100.879,0.0796228,PDN15
31.9433,100.869,0.0796379,PDN15
31.945,100.862,0.0796533,PDN15
31.9467,100.853,0.079673,PDN15
31.9483,100.844,0.0797003,PDN15
31.95,100.836,0.079727,PDN15
31.9517,100.828,0.0797488,PDN15
31.9533,100.82,0.0797748,PDN15
31.955,100.812,0.0798077,PDN15
31.9567,100.803,0.0798552,PDN15
31.9583,100.794,0.079909,PDN15
31.96,100.787,0.0799516,PDN15
31.9617,100.779,0.0799777,PDN15
31.9633,100.771,0.0799993,PDN15
31.965,100.761,0.080021,PDN15
31.9667,100.754,0.0800482,PDN15
31.9683,100.745,0.0800733,PDN15
31.97,100.737,0.0800928,PDN15
31.9717,100.73,0.0801111,PDN15
31.9733,100.72,0.0801334,PDN15
31.975,100.713,0.0801572,PDN15
31.9767,100.704,0.0801867,PDN15
31.9783,100.696,0.0802291,PDN15
31.98,100.688,0.0802745,PDN15
31.9817,100.679,0.0803074,PDN15
31.9833,100.67,0.0803334,PDN15
31.985,100.662,0.0803583,PDN15
31.9867,100.654,0.0803863,PDN15
31.9883,100.645,0.0804075,PDN15
31.99,100.637,0.0804251,PDN15
31.9917,100.628,0.0804433,PDN15
31.9933,100.62,0.0804595,PDN15
31.995,100.612,0.0804778,PDN15
31.9967,100.603,0.0804986,PDN15
31.9983,100.596,0.0805232,PDN15
32,100.587,0.0805486,PDN15
32.0017,100.578,0.0805713,PDN15
32.0033,100.57,0.080592,PDN15
32.005,100.563,0.0806142,PDN15
32.0067,100.554,0.0806356,PDN15
32.0083,100.545,0.0806573,PDN15
32.01,100.537,0.080673,PDN15
32.0117,100.529,0.0806844,PDN15
32.0133,100.521,0.0806997,PDN15
32.015,100.512,0.0807185,PDN15
32.0167,100.503,0.0807448,PDN15
32.0183,100.496,0.0807819,PDN15
32.02,100.487,0.080833,PDN15
32.0217,100.478,0.0808708,PDN15
32.0233,100.471,0.0808974,PDN15
32.025,100.463,0.0809209,PDN15
32.0267,100.455,0.0809428,PDN15
32.0283,100.447,0.0809613,PDN15
32.03,100.438,0.0809758,PDN15
32.0317,100.429,0.0809894,PDN15
32.0333,100.42,0.0810031,PDN15
32.035,100.413,0.0810154,PDN15
32.0367,100.405,0.081032,PDN15
32.0383,100.396,0.0810557,PDN15
32.04,100.388,0.0810788,PDN15
32.0417,100.379,0.0810957,PDN15
32.0433,100.371,0.0811101,PDN15
32.045,100.364,0.0811261,PDN15
32.0467,100.355,0.0811476,PDN15
32.0483,100.346,0.081174,PDN15
32.05,100.338,0.0812138,PDN15
32.0517,100.33,0.0812789,PDN15
32.0533,100.321,0.0813081,PDN15
32.055,100.312,0.0813472,PDN15
32.0567,100.304,0.0814037,PDN15
32.0583,100.296,0.0814363,PDN15
32.06,100.288,0.0814603,PDN15
32.0617,100.28,0.081476,PDN15
32.0633,100.271,0.0814927,PDN15
32.065,100.263,0.0815124,PDN15
32.0667,100.254,0.0815337,PDN15
32.0683,100.245,0.0815546,PDN15
32.07,100.238,0.0815742,PDN15
32.0717,100.229,0.0815918,PDN15
32.0733,100.221,0.0816113,PDN15
32.075,100.214,0.0816276,PDN15
32.0767,100.204,0.0816429,PDN15
32.0783,100.197,0.0816597,PDN15
32.08,100.188,0.0816766,PDN15
32.0817,100.18,0.0816958,PDN15
32.0833,100.172,0.0817188,PDN15
32.085,100.163,0.0817455,PDN15
32.0867,100.154,0.0817705,PDN15
32.0883,100.145,0.0817919,PDN15
32.09,100.138,0.0818137,PDN15
32.0917,100.13,0.0818372,PDN15
32.0933,100.12,0.0818586,PDN15
32.095,100.112,0.0818768,PDN15
32.0967,100.104,0.0818937,PDN15
32.0983,100.096,0.0819151,PDN15
32.1,100.088,0.0819364,PDN15
32.1017,100.079,0.0819586,PDN15
32.1033,100.072,0.081979,PDN15
32.105,100.062,0.0819951,PDN15
32.1067,100.054,0.0820089,PDN15
32.1083,100.047,0.0820218,PDN15
32.11,100.038,0.0820353,PDN15
32.1117,100.029,0.0820494,PDN15
32.1133,100.021,0.0820653,PDN15
32.115,100.012,0.0820826,PDN15
32.1167,100.004,0.0821025,PDN15
32.1183,99.995,0.0821278,PDN15
32.12,99.988,0.0821545,PDN15
32.1217,99.979,0.0821793,PDN15
32.1233,99.97,0.0821995,PDN15
32.125,99.963,0.0822209,PDN15
32.1267,99.954,0.0822434,PDN15
32.1283,99.945,0.0822627,PDN15
32.13,99.937,0.0822833,PDN15
32.1317,99.929,0.0822992,PDN15
32.1333,99.921,0.0823152,PDN15
32.135,99.912,0.0823332,PDN15
32.1367,99.905,0.0823532,PDN15
32.1383,99.896,0.0823736,PDN15
32.14,99.887,0.0823943,PDN15
32.1417,99.88,0.0824131,PDN15
32.1433,99.871,0.0824321,PDN15
32.145,99.862,0.0824503,PDN15
32.1467,99.855,0.0824686,PDN15
32.1483,99.846,0.0824855,PDN15
32.15,99.838,0.0824994,PDN15
32.1517,99.831,0.0825163,PDN15
32.1533,99.822,0.0825374,PDN15
32.155,99.813,0.0825596,PDN15
32.1567,99.805,0.0825825,PDN15
32.1583,99.797,0.0826065,PDN15
32.16,99.788,0.0826303,PDN15
32.1617,99.779,0.0826531,PDN15
32.1633,99.772,0.0826749,PDN15
32.165,99.763,0.0826949,PDN15
32.1667,99.755,0.0827121,PDN15
32.1683,99.746,0.0827312,PDN15
32.17,99.739,0.0827551,PDN15
32.1717,99.73,0.0827826,PDN15
32.1733,99.722,0.0828074,PDN15
32.175,99.712,0.08283,PDN15
32.1767,99.704,0.0828512,PDN15
32.1783,99.696,0.0828734,PDN15
32.18,99.689,0.0828983,PDN15
32.1817,99.68,0.0829295,PDN15
32.1833,99.672,0.0829594,PDN15
32.185,99.663,0.0829857,PDN15
32.1867,99.655,0.0830082,PDN15
32.1883,99.647,0.0830267,PDN15
32.19,99.639,0.0830427,PDN15
32.1917,99.63,0.0830522,PDN15
32.1933,99.622,0.0830611,PDN15
32.195,99.613,0.0830685,PDN15
32.1967,99.604,0.0830769,PDN15
32.1983,99.597,0.08309,PDN15
32.2,99.588,0.0831073,PDN15
32.2017,99.579,0.0831277,PDN15
32.2033,99.572,0.0831517,PDN15
32.205,99.563,0.0831725,PDN15
32.2067,99.556,0.0831854,PDN15
32.2083,99.546,0.0831954,PDN15
32.21,99.539,0.0832099,PDN15
32.2117,99.53,0.0832243,PDN15
32.2133,99.522,0.0832386,PDN15
32.215,99.513,0.0832523,PDN15
32.2167,99.505,0.0832634,PDN15
32.2183,99.496,0.0832719,PDN15
32.22,99.488,0.0832792,PDN15
32.2217,99.481,0.0832888,PDN15
32.2233,99.473,0.0832968,PDN15
32.225,99.464,0.0833059,PDN15
32.2267,99.454,0.0833212,PDN15
32.2283,99.447,0.0833428,PDN15
32.23,99.439,0.0833667,PDN15
32.2317,99.43,0.0834126,PDN15
32.2333,99.421,0.0834622,PDN15
32.235,99.413,0.0834915,PDN15
32.2367,99.405,0.0835135,PDN15
32.2383,99.396,0.0835359,PDN15
32.24,99.389,0.0835588,PDN15
32.2417,99.381,0.0835807,PDN15
32.2433,99.371,0.0836004,PDN15
32.245,99.363,0.0836209,PDN15
32.2467,99.355,0.0836431,PDN15
32.2483,99.347,0.0836608,PDN15
32.25,99.338,0.083681,PDN15
32.2517,99.33,0.0837003,PDN15
32.2533,99.321,0.0837175,PDN15
32.255,99.314,0.0837335,PDN15
32.2567,99.304,0.0837498,PDN15
32.2583,99.297,0.083763,PDN15
32.26,99.288,0.0837798,PDN15
32.2617,99.28,0.0837949,PDN15
32.2633,99.272,0.0838127,PDN15
32.265,99.263,0.0838313,PDN15
32.2667,99.255,0.0838507,PDN15
32.2683,99.248,0.0838687,PDN15
32.27,99.239,0.0838871,PDN15
32.2717,99.23,0.0839062,PDN15
32.2733,99.222,0.0839266,PDN15
32.275,99.214,0.0839482,PDN15
32.2767,99.205,0.0839703,PDN15
32.2783,99.196,0.0839901,PDN15
32.28,99.19,0.0840107,PDN15
32.2817,99.181,0.0840311,PDN15
32.2833,99.172,0.0840521,PDN15
32.285,99.163,0.0840719,PDN15
32.2867,99.156,0.0840897,PDN15
32.2883,99.146,0.0841066,PDN15
32.29,99.138,0.0841231,PDN15
32.2917,99.131,0.0841399,PDN15
32.2933,99.122,0.0841575,PDN15
32.295,99.113,0.0841766,PDN15
32.2967,99.106,0.0841934,PDN15
32.2983,99.098,0.0842107,PDN15
32.3,99.089,0.0842296,PDN15
32.3017,99.08,0.0842482,PDN15
32.3033,99.072,0.084262,PDN15
32.305,99.063,0.0842737,PDN15
32.3067,99.056,0.084284,PDN15
32.3083,99.047,0.0842929,PDN15
32.31,99.04,0.084303,PDN15
32.3117,99.031,0.084314,PDN15
32.3133,99.023,0.0843279,PDN15
32.315,99.015,0.0843435,PDN15
32.3167,99.006,0.0843596,PDN15
32.3183,98.997,0.0843762,PDN15
32.32,98.989,0.0843993,PDN15
32.3217,98.981,0.0844237,PDN15
32.3233,98.973,0.0844469,PDN15
32.325,98.964,0.0844706,PDN15
32.3267,98.956,0.0844924,PDN15
32.3283,98.946,0.0845151,PDN15
32.33,98.938,0.0845403,PDN15
32.3317,98.931,0.0845654,PDN15
32.3333,98.923,0.0845904,PDN15
32.335,98.914,0.0846139,PDN15
32.3367,98.906,0.0846289,PDN15
32.3383,98.897,0.0846464,PDN15
32.34,98.889,0.0846679,PDN15
32.3417,98.88,0.0846923,PDN15
32.3433,98.872,0.084716,PDN15
32.345,98.863,0.0847415,PDN15
32.3467,98.856,0.0847681,PDN15
32.3483,98.847,0.0847913,PDN15
32.35,98.839,0.0848156,PDN15
32.3517,98.831,0.0848403,PDN15
32.3533,98.822,0.0848602,PDN15
32.355,98.814,0.0848751,PDN15
32.3567,98.805,0.0848873,PDN15
32.3583,98.798,0.0848997,PDN15
32.36,98.789,0.0849108,PDN15
32.3617,98.781,0.0849209,PDN15
32.3633,98.772,0.0849386,PDN15
32.365,98.764,0.0849602,PDN15
32.3667,98.756,0.0849789,PDN15
32.3683,98.748,0.0850021,PDN15
32.37,98.739,0.0850239,PDN15
32.3717,98.732,0.0850438,PDN15
32.3733,98.723,0.085063,PDN15
32.375,98.714,0.0850787,PDN15
32.3767,98.706,0.0850931,PDN15
32.3783,98.698,0.0851039,PDN15
32.38,98.689,0.0851139,PDN15
32.3817,98.68,0.0851267,PDN15
32.3833,98.673,0.0851454,PDN15
32.385,98.664,0.0851658,PDN15
32.3867,98.655,0.0851871,PDN15
32.3883,98.646,0.0852074,PDN15
32.39,98.639,0.0852301,PDN15
32.3917,98.631,0.0852572,PDN15
32.3933,98.623,0.0852868,PDN15
32.395,98.614,0.0853122,PDN15
32.3967,98.606,0.0853325,PDN15
32.3983,98.598,0.08535,PDN15
32.4,98.589,0.0853628,PDN15
32.4017,98.58,0.0853728,PDN15
32.4033,98.572,0.0853799,PDN15
32.405,98.565,0.085386,PDN15
32.4067,98.556,0.0853939,PDN15
32.4083,98.548,0.0854062,PDN15
32.41,98.54,0.0854209,PDN15
32.4117,98.531,0.0854361,PDN15
32.4133,98.522,0.0854556,PDN15
32.415,98.515,0.0854783,PDN15
32.4167,98.507,0.0855002,PDN15
32.4183,98.498,0.0855213,PDN15
32.42,98.489,0.0855429,PDN15
32.4217,98.48,0.0855615,PDN15
32.4233,98.473,0.0855759,PDN15
32.425,98.464,0.0855899,PDN15
32.4267,98.457,0.0856064,PDN15
32.4283,98.448,0.0856229,PDN15
32.43,98.439,0.0856364,PDN15
32.4317,98.431,0.0856488,PDN15
32.4333,98.423,0.0856654,PDN15
32.435,98.416,0.0856792,PDN15
32.4367,98.407,0.0856963,PDN15
32.4383,98.397,0.0857129,PDN15
32.44,98.39,0.0857332,PDN15
32.4417,98.382,0.0857505,PDN15
32.4433,98.373,0.0857648,PDN15
32.445,98.365,0.0857786,PDN15
32.4467,98.356,0.0857937,PDN15
32.4483,98.349,0.0858093,PDN15
32.45,98.34,0.0858244,PDN15
32.4517,98.331,0.085838,PDN15
32.4533,98.323,0.0858498,PDN15
32.455,98.315,0.0858622,PDN15
32.4567,98.306,0.0858754,PDN15
32.4583,98.299,0.0858939,PDN15
32.46,98.29,0.0859139,PDN15
32.4617,98.282,0.0859339,PDN15
32.4633,98.273,0.0859529,PDN15
32.465,98.265,0.0859693,PDN15
32.4667,98.257,0.0859884,PDN15
32.4683,98.249,0.0860059,PDN15
32.47,98.24,0.0860216,PDN15
32.4717,98.231,0.0860356,PDN15
32.4733,98.223,0.0860494,PDN15
32.475,98.214,0.0860633,PDN15
32.4767,98.207,0.0860739,PDN15
32.4783,98.198,0.0860861,PDN15
32.48,98.189,0.0860971,PDN15
32.4817,98.181,0.0861137,PDN15
32.4833,98.173,0.0861316,PDN15
32.485,98.164,0.0861564,PDN15
32.4867,98.156,0.0861814,PDN15
32.4883,98.148,0.0862008,PDN15
32.49,98.139,0.0862228,PDN15
32.4917,98.131,0.0862413,PDN15
32.4933,98.123,0.0862638,PDN15
32.495,98.114,0.0862751,PDN15
32.4967,98.106,0.0862813,PDN15
32.4983,98.098,0.0862856,PDN15
32.5,98.089,0.086294,PDN15
32.5017,98.081,0.0863019,PDN15
32.5033,98.073,0.0863129,PDN15
32.505,98.064,0.0863253,PDN15
32.5067,98.056,0.0863366,PDN15
32.5083,98.049,0.0863487,PDN15
32.51,98.04,0.0863652,PDN15
32.5117,98.031,0.0863878,PDN15
32.5133,98.024,0.086409,PDN15
32.515,98.014,0.0864296,PDN15
32.5167,98.006,0.086447,PDN15
32.5183,97.998,0.0864643,PDN15
32.52,97.989,0.086485,PDN15
32.5217,97.981,0.086506,PDN15
32.5233,97.973,0.0865272,PDN15
32.525,97.965,0.0865506,PDN15
32.5267,97.956,0.0865744,PDN15
32.5283,97.948,0.086592,PDN15
32.53,97.939,0.0866063,PDN15
32.5317,97.932,0.0866241,PDN15
32.5333,97.922,0.0866402,PDN15
32.535,97.914,0.0866533,PDN15
32.5367,97.906,0.0866666,PDN15
32.5383,97.898,0.0866859,PDN15
32.54,97.888,0.0867044,PDN15
32.5417,97.882,0.0867229,PDN15
32.5433,97.873,0.0867413,PDN15
32.545,97.865,0.0867567,PDN15
32.5467,97.857,0.0867668,PDN15
32.5483,97.848,0.0867737,PDN15
32.55,97.84,0.0867794,PDN15
32.5517,97.832,0.0867847,PDN15
32.5533,97.823,0.0867894,PDN15
32.555,97.814,0.086792,PDN15
32.5567,97.807,0.0868031,PDN15
32.5583,97.799,0.0868175,PDN15
32.56,97.79,0.086833,PDN15
32.5617,97.782,0.0868497,PDN15
32.5633,97.773,0.0868649,PDN15
32.565,97.766,0.0868811,PDN15
32.5667,97.756,0.0869,PDN15
32.5683,97.749,0.0869199,PDN15
32.57,97.741,0.0869418,PDN15
32.5717,97.732,0.0869612,PDN15
32.5733,97.724,0.0869767,PDN15
32.575,97.715,0.0869904,PDN15
32.5767,97.707,0.0870056,PDN15
32.5783,97.699,0.0870191,PDN15
32.58,97.69,0.0870324,PDN15
32.5817,97.682,0.0870449,PDN15
32.5833,97.674,0.0870536,PDN15
32.585,97.667,0.087065,PDN15
32.5867,97.658,0.087076,PDN15
32.5883,97.649,0.08709,PDN15
32.59,97.64,0.0871024,PDN15
32.5917,97.632,0.0871144,PDN15
32.5933,97.624,0.0871267,PDN15
32.595,97.616,0.0871376,PDN15
32.5967,97.608,0.0871481,PDN15
32.5983,97.599,0.0871587,PDN15
32.6,97.59,0.0871725,PDN15
32.6017,97.583,0.0871846,PDN15
32.6033,97.574,0.0871977,PDN15
32.605,97.565,0.0872088,PDN15
32.6067,97.557,0.0872228,PDN15
32.6083,97.549,0.0872387,PDN15
32.61,97.541,0.0872587,PDN15
32.6117,97.532,0.0872811,PDN15
32.6133,97.524,0.0873018,PDN15
32.615,97.515,0.0873235,PDN15
32.6167,97.508,0.0873417,PDN15
32.6183,97.5,0.0873614,PDN15
32.62,97.492,0.0873777,PDN15
32.6217,97.483,0.0873899,PDN15
32.6233,97.474,0.0874055,PDN15
32.625,97.466,0.0874176,PDN15
32.6267,97.457,0.0874302,PDN15
32.6283,97.45,0.0874449,PDN15
32.63,97.441,0.0874613,PDN15
32.6317,97.432,0.0874736,PDN15
32.6333,97.424,0.0874859,PDN15
32.635,97.416,0.0874981,PDN15
32.6367,97.408,0.087508,PDN15
32.6383,97.401,0.0875185,PDN15
32.64,97.391,0.0875288,PDN15
32.6417,97.383,0.0875411,PDN15
32.6433,97.374,0.0875512,PDN15
32.645,97.366,0.0875612,PDN15
32.6467,97.357,0.0875711,PDN15
32.6483,97.349,0.0875844,PDN15
32.65,97.34,0.0875971,PDN15
32.6517,97.333,0.0876098,PDN15
32.6533,97.323,0.0876239,PDN15
32.655,97.316,0.087639,PDN15
32.6567,97.307,0.087652,PDN15
32.6583,97.299,0.0876625,PDN15
32.66,97.292,0.0876711,PDN15
32.6617,97.283,0.0876787,PDN15
32.6633,97.275,0.0876867,PDN15
32.665,97.266,0.0876978,PDN15
32.6667,97.258,0.0877126,PDN15
32.6683,97.25,0.0877323,PDN15
32.67,97.241,0.087751,PDN15
32.6717,97.232,0.0877799,PDN15
32.6733,97.225,0.0878456,PDN15
32.675,97.216,0.0879007,PDN15
32.6767,97.208,0.0879407,PDN15
32.6783,97.199,0.0879623,PDN15
32.68,97.192,0.0879782,PDN15
32.6817,97.182,0.0879901,PDN15
32.6833,97.174,0.0879978,PDN15
32.685,97.166,0.0880059,PDN15
32.6867,97.158,0.0880168,PDN15
32.6883,97.15,0.0880268,PDN15
32.69,97.142,0.0880388,PDN15
32.6917,97.133,0.08805,PDN15
32.6933,97.124,0.0880615,PDN15
32.695,97.116,0.088072,PDN15
32.6967,97.108,0.0880806,PDN15
32.6983,97.1,0.0880894,PDN15
32.7,97.091,0.0880991,PDN15
32.7017,97.082,0.0881076,PDN15
32.7033,97.074,0.0881178,PDN15
32.705,97.066,0.0881313,PDN15
32.7067,97.059,0.0881484,PDN15
32.7083,97.049,0.0881672,PDN15
32.71,97.042,0.0881851,PDN15
32.7117,97.033,0.0882076,PDN15
32.7133,97.025,0.0882305,PDN15
32.715,97.016,0.0882487,PDN15
32.7167,97.008,0.0882668,PDN15
32.7183,97,0.0882811,PDN15
32.72,96.992,0.0882954,PDN15
32.7217,96.982,0.0883108,PDN15
32.7233,96.975,0.0883302,PDN15
32.725,96.967,0.0883515,PDN15
32.7267,96.958,0.0883722,PDN15
32.7283,96.95,0.0883901,PDN15
32.73,96.942,0.088408,PDN15
32.7317,96.933,0.0884238,PDN15
32.7333,96.925,0.0884399,PDN15
32.735,96.917,0.0884579,PDN15
32.7367,96.907,0.0884718,PDN15
32.7383,96.9,0.0884834,PDN15
32.74,96.891,0.0884935,PDN15
32.7417,96.884,0.0885055,PDN15
32.7433,96.875,0.0885163,PDN15
32.745,96.866,0.0885313,PDN15
32.7467,96.858,0.0885479,PDN15
32.7483,96.851,0.0885626,PDN15
32.75,96.842,0.0885801,PDN15
32.7517,96.833,0.0885971,PDN15
32.7533,96.825,0.0886143,PDN15
32.755,96.817,0.0886301,PDN15
32.7567,96.808,0.0886451,PDN15
32.7583,96.801,0.0886584,PDN15
32.76,96.792,0.0886697,PDN15
32.7617,96.783,0.0886734,PDN15
32.7633,96.774,0.0886764,PDN15
32.765,96.767,0.0886802,PDN15
32.7667,96.758,0.0886859,PDN15
32.7683,96.75,0.0886963,PDN15
32.77,96.742,0.0887111,PDN15
32.7717,96.733,0.0887259,PDN15
32.7733,96.726,0.088743,PDN15
32.775,96.716,0.0887624,PDN15
32.7767,96.708,0.0887811,PDN15
32.7783,96.699,0.0888007,PDN15
32.78,96.692,0.0888151,PDN15
32.7817,96.683,0.0888313,PDN15
32.7833,96.675,0.0888465,PDN15
32.785,96.665,0.0888596,PDN15
32.7867,96.658,0.0888734,PDN15
32.7883,96.65,0.0888864,PDN15
32.79,96.641,0.0888987,PDN15
32.7917,96.633,0.0889119,PDN15
32.7933,96.625,0.0889256,PDN15
32.795,96.616,0.0889394,PDN15
32.7967,96.607,0.0889528,PDN15
32.7983,96.6,0.0889659,PDN15
32.8,96.591,0.0889821,PDN15
32.8017,96.585,0.0889987,PDN15
32.8033,96.575,0.0890157,PDN15
32.805,96.567,0.0890311,PDN15
32.8067,96.559,0.089045,PDN15
32.8083,96.55,0.0890585,PDN15
32.81,96.542,0.0890738,PDN15
32.8117,96.532,0.0890902,PDN15
32.8133,96.525,0.0891062,PDN15
32.815,96.516,0.0891212,PDN15
32.8167,96.509,0.0891366,PDN15
32.8183,96.5,0.0891535,PDN15
32.82,96.491,0.0891714,PDN15
32.8217,96.483,0.0891915,PDN15
32.8233,96.475,0.0892139,PDN15
32.825,96.467,0.089234,PDN15
32.8267,96.458,0.0892513,PDN15
32.8283,96.45,0.0892695,PDN15
32.83,96.441,0.0892869,PDN15
32.8317,96.433,0.089304,PDN15
32.8333,96.426,0.0893216,PDN15
32.835,96.416,0.0893409,PDN15
32.8367,96.408,0.0893592,PDN15
32.8383,96.4,0.0893779,PDN15
32.84,96.392,0.0893967,PDN15
32.8417,96.383,0.0894146,PDN15
32.8433,96.375,0.0894296,PDN15
32.845,96.367,0.0894424,PDN15
32.8467,96.358,0.0894529,PDN15
32.8483,96.35,0.0894634,PDN15
32.85,96.342,0.0894754,PDN15
32.8517,96.333,0.0894872,PDN15
32.8533,96.325,0.0895028,PDN15
32.855,96.317,0.0895195,PDN15
32.8567,96.31,0.0895333,PDN15
32.8583,96.3,0.0895478,PDN15
32.86,96.291,0.0895629,PDN15
32.8617,96.284,0.0895749,PDN15
32.8633,96.275,0.0895872,PDN15
32.865,96.267,0.0895989,PDN15
32.8667,96.259,0.0896101,PDN15
32.8683,96.25,0.0896243,PDN15
32.87,96.242,0.0896386,PDN15
32.8717,96.234,0.0896508,PDN15
32.8733,96.226,0.0896689,PDN15
32.875,96.217,0.0896821,PDN15
32.8767,96.209,0.0896938,PDN15
32.8783,96.2,0.0897082,PDN15
32.88,96.192,0.0897217,PDN15
32.8817,96.184,0.0897344,PDN15
32.8833,96.175,0.0897449,PDN15
32.885,96.167,0.0897536,PDN15
32.8867,96.159,0.0897605,PDN15
32.8883,96.151,0.0897702,PDN15
32.89,96.143,0.0897799,PDN15
32.8917,96.134,0.0897929,PDN15
32.8933,96.126,0.0898002,PDN15
32.895,96.117,0.0898087,PDN15
32.8967,96.108,0.089821,PDN15
32.8983,96.101,0.0898301,PDN15
32.9,96.093,0.0898392,PDN15
32.9017,96.084,0.0898511,PDN15
32.9033,96.075,0.0898617,PDN15
32.905,96.067,0.0898736,PDN15
32.9067,96.058,0.0898902,PDN15
32.9083,96.051,0.0899083,PDN15
32.91,96.041,0.0899262,PDN15
32.9117,96.034,0.0899496,PDN15
32.9133,96.025,0.0899735,PDN15
32.915,96.018,0.0899971,PDN15
32.9167,96.01,0.090016,PDN15
32.9183,96.002,0.0900326,PDN15
32.92,95.993,0.0900479,PDN15
32.9217,95.984,0.0900614,PDN15
32.9233,95.976,0.0900727,PDN15
32.925,95.967,0.090084,PDN15
32.9267,95.959,0.090088,PDN15
32.9283,95.951,0.0900917,PDN15
32.93,95.943,0.0900981,PDN15
32.9317,95.934,0.0901073,PDN15
32.9333,95.926,0.0901155,PDN15
32.935,95.917,0.0901237,PDN15
32.9367,95.908,0.0901333,PDN15
32.9383,95.901,0.0901411,PDN15
32.94,95.893,0.0901509,PDN15
32.9417,95.885,0.0901666,PDN15
32.9433,95.876,0.0901842,PDN15
32.945,95.867,0.0902046,PDN15
32.9467,95.859,0.0902238,PDN15
32.9483,95.85,0.090243,PDN15
32.95,95.843,0.090262,PDN15
32.9517,95.834,0.0902776,PDN15
32.9533,95.826,0.0902925,PDN15
32.955,95.818,0.0903046,PDN15
32.9567,95.809,0.0903146,PDN15
32.9583,95.801,0.0903264,PDN15
32.96,95.792,0.0903365,PDN15
32.9617,95.785,0.0903453,PDN15
32.9633,95.776,0.0903553,PDN15
32.965,95.768,0.0903655,PDN15
32.9667,95.76,0.0903753,PDN15
32.9683,95.75,0.0903877,PDN15
32.97,95.743,0.0903991,PDN15
32.9717,95.734,0.0904108,PDN15
32.9733,95.726,0.0904256,PDN15
32.975,95.718,0.0904412,PDN15
32.9767,95.709,0.0904603,PDN15
32.9783,95.702,0.0904784,PDN15
32.98,95.693,0.0904985,PDN15
32.9817,95.684,0.0905213,PDN15
32.9833,95.677,0.0905542,PDN15
32.985,95.668,0.0905734,PDN15
32.9867,95.659,0.090594,PDN15
32.9883,95.652,0.0906117,PDN15
32.99,95.644,0.0906247,PDN15
32.9917,95.634,0.0906328,PDN15
32.9933,95.626,0.090641,PDN15
32.995,95.618,0.0906456,PDN15
32.9967,95.609,0.0906472,PDN15
32.9983,95.601,0.0906475,PDN15
33,95.593,0.0906559,PDN15
33.0017,95.584,0.0906721,PDN15
33.0033,95.576,0.0906893,PDN15
33.005,95.568,0.0907086,PDN15
33.0067,95.56,0.0907307,PDN15
33.0083,95.55,0.0907578,PDN15
33.01,95.543,0.0907804,PDN15
33.0117,95.534,0.0908014,PDN15
33.0133,95.527,0.0908182,PDN15
33.015,95.518,0.090833,PDN15
33.0167,95.51,0.0908434,PDN15
33.0183,95.501,0.0908567,PDN15
33.02,95.493,0.0908731,PDN15
33.0217,95.484,0.09089,PDN15
33.0233,95.476,0.090902,PDN15
33.025,95.468,0.0909176,PDN15
33.0267,95.46,0.0909354,PDN15
33.0283,95.451,0.0909527,PDN15
33.03,95.442,0.0909718,PDN15
33.0317,95.434,0.0909901,PDN15
33.0333,95.426,0.0910082,PDN15
33.035,95.418,0.0910229,PDN15
33.0367,95.41,0.0910344,PDN15
33.0383,95.402,0.0910441,PDN15
33.04,95.393,0.0910522,PDN15
33.0417,95.385,0.0910576,PDN15
33.0433,95.376,0.0910591,PDN15
33.045,95.367,0.0910629,PDN15
33.0467,95.359,0.091065,PDN15
33.0483,95.351,0.091069,PDN15
33.05,95.343,0.0910799,PDN15
33.0517,95.335,0.0910919,PDN15
33.0533,95.326,0.0911088,PDN15
33.055,95.318,0.0911292,PDN15
33.0567,95.309,0.0911732,PDN15
33.0583,95.301,0.0912038,PDN15
33.06,95.293,0.0912303,PDN15
33.0617,95.284,0.091253,PDN15
33.0633,95.276,0.0912712,PDN15
33.065,95.268,0.0912832,PDN15
33.0667,95.258,0.0912919,PDN15
33.0683,95.25,0.0913005,PDN15
33.07,95.242,0.0913066,PDN15
33.0717,95.235,0.0913122,PDN15
33.0733,95.226,0.0913179,PDN15
33.075,95.218,0.0913221,PDN15
33.0767,95.21,0.0913264,PDN15
33.0783,95.2,0.0913313,PDN15
33.08,95.193,0.0913408,PDN15
33.0817,95.184,0.0913471,PDN15
33.0833,95.176,0.0913516,PDN15
33.085,95.167,0.0913528,PDN15
33.0867,95.159,0.0913554,PDN15
33.0883,95.151,0.0913657,PDN15
33.09,95.143,0.0913829,PDN15
33.0917,95.134,0.0914104,PDN15
33.0933,95.127,0.0914465,PDN15
33.095,95.118,0.0914823,PDN15
33.0967,95.11,0.0915018,PDN15
33.0983,95.101,0.0915192,PDN15
33.1,95.094,0.0915346,PDN15
33.1017,95.085,0.0915449,PDN15
33.1033,95.077,0.0915527,PDN15
33.105,95.068,0.0915572,PDN15
33.1067,95.059,0.0915622,PDN15
33.1083,95.051,0.0915707,PDN15
33.11,95.043,0.0915808,PDN15
33.1117,95.035,0.0915921,PDN15
33.1133,95.027,0.0916035,PDN15
33.115,95.018,0.0916145,PDN15
33.1167,95.01,0.0916267,PDN15
33.1183,95.002,0.0916388,PDN15
33.12,94.993,0.0916517,PDN15
33.1217,94.985,0.0916638,PDN15
33.1233,94.977,0.0916741,PDN15
33.125,94.968,0.0916853,PDN15
33.1267,94.959,0.0916999,PDN15
33.1283,94.95,0.0917115,PDN15
33.13,94.943,0.0917264,PDN15
33.1317,94.935,0.0917398,PDN15
33.1333,94.927,0.0917505,PDN15
33.135,94.919,0.0917616,PDN15
33.1367,94.91,0.0917698,PDN15
33.1383,94.901,0.0917784,PDN15
33.14,94.894,0.0917821,PDN15
33.1417,94.884,0.0917849,PDN15
33.1433,94.877,0.0917919,PDN15
33.145,94.868,0.091799,PDN15
33.1467,94.86,0.0918067,PDN15
33.1483,94.851,0.0918161,PDN15
33.15,94.843,0.0918302,PDN15
33.1517,94.835,0.0918439,PDN15
33.1533,94.827,0.0918567,PDN15
33.155,94.818,0.0918725,PDN15
33.1567,94.81,0.0918889,PDN15
33.1583,94.801,0.0919002,PDN15
33.16,94.793,0.0919121,PDN15
33.1617,94.785,0.091926,PDN15
33.1633,94.776,0.091943,PDN15
33.165,94.769,0.0919601,PDN15
33.1667,94.76,0.0919737,PDN15
33.1683,94.752,0.0919919,PDN15
33.17,94.744,0.0920071,PDN15
33.1717,94.735,0.0920178,PDN15
33.1733,94.727,0.0920284,PDN15
33.175,94.719,0.0920334,PDN15
33.1767,94.71,0.0920362,PDN15
33.1783,94.701,0.0920365,PDN15
33.18,94.693,0.0920404,PDN15
33.1817,94.685,0.0920487,PDN15
33.1833,94.676,0.0920579,PDN15
33.185,94.668,0.092072,PDN15
33.1867,94.66,0.0920862,PDN15
33.1883,94.652,0.0921023,PDN15
33.19,94.643,0.0921197,PDN15
33.1917,94.634,0.0921291,PDN15
33.1933,94.627,0.0921334,PDN15
33.195,94.618,0.0921382,PDN15
33.1967,94.611,0.0921444,PDN15
33.1983,94.602,0.0921527,PDN15
33.2,94.594,0.0921677,PDN15
33.2017,94.585,0.0921857,PDN15
33.2033,94.576,0.0922138,PDN15
33.205,94.569,0.0922541,PDN15
33.2067,94.56,0.0922958,PDN15
33.2083,94.552,0.0923181,PDN15
33.21,94.544,0.0923356,PDN15
33.2117,94.536,0.0923478,PDN15
33.2133,94.527,0.0923568,PDN15
33.215,94.519,0.0923614,PDN15
33.2167,94.51,0.0923655,PDN15
33.2183,94.502,0.0923712,PDN15
33.22,94.494,0.0923796,PDN15
33.2217,94.485,0.0923896,PDN15
33.2233,94.477,0.0924026,PDN15
33.225,94.468,0.0924118,PDN15
33.2267,94.46,0.0924193,PDN15
33.2283,94.451,0.0924255,PDN15
33.23,94.444,0.0924308,PDN15
33.2317,94.435,0.0924355,PDN15
33.2333,94.427,0.0924426,PDN15
33.235,94.418,0.0924511,PDN15
33.2367,94.41,0.0924588,PDN15
33.2383,94.402,0.092473,PDN15
33.24,94.393,0.0924918,PDN15
33.2417,94.386,0.0925106,PDN15
33.2433,94.376,0.0925288,PDN15
33.245,94.368,0.0925476,PDN15
33.2467,94.361,0.0925689,PDN15
33.2483,94.351,0.0925892,PDN15
33.25,94.344,0.0926068,PDN15
33.2517,94.335,0.0926228,PDN15
33.2533,94.328,0.0926394,PDN15
33.255,94.319,0.0926508,PDN15
33.2567,94.31,0.092665,PDN15
33.2583,94.302,0.0926767,PDN15
33.26,94.294,0.0926856,PDN15
33.2617,94.285,0.0926937,PDN15
33.2633,94.277,0.0927007,PDN15
33.265,94.268,0.0927112,PDN15
33.2667,94.26,0.0927238,PDN15
33.2683,94.253,0.0927347,PDN15
33.27,94.244,0.0927433,PDN15
33.2717,94.235,0.0927503,PDN15
33.2733,94.227,0.0927551,PDN15
33.275,94.218,0.0927612,PDN15
33.2767,94.21,0.0927685,PDN15
33.2783,94.201,0.0927745,PDN15
33.28,94.194,0.0927778,PDN15
33.2817,94.185,0.0927827,PDN15
33.2833,94.176,0.0927927,PDN15
33.285,94.168,0.0928067,PDN15
33.2867,94.16,0.0928236,PDN15
33.2883,94.151,0.0928369,PDN15
33.29,94.144,0.0928512,PDN15
33.2917,94.135,0.092863,PDN15
33.2933,94.127,0.0928716,PDN15
33.295,94.118,0.0928815,PDN15
33.2967,94.11,0.092892,PDN15
33.2983,94.102,0.0928997,PDN15
33.3,94.093,0.0929065,PDN15
33.3017,94.085,0.0929136,PDN15
33.3033,94.077,0.0929225,PDN15
33.305,94.068,0.0929353,PDN15
33.3067,94.061,0.09295,PDN15
33.3083,94.051,0.0929672,PDN15
33.31,94.044,0.0929842,PDN15
33.3117,94.036,0.0929984,PDN15
33.3133,94.027,0.0930133,PDN15
33.315,94.019,0.0930258,PDN15
33.3167,94.01,0.0930389,PDN15
33.3183,94.001,0.0930518,PDN15
33.32,93.994,0.0930654,PDN15
33.3217,93.986,0.0930767,PDN15
33.3233,93.977,0.0930881,PDN15
33.325,93.969,0.0931009,PDN15
33.3267,93.961,0.0931111,PDN15
33.3283,93.952,0.093119,PDN15
33.33,93.944,0.0931262,PDN15
33.3317,93.935,0.0931345,PDN15
33.3333,93.928,0.0931397,PDN15
33.335,93.919,0.0931484,PDN15
33.3367,93.911,0.0931605,PDN15
33.3383,93.902,0.0931739,PDN15
33.34,93.893,0.0931894,PDN15
33.3417,93.885,0.0932025,PDN15
33.3433,93.878,0.0932153,PDN15
33.345,93.868,0.0932283,PDN15
33.3467,93.861,0.0932382,PDN15
33.3483,93.853,0.0932474,PDN15
33.35,93.844,0.0932524,PDN15
33.3517,93.836,0.0932549,PDN15
33.3533,93.827,0.0932606,PDN15
33.355,93.819,0.0932688,PDN15
33.3567,93.811,0.0932768,PDN15
33.3583,93.802,0.0932835,PDN15
33.36,93.794,0.0932898,PDN15
33.3617,93.786,0.0933007,PDN15
33.3633,93.779,0.093313,PDN15
33.365,93.769,0.093324,PDN15
33.3667,93.761,0.0933371,PDN15
33.3683,93.752,0.093349,PDN15
33.37,93.744,0.093357,PDN15
33.3717,93.736,0.093366,PDN15
33.3733,93.727,0.0933766,PDN15
33.375,93.72,0.0933865,PDN15
33.3767,93.711,0.0933927,PDN15
33.3783,93.702,0.0933953,PDN15
33.38,93.694,0.0934007,PDN15
33.3817,93.686,0.0934112,PDN15
33.3833,93.678,0.0934229,PDN15
33.385,93.669,0.093435,PDN15
33.3867,93.66,0.0934446,PDN15
33.3883,93.652,0.0934495,PDN15
33.39,93.645,0.0934539,PDN15
33.3917,93.636,0.0934578,PDN15
33.3933,93.628,0.0934626,PDN15
33.395,93.619,0.0934689,PDN15
33.3967,93.612,0.0934731,PDN15
33.3983,93.603,0.0934828,PDN15
33.4,93.595,0.093496,PDN15
33.4017,93.586,0.0935126,PDN15
33.4033,93.578,0.09353,PDN15
33.405,93.569,0.0935454,PDN15
33.4067,93.561,0.0935614,PDN15
33.4083,93.553,0.0935751,PDN15
33.41,93.545,0.0935901,PDN15
33.4117,93.536,0.0936016,PDN15
33.4133,93.528,0.0936128,PDN15
33.415,93.52,0.0936215,PDN15
33.4167,93.511,0.0936263,PDN15
33.4183,93.502,0.0936298,PDN15
33.42,93.494,0.0936342,PDN15
33.4217,93.486,0.0936393,PDN15
33.4233,93.477,0.0936454,PDN15
33.425,93.47,0.0936488,PDN15
33.4267,93.461,0.0936551,PDN15
33.4283,93.453,0.0936665,PDN15
33.43,93.444,0.0936773,PDN15
33.4317,93.436,0.0936897,PDN15
33.4333,93.428,0.0937009,PDN15
33.435,93.421,0.0937124,PDN15
33.4367,93.411,0.0937213,PDN15
33.4383,93.403,0.0937276,PDN15
33.44,93.394,0.0937271,PDN15
33.4417,93.387,0.093729,PDN15
33.4433,93.378,0.0937293,PDN15
33.445,93.37,0.0937322,PDN15
33.4467,93.361,0.0937386,PDN15
33.4483,93.353,0.0937448,PDN15
33.45,93.345,0.0937532,PDN15
33.4517,93.336,0.0937622,PDN15
33.4533,93.328,0.0937738,PDN15
33.455,93.319,0.0937894,PDN15
33.4567,93.31,0.0938038,PDN15
33.4583,93.303,0.0938094,PDN15
33.46,93.295,0.0938114,PDN15
33.4617,93.286,0.0938166,PDN15
33.4633,93.278,0.0938246,PDN15
33.465,93.27,0.0938334,PDN15
33.4667,93.262,0.093843,PDN15
33.4683,93.253,0.0938558,PDN15
33.47,93.244,0.0938716,PDN15
33.4717,93.236,0.0938903,PDN15
33.4733,93.228,0.0939072,PDN15
33.475,93.22,0.0939229,PDN15
33.4767,93.211,0.093933,PDN15
33.4783,93.203,0.0939376,PDN15
33.48,93.194,0.0939438,PDN15
33.4817,93.186,0.0939454,PDN15
33.4833,93.178,0.0939486,PDN15
33.485,93.17,0.0939563,PDN15
33.4867,93.161,0.0939641,PDN15
33.4883,93.153,0.0939778,PDN15
33.49,93.145,0.0939973,PDN15
33.4917,93.136,0.0940167,PDN15
33.4933,93.128,0.0940333,PDN15
33.495,93.12,0.0940485,PDN15
33.4967,93.112,0.0940621,PDN15
33.4983,93.103,0.0940729,PDN15
33.5,93.095,0.0940787,PDN15
33.5017,93.087,0.0940815,PDN15
33.5033,93.078,0.0940854,PDN15
33.505,93.07,0.0940862,PDN15
33.5067,93.062,0.0940883,PDN15
33.5083,93.053,0.0940935,PDN15
33.51,93.045,0.0941027,PDN15
33.5117,93.037,0.0941139,PDN15
33.5133,93.028,0.0941261,PDN15
33.515,93.02,0.0941435,PDN15
33.5167,93.012,0.0941616,PDN15
33.5183,93.003,0.0941793,PDN15
33.52,92.995,0.0941954,PDN15
33.5217,92.987,0.0942077,PDN15
33.5233,92.978,0.0942177,PDN15
33.525,92.97,0.0942266,PDN15
33.5267,92.962,0.0942351,PDN15
33.5283,92.954,0.0942427,PDN15
33.53,92.945,0.0942499,PDN15
33.5317,92.936,0.0942574,PDN15
33.5333,92.928,0.094269,PDN15
33.535,92.919,0.0942806,PDN15
33.5367,92.912,0.0942895,PDN15
33.5383,92.903,0.0943005,PDN15
33.54,92.895,0.0943103,PDN15
33.5417,92.886,0.0943211,PDN15
33.5433,92.877,0.094329,PDN15
33.545,92.869,0.0943378,PDN15
33.5467,92.862,0.0943475,PDN15
33.5483,92.853,0.0943559,PDN15
33.55,92.845,0.0943638,PDN15
33.5517,92.837,0.0943735,PDN15
33.5533,92.829,0.0943834,PDN15
33.555,92.82,0.0943883,PDN15
33.5567,92.811,0.094392,PDN15
33.5583,92.804,0.0943928,PDN15
33.56,92.795,0.094397,PDN15
33.5617,92.786,0.0944031,PDN15
33.5633,92.777,0.094413,PDN15
33.565,92.769,0.0944256,PDN15
33.5667,92.761,0.0944398,PDN15
33.5683,92.753,0.0944549,PDN15
33.57,92.745,0.0944708,PDN15
33.5717,92.737,0.0944891,PDN15
33.5733,92.729,0.0945051,PDN15
33.575,92.72,0.0945167,PDN15
33.5767,92.711,0.0945252,PDN15
33.5783,92.703,0.0945327,PDN15
33.58,92.694,0.094537,PDN15
33.5817,92.687,0.0945381,PDN15
33.5833,92.678,0.0945338,PDN15
33.585,92.67,0.0945291,PDN15
33.5867,92.661,0.094526,PDN15
33.5883,92.652,0.0945222,PDN15
33.59,92.646,0.094523,PDN15
33.5917,92.637,0.0945272,PDN15
33.5933,92.629,0.0945309,PDN15
33.595,92.621,0.0945388,PDN15
33.5967,92.612,0.0945491,PDN15
33.5983,92.604,0.0945622,PDN15
33.6,92.596,0.0945736,PDN15
33.6017,92.587,0.0945888,PDN15
33.6033,92.578,0.0946005,PDN15
33.605,92.57,0.0946111,PDN15
33.6067,92.562,0.0946216,PDN15
33.6083,92.553,0.0946319,PDN15
33.61,92.545,0.0946407,PDN15
33.6117,92.537,0.0946527,PDN15
33.6133,92.528,0.0946639,PDN15
33.615,92.519,0.0946735,PDN15
33.6167,92.511,0.0946796,PDN15
33.6183,92.504,0.0946832,PDN15
33.62,92.494,0.09469,PDN15
33.6217,92.487,0.0946934,PDN15
33.6233,92.479,0.0946982,PDN15
33.625,92.471,0.0947037,PDN15
33.6267,92.462,0.0947102,PDN15
33.6283,92.454,0.0947197,PDN15
33.63,92.446,0.094733,PDN15
33.6317,92.437,0.0947495,PDN15
33.6333,92.428,0.0947656,PDN15
33.635,92.42,0.0947787,PDN15
33.6367,92.413,0.0947893,PDN15
33.6383,92.404,0.0947967,PDN15
33.64,92.396,0.0948,PDN15
33.6417,92.387,0.0948001,PDN15
33.6433,92.379,0.094804,PDN15
33.645,92.37,0.0948055,PDN15
33.6467,92.362,0.0948088,PDN15
33.6483,92.354,0.0948152,PDN15
33.65,92.346,0.0948209,PDN15
33.6517,92.337,0.0948232,PDN15
33.6533,92.329,0.0948292,PDN15
33.655,92.321,0.0948369,PDN15
33.6567,92.312,0.0948448,PDN15
33.6583,92.303,0.0948534,PDN15
33.66,92.294,0.0948589,PDN15
33.6617,92.287,0.094869,PDN15
33.6633,92.278,0.0948804,PDN15
33.665,92.271,0.0948903,PDN15
33.6667,92.262,0.0949022,PDN15
33.6683,92.254,0.0949109,PDN15
33.67,92.247,0.094921,PDN15
33.6717,92.238,0.0949333,PDN15
33.6733,92.229,0.0949448,PDN15
33.675,92.221,0.0949578,PDN15
33.6767,92.213,0.0949711,PDN15
33.6783,92.204,0.0949819,PDN15
33.68,92.195,0.0949935,PDN15
33.6817,92.187,0.0950063,PDN15
33.6833,92.179,0.0950167,PDN15
33.685,92.17,0.0950314,PDN15
33.6867,92.162,0.0950453,PDN15
33.6883,92.154,0.09506,PDN15
33.69,92.146,0.0950738,PDN15
33.6917,92.138,0.0950875,PDN15
33.6933,92.128,0.0950973,PDN15
33.695,92.12,0.0951027,PDN15
33.6967,92.112,0.0951047,PDN15
33.6983,92.103,0.0951054,PDN15
33.7,92.095,0.0951065,PDN15
33.7017,92.087,0.0951116,PDN15
33.7033,92.079,0.0951176,PDN15
33.705,92.07,0.0951253,PDN15
33.7067,92.062,0.0951351,PDN15
33.7083,92.054,0.0951477,PDN15
33.71,92.045,0.0951639,PDN15
33.7117,92.037,0.0951807,PDN15
33.7133,92.029,0.0951957,PDN15
33.715,92.021,0.095201,PDN15
33.7167,92.012,0.0952065,PDN15
33.7183,92.004,0.0952082,PDN15
33.72,91.995,0.095213,PDN15
33.7217,91.987,0.0952125,PDN15
33.7233,91.978,0.0952182,PDN15
33.725,91.97,0.0952211,PDN15
33.7267,91.962,0.0952248,PDN15
33.7283,91.953,0.095233,PDN15
33.73,91.946,0.0952443,PDN15
33.7317,91.937,0.0952547,PDN15
33.7333,91.929,0.0952644,PDN15
33.735,91.921,0.0952746,PDN15
33.7367,91.912,0.0952822,PDN15
33.7383,91.903,0.095291,PDN15
33.74,91.895,0.0952967,PDN15
33.7417,91.887,0.0953047,PDN15
33.7433,91.879,0.0953125,PDN15
33.745,91.87,0.0953236,PDN15
33.7467,91.862,0.095337,PDN15
33.7483,91.853,0.0953492,PDN15
33.75,91.847,0.0953605,PDN15
33.7517,91.837,0.0953705,PDN15
33.7533,91.829,0.0953769,PDN15
33.755,91.821,0.0953839,PDN15
33.7567,91.812,0.0953926,PDN15
33.7583,91.804,0.095399,PDN15
33.76,91.796,0.0954012,PDN15
33.7617,91.787,0.095403,PDN15
33.7633,91.779,0.0954071,PDN15
33.765,91.771,0.095409,PDN15
33.7667,91.763,0.0954125,PDN15
33.7683,91.754,0.095417,PDN15
33.77,91.745,0.0954207,PDN15
33.7717,91.737,0.0954225,PDN15
33.7733,91.728,0.0954241,PDN15
33.775,91.721,0.0954279,PDN15
33.7767,91.713,0.0954304,PDN15
33.7783,91.705,0.0954334,PDN15
33.78,91.696,0.0954417,PDN15
33.7817,91.688,0.0954511,PDN15
33.7833,91.68,0.0954623,PDN15
33.785,91.67,0.0954763,PDN15
33.7867,91.663,0.0955038,PDN15
33.7883,91.655,0.0955432,PDN15
33.79,91.646,0.0955737,PDN15
33.7917,91.638,0.095587,PDN15
33.7933,91.63,0.095595,PDN15
33.795,91.62,0.095599,PDN15
33.7967,91.612,0.095595,PDN15
33.7983,91.603,0.0955896,PDN15
33.8,91.596,0.0955784,PDN15
33.8017,91.587,0.0955777,PDN15
33.8033,91.579,0.0955787,PDN15
33.805,91.57,0.0955838,PDN15
33.8067,91.562,0.0955977,PDN15
33.8083,91.554,0.0956122,PDN15
33.81,91.545,0.0956254,PDN15
33.8117,91.537,0.0956373,PDN15
33.8133,91.53,0.0956516,PDN15
33.815,91.52,0.0956615,PDN15
33.8167,91.513,0.095669,PDN15
33.8183,91.504,0.0956766,PDN15
33.82,91.496,0.0956889,PDN15
33.8217,91.487,0.0957017,PDN15
33.8233,91.479,0.0957193,PDN15
33.825,91.471,0.095733,PDN15
33.8267,91.462,0.0957448,PDN15
33.8283,91.454,0.0957554,PDN15
33.83,91.445,0.0957633,PDN15
33.8317,91.437,0.0957677,PDN15
33.8333,91.429,0.0957673,PDN15
33.835,91.421,0.0957656,PDN15
33.8367,91.412,0.0957621,PDN15
33.8383,91.404,0.095757,PDN15
33.84,91.396,0.0957531,PDN15
33.8417,91.388,0.0957484,PDN15
33.8433,91.38,0.095748,PDN15
33.845,91.371,0.0957541,PDN15
33.8467,91.363,0.0957651,PDN15
33.8483,91.355,0.0957767,PDN15
33.85,91.347,0.0957912,PDN15
33.8517,91.338,0.0958056,PDN15
33.8533,91.33,0.0958308,PDN15
33.855,91.321,0.0958577,PDN15
33.8567,91.313,0.0959083,PDN15
33.8583,91.305,0.0959394,PDN15
33.86,91.296,0.0959576,PDN15
33.8617,91.288,0.0959752,PDN15
33.8633,91.279,0.0959906,PDN15
33.865,91.272,0.0960038,PDN15
33.8667,91.263,0.0960162,PDN15
33.8683,91.254,0.0960204,PDN15
33.87,91.247,0.0960156,PDN15
33.8717,91.237,0.0960147,PDN15
33.8733,91.23,0.0960173,PDN15
33.875,91.221,0.0960226,PDN15
33.8767,91.212,0.0960322,PDN15
33.8783,91.205,0.0960457,PDN15
33.88,91.196,0.0960549,PDN15
33.8817,91.188,0.0960597,PDN15
33.8833,91.18,0.0960635,PDN15
33.885,91.171,0.0960682,PDN15
33.8867,91.163,0.0960735,PDN15
33.8883,91.155,0.0960793,PDN15
33.89,91.146,0.0960906,PDN15
33.8917,91.138,0.0961046,PDN15
33.8933,91.13,0.0961179,PDN15
33.895,91.122,0.0961327,PDN15
33.8967,91.113,0.0961449,PDN15
33.8983,91.104,0.096156,PDN15
33.9,91.096,0.0961616,PDN15
33.9017,91.088,0.0961656,PDN15
33.9033,91.08,0.0961695,PDN15
33.905,91.071,0.0961719,PDN15
33.9067,91.064,0.0961712,PDN15
33.9083,91.054,0.0961729,PDN15
33.91,91.047,0.0961759,PDN15
33.9117,91.038,0.0961833,PDN15
33.9133,91.029,0.0961863,PDN15
33.915,91.022,0.0961858,PDN15
33.9167,91.013,0.0961838,PDN15
33.9183,91.005,0.0961828,PDN15
33.92,90.996,0.0961835,PDN15
33.9217,90.988,0.0961901,PDN15
33.9233,90.979,0.0962002,PDN15
33.925,90.971,0.0962126,PDN15
33.9267,90.963,0.0962249,PDN15
33.9283,90.956,0.0962399,PDN15
33.93,90.947,0.0962777,PDN15
33.9317,90.938,0.0962936,PDN15
33.9333,90.93,0.0963048,PDN15
33.935,90.921,0.0963123,PDN15
33.9367,90.913,0.0963147,PDN15
33.9383,90.905,0.0963181,PDN15
33.94,90.896,0.0963217,PDN15
33.9417,90.888,0.0963255,PDN15
33.9433,90.88,0.0963254,PDN15
33.945,90.871,0.0963243,PDN15
33.9467,90.864,0.0963282,PDN15
33.9483,90.856,0.096337,PDN15
33.95,90.846,0.0963492,PDN15
33.9517,90.837,0.0963709,PDN15
33.9533,90.831,0.0963892,PDN15
33.955,90.821,0.0964035,PDN15
33.9567,90.813,0.0964142,PDN15
33.9583,90.805,0.096425,PDN15
33.96,90.797,0.0964332,PDN15
33.9617,90.788,0.0964415,PDN15
33.9633,90.78,0.0964453,PDN15
33.965,90.772,0.0964485,PDN15
33.9667,90.764,0.0964516,PDN15
33.9683,90.755,0.0964559,PDN15
33.97,90.747,0.0964656,PDN15
33.9717,90.739,0.0964768,PDN15
33.9733,90.73,0.0964861,PDN15
33.975,90.723,0.0964933,PDN15
33.9767,90.713,0.0965023,PDN15
33.9783,90.705,0.0965148,PDN15
33.98,90.697,0.0965302,PDN15
33.9817,90.688,0.0965445,PDN15
33.9833,90.681,0.096553,PDN15
33.985,90.672,0.0965607,PDN15
33.9867,90.663,0.096563,PDN15
33.9883,90.655,0.0965655,PDN15
33.99,90.646,0.0965685,PDN15
33.9917,90.638,0.0965702,PDN15
33.9933,90.63,0.0965687,PDN15
33.995,90.622,0.0965674,PDN15
33.9967,90.612,0.0965713,PDN15
33.9983,90.605,0.0965771,PDN15
34,90.597,0.0965847,PDN15
34.0017,90.588,0.0965886,PDN15
34.0033,90.58,0.09659,PDN15
34.005,90.572,0.0965929,PDN15
34.0067,90.563,0.0965986,PDN15
34.0083,90.555,0.0966035,PDN15
34.01,90.546,0.0966127,PDN15
34.0117,90.539,0.0966181,PDN15
34.0133,90.53,0.096624,PDN15
34.015,90.521,0.0966345,PDN15
34.0167,90.513,0.0966472,PDN15
34.0183,90.505,0.0966626,PDN15
34.02,90.497,0.0966748,PDN15
34.0217,90.487,0.0966888,PDN15
34.0233,90.48,0.096702,PDN15
34.025,90.471,0.0967143,PDN15
34.0267,90.463,0.0967219,PDN15
34.0283,90.454,0.0967257,PDN15
34.03,90.446,0.0967235,PDN15
34.0317,90.438,0.0967194,PDN15
34.0333,90.429,0.0967194,PDN15
34.035,90.422,0.0967243,PDN15
34.0367,90.414,0.0967292,PDN15
34.0383,90.405,0.0967352,PDN15
34.04,90.397,0.0967432,PDN15
34.0417,90.388,0.0967552,PDN15
34.0433,90.38,0.0967695,PDN15
34.045,90.372,0.0967804,PDN15
34.0467,90.365,0.0967892,PDN15
34.0483,90.355,0.0968005,PDN15
34.05,90.347,0.0968112,PDN15
34.0517,90.338,0.096821,PDN15
34.0533,90.331,0.096832,PDN15
34.055,90.321,0.0968404,PDN15
34.0567,90.313,0.0968452,PDN15
34.0583,90.305,0.0968461,PDN15
34.06,90.297,0.0968492,PDN15
34.0617,90.289,0.0968511,PDN15
34.0633,90.279,0.0968483,PDN15
34.065,90.272,0.0968476,PDN15
34.0667,90.263,0.0968487,PDN15
34.0683,90.255,0.0968478,PDN15
34.07,90.247,0.096849,PDN15
34.0717,90.239,0.0968574,PDN15
34.0733,90.231,0.096864,PDN15
34.075,90.222,0.0968732,PDN15
34.0767,90.214,0.09688,PDN15
34.0783,90.205,0.0968867,PDN15
34.08,90.197,0.0968922,PDN15
34.0817,90.188,0.0968945,PDN15
34.0833,90.18,0.0968959,PDN15
34.085,90.173,0.0968982,PDN15
34.0867,90.164,0.0968972,PDN15
34.0883,90.155,0.0968957,PDN15
34.09,90.148,0.0968951,PDN15
34.0917,90.139,0.096897,PDN15
34.0933,90.13,0.0968998,PDN15
34.095,90.122,0.096903,PDN15
34.0967,90.114,0.0969014,PDN15
34.0983,90.105,0.0968965,PDN15
34.1,90.097,0.0968888,PDN15
34.1017,90.088,0.0968834,PDN15
34.1033,90.08,0.0968809,PDN15
34.105,90.072,0.0968801,PDN15
34.1067,90.063,0.0968797,PDN15
34.1083,90.056,0.0968865,PDN15
34.11,90.047,0.0969038,PDN15
34.1117,90.039,0.0969218,PDN15
34.1133,90.031,0.0969421,PDN15
34.115,90.022,0.0969594,PDN15
34.1167,90.013,0.0969721,PDN15
34.1183,90.005,0.0969822,PDN15
34.12,89.998,0.0969879,PDN15
34.1217,89.989,0.0969941,PDN15
34.1233,89.98,0.0969973,PDN15
34.125,89.973,0.0970008,PDN15
34.1267,89.965,0.0970068,PDN15
34.1283,89.956,0.0970152,PDN15
34.13,89.947,0.0970234,PDN15
34.1317,89.939,0.0970292,PDN15
34.1333,89.93,0.0970364,PDN15
34.135,89.922,0.0970381,PDN15
34.1367,89.916,0.0970375,PDN15
34.1383,89.906,0.0970323,PDN15
34.14,89.897,0.0970257,PDN15
34.1417,89.889,0.0970225,PDN15
34.1433,89.881,0.0970256,PDN15
34.145,89.872,0.0970297,PDN15
34.1467,89.865,0.0970381,PDN15
34.1483,89.856,0.0970488,PDN15
34.15,89.848,0.0970603,PDN15
34.1517,89.839,0.0970721,PDN15
34.1533,89.831,0.0970819,PDN15
34.155,89.823,0.0970878,PDN15
34.1567,89.813,0.0970901,PDN15
34.1583,89.805,0.0970941,PDN15
34.16,89.797,0.0971011,PDN15
34.1617,89.789,0.0971105,PDN15
34.1633,89.782,0.0971233,PDN15
34.165,89.773,0.0971385,PDN15
34.1667,89.764,0.0971479,PDN15
34.1683,89.756,0.097156,PDN15
34.17,89.747,0.0971607,PDN15
34.1717,89.739,0.0971616,PDN15
34.1733,89.731,0.0971607,PDN15
34.175,89.724,0.0971616,PDN15
34.1767,89.715,0.0971642,PDN15
34.1783,89.706,0.0971687,PDN15
34.18,89.697,0.0971717,PDN15
34.1817,89.689,0.0971806,PDN15
34.1833,89.681,0.0971901,PDN15
34.185,89.673,0.0971945,PDN15
34.1867,89.664,0.0971972,PDN15
34.1883,89.656,0.0971996,PDN15
34.19,89.648,0.0971963,PDN15
34.1917,89.64,0.0971948,PDN15
34.1933,89.631,0.0971956,PDN15
34.195,89.623,0.0972005,PDN15
34.1967,89.614,0.0972093,PDN15
34.1983,89.606,0.0972185,PDN15
34.2,89.598,0.0972302,PDN15
34.2017,89.589,0.097239,PDN15
34.2033,89.581,0.097243,PDN15
34.205,89.572,0.097247,PDN15
34.2067,89.565,0.0972501,PDN15
34.2083,89.556,0.0972505,PDN15
34.21,89.547,0.0972537,PDN15
34.2117,89.539,0.0972554,PDN15
34.2133,89.531,0.0972584,PDN15
34.215,89.523,0.0972618,PDN15
34.2167,89.514,0.0972624,PDN15
34.2183,89.506,0.0972648,PDN15
34.22,89.498,0.0972653,PDN15
34.2217,89.489,0.0972629,PDN15
34.2233,89.481,0.0972639,PDN15
34.225,89.472,0.0972669,PDN15
34.2267,89.465,0.0972684,PDN15
34.2283,89.457,0.0972718,PDN15
34.23,89.447,0.0972795,PDN15
34.2317,89.44,0.0972864,PDN15
34.2333,89.431,0.0972945,PDN15
34.235,89.423,0.0973013,PDN15
34.2367,89.415,0.0973109,PDN15
34.2383,89.406,0.0973209,PDN15
34.24,89.398,0.0973331,PDN15
34.2417,89.389,0.097339,PDN15
34.2433,89.38,0.0973433,PDN15
34.245,89.372,0.0973508,PDN15
34.2467,89.365,0.0973555,PDN15
34.2483,89.356,0.0973622,PDN15
34.25,89.348,0.0973682,PDN15
34.2517,89.34,0.097374,PDN15
34.2533,89.332,0.0973789,PDN15
34.255,89.322,0.0973868,PDN15
34.2567,89.315,0.0973964,PDN15
34.2583,89.306,0.0974082,PDN15
34.26,89.297,0.0974198,PDN15
34.2617,89.29,0.0974301,PDN15
34.2633,89.282,0.0974382,PDN15
34.265,89.272,0.0974449,PDN15
34.2667,89.264,0.0974487,PDN15
34.2683,89.256,0.0974495,PDN15
34.27,89.248,0.0974436,PDN15
34.2717,89.239,0.0974344,PDN15
34.2733,89.231,0.0974306,PDN15
34.275,89.223,0.097429,PDN15
34.2767,89.214,0.0974311,PDN15
34.2783,89.207,0.0974384,PDN15
34.28,89.199,0.0974418,PDN15
34.2817,89.19,0.0974489,PDN15
34.2833,89.181,0.0974543,PDN15
34.285,89.174,0.097462,PDN15
34.2867,89.165,0.0974706,PDN15
34.2883,89.156,0.0974749,PDN15
34.29,89.148,0.0974771,PDN15
34.2917,89.14,0.0974877,PDN15
34.2933,89.132,0.0974978,PDN15
34.295,89.123,0.0975091,PDN15
34.2967,89.114,0.0975236,PDN15
34.2983,89.106,0.0975331,PDN15
34.3,89.099,0.0975422,PDN15
34.3017,89.089,0.0975451,PDN15
34.3033,89.081,0.0975474,PDN15
34.305,89.074,0.0975463,PDN15
34.3067,89.066,0.0975454,PDN15
34.3083,89.057,0.0975461,PDN15
34.31,89.047,0.0975517,PDN15
34.3117,89.04,0.0975558,PDN15
34.3133,89.032,0.0975602,PDN15
34.315,89.023,0.0975645,PDN15
34.3167,89.016,0.0975697,PDN15
34.3183,89.007,0.0975787,PDN15
34.32,88.997,0.0975895,PDN15
34.3217,88.99,0.0976013,PDN15
34.3233,88.982,0.097611,PDN15
34.325,88.974,0.0976224,PDN15
34.3267,88.965,0.0976345,PDN15
34.3283,88.957,0.0976466,PDN15
34.33,88.948,0.0976517,PDN15
34.3317,88.94,0.0976507,PDN15
34.3333,88.932,0.0976498,PDN15
34.335,88.924,0.0976499,PDN15
34.3367,88.915,0.0976478,PDN15
34.3383,88.907,0.097648,PDN15
34.34,88.899,0.0976528,PDN15
34.3417,88.89,0.0976592,PDN15
34.3433,88.882,0.0976688,PDN15
34.345,88.874,0.097677,PDN15
34.3467,88.865,0.0976868,PDN15
34.3483,88.857,0.0976953,PDN15
34.35,88.848,0.0977004,PDN15
34.3517,88.84,0.0977072,PDN15
34.3533,88.833,0.0977184,PDN15
34.355,88.824,0.0977304,PDN15
34.3567,88.816,0.0977459,PDN15
34.3583,88.807,0.0977632,PDN15
34.36,88.798,0.0977836,PDN15
34.3617,88.79,0.0978019,PDN15
34.3633,88.781,0.0978168,PDN15
34.365,88.773,0.0978291,PDN15
34.3667,88.765,0.0978393,PDN15
34.3683,88.757,0.0978458,PDN15
34.37,88.749,0.0978507,PDN15
34.3717,88.74,0.0978564,PDN15
34.3733,88.731,0.0978602,PDN15
34.375,88.723,0.0978669,PDN15
34.3767,88.715,0.0978756,PDN15
34.3783,88.706,0.0978843,PDN15
34.38,88.699,0.097891,PDN15
34.3817,88.69,0.0978963,PDN15
34.3833,88.682,0.0979044,PDN15
34.385,88.674,0.0979121,PDN15
34.3867,88.665,0.0979199,PDN15
34.3883,88.657,0.0979297,PDN15
34.39,88.648,0.0979384,PDN15
34.3917,88.64,0.0979463,PDN15
34.3933,88.632,0.0979494,PDN15
34.395,88.622,0.0979505,PDN15
34.3967,88.616,0.0979504,PDN15
34.3983,88.608,0.0979467,PDN15
34.4,88.598,0.0979428,PDN15
34.4017,88.59,0.0979401,PDN15
34.4033,88.582,0.0979419,PDN15
34.405,88.574,0.0979507,PDN15
34.4067,88.564,0.097966,PDN15
34.4083,88.556,0.0979894,PDN15
34.41,88.549,0.0980066,PDN15
34.4117,88.54,0.098022,PDN15
34.4133,88.532,0.0980321,PDN15
34.415,88.522,0.0980378,PDN15
34.4167,88.515,0.0980466,PDN15
34.4183,88.508,0.0980545,PDN15
34.42,88.499,0.0980609,PDN15
34.4217,88.49,0.0980676,PDN15
34.4233,88.482,0.0980736,PDN15
34.425,88.473,0.0980799,PDN15
34.4267,88.466,0.0980843,PDN15
34.4283,88.457,0.098085,PDN15
34.43,88.448,0.0980845,PDN15
34.4317,88.44,0.0980817,PDN15
34.4333,88.432,0.0980786,PDN15
34.435,88.424,0.0980815,PDN15
34.4367,88.415,0.0980891,PDN15
34.4383,88.407,0.0981034,PDN15
34.44,88.398,0.0981341,PDN15
34.4417,88.39,0.098157,PDN15
34.4433,88.381,0.0981721,PDN15
34.445,88.372,0.0981866,PDN15
34.4467,88.365,0.0981945,PDN15
34.4483,88.356,0.0981958,PDN15
34.45,88.348,0.0981845,PDN15
34.4517,88.34,0.0981587,PDN15
34.4533,88.332,0.0981441,PDN15
34.455,88.323,0.0981356,PDN15
34.4567,88.314,0.0981291,PDN15
34.4583,88.307,0.0981266,PDN15
34.46,88.299,0.0981289,PDN15
34.4617,88.291,0.0981313,PDN15
34.4633,88.282,0.0981368,PDN15
34.465,88.274,0.0981458,PDN15
34.4667,88.265,0.0981534,PDN15
34.4683,88.257,0.09816,PDN15
34.47,88.249,0.0981663,PDN15
34.4717,88.241,0.0981735,PDN15
34.4733,88.232,0.0981823,PDN15
34.475,88.224,0.0981939,PDN15
34.4767,88.216,0.0982067,PDN15
34.4783,88.208,0.0982166,PDN15
34.48,88.199,0.0982243,PDN15
34.4817,88.191,0.0982294,PDN15
34.4833,88.182,0.0982353,PDN15
34.485,88.174,0.0982421,PDN15
34.4867,88.166,0.0982501,PDN15
34.4883,88.157,0.0982596,PDN15
34.49,88.148,0.0982672,PDN15
34.4917,88.14,0.0982759,PDN15
34.4933,88.132,0.0982858,PDN15
34.495,88.123,0.0983008,PDN15
34.4967,88.114,0.0983167,PDN15
34.4983,88.107,0.0983285,PDN15
34.5,88.099,0.0983343,PDN15
34.5017,88.09,0.0983344,PDN15
34.5033,88.081,0.0983328,PDN15
34.505,88.074,0.098331,PDN15
34.5067,88.066,0.0983288,PDN15
34.5083,88.057,0.0983266,PDN15
34.51,88.049,0.098327,PDN15
34.5117,88.04,0.0983275,PDN15
34.5133,88.032,0.098331,PDN15
34.515,88.024,0.0983403,PDN15
34.5167,88.015,0.0983464,PDN15
34.5183,88.007,0.0983517,PDN15
34.52,87.999,0.098357,PDN15
34.5217,87.99,0.0983625,PDN15
34.5233,87.983,0.09837,PDN15
34.525,87.974,0.0983776,PDN15
34.5267,87.966,0.0983882,PDN15
34.5283,87.958,0.0983967,PDN15
34.53,87.949,0.0984039,PDN15
34.5317,87.94,0.0984118,PDN15
34.5333,87.932,0.0984206,PDN15
34.535,87.924,0.0984286,PDN15
34.5367,87.916,0.0984329,PDN15
34.5383,87.907,0.0984354,PDN15
34.54,87.898,0.0984364,PDN15
34.5417,87.89,0.0984419,PDN15
34.5433,87.882,0.0984517,PDN15
34.545,87.873,0.0984598,PDN15
34.5467,87.865,0.0984641,PDN15
34.5483,87.857,0.0984622,PDN15
34.55,87.849,0.0984618,PDN15
34.5517,87.84,0.098464,PDN15
34.5533,87.832,0.0984683,PDN15
34.555,87.824,0.0984705,PDN15
34.5567,87.816,0.0984677,PDN15
34.5583,87.807,0.0984625,PDN15
34.56,87.798,0.0984637,PDN15
34.5617,87.791,0.0984678,PDN15
34.5633,87.782,0.0984773,PDN15
34.565,87.773,0.0984919,PDN15
34.5667,87.765,0.0985029,PDN15
34.5683,87.756,0.0985158,PDN15
34.57,87.749,0.0985313,PDN15
34.5717,87.741,0.0985452,PDN15
34.5733,87.732,0.0985587,PDN15
34.575,87.725,0.0985665,PDN15
34.5767,87.715,0.0985682,PDN15
34.5783,87.708,0.0985701,PDN15
34.58,87.7,0.0985674,PDN15
34.5817,87.691,0.0985679,PDN15
34.5833,87.683,0.0985749,PDN15
34.585,87.674,0.098581,PDN15
34.5867,87.665,0.0985848,PDN15
34.5883,87.657,0.0985897,PDN15
34.59,87.649,0.0985938,PDN15
34.5917,87.641,0.0985977,PDN15
34.5933,87.633,0.0986044,PDN15
34.595,87.624,0.0986107,PDN15
34.5967,87.616,0.0986187,PDN15
34.5983,87.608,0.0986246,PDN15
34.6,87.599,0.0986306,PDN15
34.6017,87.591,0.0986369,PDN15
34.6033,87.584,0.098644,PDN15
34.605,87.574,0.0986474,PDN15
34.6067,87.567,0.0986451,PDN15
34.6083,87.558,0.0986415,PDN15
34.61,87.55,0.0986326,PDN15
34.6117,87.542,0.098626,PDN15
34.6133,87.532,0.0986205,PDN15
34.615,87.525,0.0986179,PDN15
34.6167,87.516,0.0986172,PDN15
34.6183,87.509,0.0986164,PDN15
34.62,87.5,0.098616,PDN15
34.6217,87.491,0.098617,PDN15
34.6233,87.483,0.0986179,PDN15
34.625,87.474,0.0986197,PDN15
34.6267,87.466,0.0986247,PDN15
34.6283,87.459,0.0986316,PDN15
34.63,87.45,0.098645,PDN15
34.6317,87.441,0.0986576,PDN15
34.6333,87.433,0.0986698,PDN15
34.635,87.425,0.0986806,PDN15
34.6367,87.416,0.0986904,PDN15
34.6383,87.408,0.0986983,PDN15
34.64,87.4,0.0987038,PDN15
34.6417,87.391,0.0987086,PDN15
34.6433,87.382,0.0987109,PDN15
34.645,87.375,0.0987093,PDN15
34.6467,87.366,0.0987067,PDN15
34.6483,87.358,0.0987067,PDN15
34.65,87.35,0.0987066,PDN15
34.6517,87.341,0.0987081,PDN15
34.6533,87.333,0.0987127,PDN15
34.655,87.325,0.0987179,PDN15
34.6567,87.316,0.0987216,PDN15
34.6583,87.307,0.0987257,PDN15
34.66,87.3,0.0987308,PDN15
34.6617,87.292,0.0987371,PDN15
34.6633,87.283,0.0987447,PDN15
34.665,87.275,0.0987534,PDN15
34.6667,87.267,0.0987589,PDN15
34.6683,87.258,0.0987617,PDN15
34.67,87.25,0.0987634,PDN15
34.6717,87.241,0.098763,PDN15
34.6733,87.234,0.098764,PDN15
34.675,87.224,0.098767,PDN15
34.6767,87.216,0.0987687,PDN15
34.6783,87.209,0.0987682,PDN15
34.68,87.2,0.0987681,PDN15
34.6817,87.191,0.0987667,PDN15
34.6833,87.183,0.0987673,PDN15
34.685,87.175,0.098771,PDN15
34.6867,87.165,0.0987764,PDN15
34.6883,87.158,0.0987843,PDN15
34.69,87.15,0.098794,PDN15
34.6917,87.142,0.0988037,PDN15
34.6933,87.133,0.0988125,PDN15
34.695,87.125,0.0988209,PDN15
34.6967,87.117,0.0988273,PDN15
34.6983,87.109,0.0988332,PDN15
34.7,87.1,0.0988355,PDN15
34.7017,87.092,0.0988359,PDN15
34.7033,87.082,0.0988384,PDN15
34.705,87.074,0.0988406,PDN15
34.7067,87.066,0.0988447,PDN15
34.7083,87.058,0.0988523,PDN15
34.71,87.05,0.0988596,PDN15
34.7117,87.041,0.09887,PDN15
34.7133,87.034,0.0988777,PDN15
34.715,87.024,0.0988842,PDN15
34.7167,87.016,0.098891,PDN15
34.7183,87.008,0.0988988,PDN15
34.72,87,0.0989102,PDN15
34.7217,86.992,0.0989192,PDN15
34.7233,86.983,0.0989299,PDN15
34.725,86.975,0.0989406,PDN15
34.7267,86.967,0.0989544,PDN15
34.7283,86.958,0.0989638,PDN15
34.73,86.95,0.0989716,PDN15
34.7317,86.942,0.0989795,PDN15
34.7333,86.933,0.0989851,PDN15
34.735,86.925,0.0989874,PDN15
34.7367,86.917,0.0989846,PDN15
34.7383,86.908,0.0989882,PDN15
34.74,86.9,0.0989941,PDN15
34.7417,86.891,0.0989997,PDN15
34.7433,86.883,0.0990065,PDN15
34.745,86.874,0.0990166,PDN15
34.7467,86.866,0.0990268,PDN15
34.7483,86.858,0.0990333,PDN15
34.75,86.85,0.0990384,PDN15
34.7517,86.842,0.0990417,PDN15
34.7533,86.833,0.0990475,PDN15
34.755,86.825,0.0990485,PDN15
34.7567,86.816,0.0990518,PDN15
34.7583,86.808,0.099059,PDN15
34.76,86.8,0.0990697,PDN15
34.7617,86.793,0.0990808,PDN15
34.7633,86.783,0.0990919,PDN15
34.765,86.775,0.099106,PDN15
34.7667,86.766,0.0991174,PDN15
34.7683,86.758,0.0991258,PDN15
34.77,86.749,0.0991289,PDN15
34.7717,86.741,0.0991327,PDN15
34.7733,86.733,0.0991357,PDN15
34.775,86.725,0.0991348,PDN15
34.7767,86.717,0.0991318,PDN15
34.7783,86.708,0.0991318,PDN15
34.78,86.7,0.0991309,PDN15
34.7817,86.691,0.099128,PDN15
34.7833,86.683,0.0991308,PDN15
34.785,86.675,0.0991373,PDN15
34.7867,86.667,0.0991478,PDN15
34.7883,86.658,0.0991616,PDN15
34.79,86.65,0.099176,PDN15
34.7917,86.642,0.0991878,PDN15
34.7933,86.634,0.0991981,PDN15
34.795,86.625,0.0992083,PDN15
34.7967,86.617,0.0992202,PDN15
34.7983,86.608,0.0992287,PDN15
34.8,86.599,0.0992372,PDN15
34.8017,86.592,0.099247,PDN15
34.8033,86.583,0.0992555,PDN15
34.805,86.575,0.0992637,PDN15
34.8067,86.567,0.0992717,PDN15
34.8083,86.558,0.0992782,PDN15
34.81,86.551,0.0992821,PDN15
34.8117,86.542,0.0992851,PDN15
34.8133,86.533,0.099295,PDN15
34.815,86.525,0.099304,PDN15
34.8167,86.516,0.0993102,PDN15
34.8183,86.509,0.0993121,PDN15
34.82,86.5,0.0993113,PDN15
34.8217,86.492,0.0993114,PDN15
34.8233,86.484,0.0993116,PDN15
34.825,86.475,0.0993107,PDN15
34.8267,86.467,0.0993102,PDN15
34.8283,86.458,0.0993087,PDN15
34.83,86.449,0.0993112,PDN15
34.8317,86.442,0.099322,PDN15
34.8333,86.434,0.0993357,PDN15
34.835,86.425,0.0993462,PDN15
34.8367,86.416,0.0993544,PDN15
34.8383,86.408,0.0993607,PDN15
34.84,86.4,0.0993689,PDN15
34.8417,86.392,0.0993746,PDN15
34.8433,86.384,0.0993771,PDN15
34.845,86.375,0.0993765,PDN15
34.8467,86.366,0.0993757,PDN15
34.8483,86.358,0.0993812,PDN15
34.85,86.35,0.0993884,PDN15
34.8517,86.341,0.0993915,PDN15
34.8533,86.334,0.0993937,PDN15
34.855,86.325,0.0993961,PDN15
34.8567,86.316,0.0993964,PDN15
34.8583,86.308,0.0993971,PDN15
34.86,86.3,0.0993995,PDN15
34.8617,86.291,0.0994,PDN15
34.8633,86.283,0.0993958,PDN15
34.865,86.275,0.099397,PDN15
34.8667,86.266,0.099401,PDN15
34.8683,86.258,0.0994023,PDN15
34.87,86.25,0.0994012,PDN15
34.8717,86.241,0.0994005,PDN15
34.8733,86.233,0.0993996,PDN15
34.875,86.226,0.0994014,PDN15
34.8767,86.216,0.0994047,PDN15
34.8783,86.208,0.0994132,PDN15
34.88,86.2,0.0994239,PDN15
34.8817,86.191,0.099435,PDN15
34.8833,86.183,0.0994445,PDN15
34.885,86.175,0.0994515,PDN15
34.8867,86.167,0.0994525,PDN15
34.8883,86.158,0.0994517,PDN15
34.89,86.15,0.0994446,PDN15
34.8917,86.141,0.0994384,PDN15
34.8933,86.133,0.0994355,PDN15
34.895,86.124,0.0994388,PDN15
34.8967,86.115,0.0994492,PDN15
34.8983,86.108,0.0994716,PDN15
34.9,86.099,0.0994934,PDN15
34.9017,86.091,0.0995085,PDN15
34.9033,86.083,0.0995186,PDN15
34.905,86.075,0.0995228,PDN15
34.9067,86.067,0.0995213,PDN15
34.9083,86.058,0.0995169,PDN15
34.91,86.051,0.0995022,PDN15
34.9117,86.042,0.0994747,PDN15
34.9133,86.033,0.0994595,PDN15
34.915,86.025,0.099452,PDN15
34.9167,86.018,0.0994495,PDN15
34.9183,86.008,0.0994501,PDN15
34.92,86,0.099455,PDN15
34.9217,85.992,0.0994603,PDN15
34.9233,85.983,0.0994685,PDN15
34.925,85.975,0.0994726,PDN15
34.9267,85.967,0.0994764,PDN15
34.9283,85.958,0.0994835,PDN15
34.93,85.95,0.0994871,PDN15
34.9317,85.941,0.0994888,PDN15
34.9333,85.932,0.0994856,PDN15
34.935,85.924,0.0994857,PDN15
34.9367,85.917,0.0994884,PDN15
34.9383,85.908,0.0994921,PDN15
34.94,85.9,0.0994923,PDN15
34.9417,85.891,0.0994915,PDN15
34.9433,85.884,0.0994893,PDN15
34.945,85.876,0.0994892,PDN15
34.9467,85.867,0.099496,PDN15
34.9483,85.859,0.0994998,PDN15
34.95,85.85,0.0994993,PDN15
34.9517,85.843,0.0994958,PDN15
34.9533,85.834,0.0994926,PDN15
34.955,85.825,0.0994919,PDN15
34.9567,85.817,0.0994928,PDN15
34.9583,85.809,0.099495,PDN15
34.96,85.8,0.0994961,PDN15
34.9617,85.792,0.0994988,PDN15
34.9633,85.785,0.0995013,PDN15
34.965,85.776,0.0995072,PDN15
34.9667,85.767,0.099511,PDN15
34.9683,85.76,0.0995123,PDN15
34.97,85.751,0.0995127,PDN15
34.9717,85.743,0.0995105,PDN15
34.9733,85.733,0.0995047,PDN15
34.975,85.726,0.0994959,PDN15
34.9767,85.717,0.0994903,PDN15
34.9783,85.709,0.099483,PDN15
34.98,85.7,0.0994769,PDN15
34.9817,85.692,0.0994671,PDN15
34.9833,85.684,0.0994624,PDN15
34.985,85.675,0.0994624,PDN15
34.9867,85.667,0.0994666,PDN15
34.9883,85.659,0.0994727,PDN15
34.99,85.65,0.0994839,PDN15
34.9917,85.642,0.0994956,PDN15
34.9933,85.633,0.0995054,PDN15
34.995,85.625,0.0995155,PDN15
34.9967,85.618,0.0995242,PDN15
34.9983,85.609,0.0995305,PDN15
35,85.601,0.0995313,PDN15
35.0017,85.591,0.099537,PDN15
35.0033,85.584,0.0995432,PDN15
35.005,85.575,0.099547,PDN15
35.0067,85.567,0.0995465,PDN15
35.0083,85.559,0.0995434,PDN15
35.01,85.551,0.0995404,PDN15
35.0117,85.542,0.0995409,PDN15
35.0133,85.533,0.0995434,PDN15
35.015,85.525,0.0995457,PDN15
35.0167,85.517,0.0995495,PDN15
35.0183,85.509,0.0995555,PDN15
35.02,85.5,0.099567,PDN15
35.0217,85.492,0.0995793,PDN15
35.0233,85.484,0.0995909,PDN15
35.025,85.476,0.0995986,PDN15
35.0267,85.467,0.0996039,PDN15
35.0283,85.459,0.0996035,PDN15
35.03,85.45,0.0995998,PDN15
35.0317,85.442,0.0995968,PDN15
35.0333,85.433,0.0995919,PDN15
35.035,85.426,0.099588,PDN15
35.0367,85.418,0.0995844,PDN15
35.0383,85.409,0.0995832,PDN15
35.04,85.401,0.0995847,PDN15
35.0417,85.392,0.0995909,PDN15
35.0433,85.384,0.0996052,PDN15
35.045,85.376,0.0996796,PDN15
35.0467,85.368,0.0997565,PDN15
35.0483,85.359,0.0998183,PDN15
35.05,85.35,0.0998629,PDN15
35.0517,85.342,0.0998946,PDN15
35.0533,85.334,0.0999072,PDN15
35.055,85.326,0.0999168,PDN15
35.0567,85.318,0.0999182,PDN15
35.0583,85.31,0.0999133,PDN15
35.06,85.301,0.0999013,PDN15
35.0617,85.291,0.0998923,PDN15
35.0633,85.283,0.099887,PDN15
35.065,85.275,0.0998768,PDN15
35.0667,85.268,0.0998671,PDN15
35.0683,85.259,0.0998596,PDN15
35.07,85.25,0.0998535,PDN15
35.0717,85.243,0.099849,PDN15
35.0733,85.233,0.0998459,PDN15
35.075,85.226,0.0998433,PDN15
35.0767,85.217,0.0998452,PDN15
35.0783,85.209,0.0998455,PDN15
35.08,85.201,0.0998469,PDN15
35.0817,85.193,0.0998532,PDN15
35.0833,85.184,0.0998591,PDN15
35.085,85.175,0.0998642,PDN15
35.0867,85.168,0.0998689,PDN15
35.0883,85.158,0.0998757,PDN15
35.09,85.151,0.0998827,PDN15
35.0917,85.144,0.0998906,PDN15
35.0933,85.134,0.0998993,PDN15
35.095,85.125,0.0999093,PDN15
35.0967,85.117,0.0999143,PDN15
35.0983,85.108,0.0999133,PDN15
35.1,85.101,0.0999099,PDN15
35.1017,85.092,0.0999062,PDN15
35.1033,85.084,0.0998981,PDN15
35.105,85.076,0.0998886,PDN15
35.1067,85.068,0.0998748,PDN15
35.1083,85.059,0.0998657,PDN15
35.11,85.052,0.0998591,PDN15
35.1117,85.043,0.0998573,PDN15
35.1133,85.034,0.0998574,PDN15
35.115,85.025,0.0998531,PDN15
35.1167,85.017,0.0998468,PDN15
35.1183,85.009,0.0998409,PDN15
35.12,85,0.0998373,PDN15
35.1217,84.992,0.0998358,PDN15
35.1233,84.985,0.0998356,PDN15
35.125,84.975,0.0998341,PDN15
35.1267,84.967,0.0998361,PDN15
35.1283,84.959,0.0998402,PDN15
35.13,84.951,0.0998478,PDN15
35.1317,84.943,0.0998549,PDN15
35.1333,84.934,0.0998575,PDN15
35.135,84.925,0.0998596,PDN15
35.1367,84.917,0.0998642,PDN15
35.1383,84.909,0.0998722,PDN15
35.14,84.9,0.0998805,PDN15
35.1417,84.892,0.0998877,PDN15
35.1433,84.884,0.0998945,PDN15
35.145,84.876,0.0998997,PDN15
35.1467,84.867,0.0999041,PDN15
35.1483,84.86,0.0999069,PDN15
35.15,84.85,0.0999077,PDN15
35.1517,84.842,0.0999091,PDN15
35.1533,84.834,0.0999106,PDN15
35.155,84.826,0.0999162,PDN15
35.1567,84.817,0.099923,PDN15
35.1583,84.809,0.099933,PDN15
35.16,84.801,0.0999416,PDN15
35.1617,84.793,0.0999524,PDN15
35.1633,84.784,0.0999604,PDN15
35.165,84.774,0.0999683,PDN15
35.1667,84.767,0.0999757,PDN15
35.1683,84.758,0.0999788,PDN15
35.17,84.751,0.0999792,PDN15
35.1717,84.742,0.0999782,PDN15
35.1733,84.734,0.0999834,PDN15
35.175,84.726,0.0999866,PDN15
35.1767,84.718,0.0999929,PDN15
35.1783,84.709,0.100001,PDN15
35.18,84.701,0.100011,PDN15
35.1817,84.692,0.100022,PDN15
35.1833,84.685,0.100033,PDN15
35.185,84.676,0.100042,PDN15
35.1867,84.667,0.100049,PDN15
35.1883,84.66,0.100051,PDN15
35.19,84.65,0.100054,PDN15
35.1917,84.643,0.100058,PDN15
35.1933,84.635,0.10006,PDN15
35.195,84.626,0.100057,PDN15
35.1967,84.617,0.100055,PDN15
35.1983,84.609,0.100056,PDN15
35.2,84.602,0.10006,PDN15
35.2017,84.593,0.100066,PDN15
35.2033,84.584,0.100071,PDN15
35.205,84.576,0.100071,PDN15
35.2067,84.567,0.100071,PDN15
35.2083,84.559,0.100071,PDN15
35.21,84.551,0.100074,PDN15
35.2117,84.543,0.100075,PDN15
35.2133,84.533,0.100073,PDN15
35.215,84.526,0.100066,PDN15
35.2167,84.518,0.100057,PDN15
35.2183,84.51,0.100048,PDN15
35.22,84.5,0.100039,PDN15
35.2217,84.493,0.100039,PDN15
35.2233,84.484,0.100037,PDN15
35.225,84.476,0.100038,PDN15
35.2267,84.468,0.100042,PDN15
35.2283,84.459,0.100043,PDN15
35.23,84.452,0.100043,PDN15
35.2317,84.442,0.100043,PDN15
35.2333,84.434,0.100045,PDN15
35.235,84.426,0.100042,PDN15
35.2367,84.417,0.100038,PDN15
35.2383,84.41,0.100034,PDN15
35.24,84.4,0.100034,PDN15
35.2417,84.393,0.100034,PDN15
35.2433,84.384,0.100037,PDN15
35.245,84.375,0.10004,PDN15
35.2467,84.368,0.100043,PDN15
35.2483,84.359,0.100046,PDN15
35.25,84.351,0.100049,PDN15
35.2517,84.342,0.100052,PDN15
35.2533,84.335,0.100051,PDN15
35.255,84.326,0.100051,PDN15
35.2567,84.318,0.100049,PDN15
35.2583,84.31,0.100046,PDN15
35.26,84.301,0.100042,PDN15
35.2617,84.293,0.10004,PDN15
35.2633,84.285,0.100035,PDN15
35.265,84.276,0.10003,PDN15
35.2667,84.268,0.100028,PDN15
35.2683,84.259,0.100028,PDN15
35.27,84.251,0.100029,PDN15
35.2717,84.243,0.100031,PDN15
35.2733,84.234,0.100037,PDN15
35.275,84.225,0.100042,PDN15
35.2767,84.217,0.100048,PDN15
35.2783,84.21,0.10005,PDN15
35.28,84.201,0.100053,PDN15
35.2817,84.193,0.100049,PDN15
35.2833,84.185,0.100047,PDN15
35.285,84.176,0.100048,PDN15
35.2867,84.167,0.100047,PDN15
35.2883,84.159,0.100045,PDN15
35.29,84.152,0.100048,PDN15
35.2917,84.143,0.100056,PDN15
35.2933,84.134,0.100066,PDN15
35.295,84.126,0.100075,PDN15
35.2967,84.118,0.100084,PDN15
35.2983,84.109,0.100095,PDN15
35.3,84.101,0.100097,PDN15
35.3017,84.093,0.100101,PDN15
35.3033,84.084,0.1001,PDN15
35.305,84.077,0.100094,PDN15
35.3067,84.068,0.100087,PDN15
35.3083,84.059,0.100079,PDN15
35.31,84.051,0.100078,PDN15
35.3117,84.042,0.10008,PDN15
35.3133,84.034,0.10008,PDN15
35.315,84.026,0.100082,PDN15
35.3167,84.018,0.10009,PDN15
35.3183,84.009,0.100095,PDN15
35.32,84.001,0.100098,PDN15
35.3217,83.993,0.100099,PDN15
35.3233,83.984,0.100095,PDN15
35.325,83.976,0.100089,PDN15
35.3267,83.968,0.100083,PDN15
35.3283,83.96,0.100081,PDN15
35.33,83.951,0.100078,PDN15
35.3317,83.942,0.10007,PDN15
35.3333,83.935,0.100061,PDN15
35.335,83.926,0.100057,PDN15
35.3367,83.918,0.100053,PDN15
35.3383,83.909,0.100054,PDN15
35.34,83.902,0.100056,PDN15
35.3417,83.894,0.10006,PDN15
35.3433,83.884,0.100064,PDN15
35.345,83.876,0.100074,PDN15
35.3467,83.868,0.100094,PDN15
35.3483,83.86,0.100124,PDN15
35.35,83.851,0.100138,PDN15
35.3517,83.843,0.100151,PDN15
35.3533,83.835,0.100159,PDN15
35.355,83.827,0.100163,PDN15
35.3567,83.818,0.100169,PDN15
35.3583,83.81,0.100175,PDN15
35.36,83.802,0.10018,PDN15
35.3617,83.793,0.100181,PDN15
35.3633,83.785,0.100181,PDN15
35.365,83.776,0.100183,PDN15
35.3667,83.768,0.100185,PDN15
35.3683,83.76,0.100189,PDN15
35.37,83.751,0.100192,PDN15
35.3717,83.743,0.100194,PDN15
35.3733,83.735,0.100197,PDN15
35.375,83.726,0.100199,PDN15
35.3767,83.718,0.100198,PDN15
35.3783,83.711,0.100194,PDN15
35.38,83.701,0.100189,PDN15
35.3817,83.693,0.10018,PDN15
35.3833,83.685,0.100173,PDN15
35.385,83.677,0.100163,PDN15
35.3867,83.668,0.100153,PDN15
35.3883,83.66,0.100142,PDN15
35.39,83.652,0.100138,PDN15
35.3917,83.643,0.100137,PDN15
35.3933,83.635,0.100142,PDN15
35.395,83.627,0.10015,PDN15
35.3967,83.619,0.10016,PDN15
35.3983,83.61,0.100169,PDN15
35.4,83.6,0.100178,PDN15
35.4017,83.594,0.100187,PDN15
35.4033,83.584,0.100192,PDN15
35.405,83.577,0.100194,PDN15
35.4067,83.568,0.100195,PDN15
35.4083,83.561,0.100192,PDN15
35.41,83.551,0.100189,PDN15
35.4117,83.543,0.100188,PDN15
35.4133,83.535,0.100191,PDN15
35.415,83.527,0.100193,PDN15
35.4167,83.518,0.100195,PDN15
35.4183,83.509,0.100198,PDN15
35.42,83.501,0.100199,PDN15
35.4217,83.493,0.100196,PDN15
35.4233,83.485,0.100191,PDN15
35.425,83.477,0.100187,PDN15
35.4267,83.468,0.100179,PDN15
35.4283,83.46,0.10017,PDN15
35.43,83.451,0.100163,PDN15
35.4317,83.443,0.100161,PDN15
35.4333,83.433,0.100161,PDN15
35.435,83.427,0.100166,PDN15
35.4367,83.418,0.100171,PDN15
35.4383,83.409,0.100177,PDN15
35.44,83.401,0.100178,PDN15
35.4417,83.393,0.100181,PDN15
35.4433,83.384,0.100184,PDN15
35.445,83.377,0.100188,PDN15
35.4467,83.367,0.10019,PDN15
35.4483,83.359,0.100193,PDN15
35.45,83.351,0.100197,PDN15
35.4517,83.342,0.100204,PDN15
35.4533,83.334,0.100214,PDN15
35.455,83.325,0.100223,PDN15
35.4567,83.318,0.100235,PDN15
35.4583,83.31,0.10024,PDN15
35.46,83.301,0.10025,PDN15
35.4617,83.294,0.100261,PDN15
35.4633,83.285,0.100272,PDN15
35.465,83.276,0.100285,PDN15
35.4667,83.268,0.100293,PDN15
35.4683,83.259,0.100297,PDN15
35.47,83.252,0.100297,PDN15
35.4717,83.243,0.100304,PDN15
35.4733,83.234,0.100311,PDN15
35.475,83.227,0.100317,PDN15
35.4767,83.218,0.10032,PDN15
35.4783,83.21,0.100321,PDN15
35.48,83.201,0.100328,PDN15
35.4817,83.194,0.100335,PDN15
35.4833,83.185,0.100346,PDN15
35.485,83.176,0.100357,PDN15
35.4867,83.168,0.100361,PDN15
35.4883,83.161,0.100357,PDN15
35.49,83.152,0.100355,PDN15
35.4917,83.144,0.100353,PDN15
35.4933,83.134,0.100346,PDN15
35.495,83.127,0.100339,PDN15
35.4967,83.119,0.10033,PDN15
35.4983,83.11,0.100323,PDN15
35.5,83.102,0.10032,PDN15
35.5017,83.094,0.100322,PDN15
35.5033,83.085,0.100325,PDN15
35.505,83.077,0.100329,PDN15
35.5067,83.069,0.100335,PDN15
35.5083,83.061,0.100343,PDN15
35.51,83.053,0.100354,PDN15
35.5117,83.044,0.100363,PDN15
35.5133,83.034,0.100371,PDN15
35.515,83.027,0.100378,PDN15
35.5167,83.019,0.100389,PDN15
35.5183,83.011,0.100399,PDN15
35.52,83.002,0.100412,PDN15
35.5217,82.994,0.100422,PDN15
35.5233,82.986,0.100426,PDN15
35.525,82.977,0.100426,PDN15
35.5267,82.969,0.100428,PDN15
35.5283,82.961,0.10043,PDN15
35.53,82.952,0.10043,PDN15
35.5317,82.944,0.100429,PDN15
35.5333,82.935,0.100429,PDN15
35.535,82.927,0.100432,PDN15
35.5367,82.919,0.100436,PDN15
35.5383,82.911,0.100439,PDN15
35.54,82.902,0.100443,PDN15
35.5417,82.894,0.100442,PDN15
35.5433,82.886,0.100437,PDN15
35.545,82.878,0.100434,PDN15
35.5467,82.869,0.100432,PDN15
35.5483,82.861,0.100432,PDN15
35.55,82.853,0.100433,PDN15
35.5517,82.844,0.100435,PDN15
35.5533,82.836,0.10044,PDN15
35.555,82.827,0.100452,PDN15
35.5567,82.819,0.100464,PDN15
35.5583,82.811,0.100476,PDN15
35.56,82.802,0.100485,PDN15
35.5617,82.794,0.100488,PDN15
35.5633,82.785,0.100491,PDN15
35.565,82.777,0.100491,PDN15
35.5667,82.769,0.100491,PDN15
35.5683,82.761,0.100494,PDN15
35.57,82.753,0.100499,PDN15
35.5717,82.745,0.100501,PDN15
35.5733,82.735,0.100507,PDN15
35.575,82.728,0.100514,PDN15
35.5767,82.72,0.100519,PDN15
35.5783,82.711,0.100524,PDN15
35.58,82.702,0.100531,PDN15
35.5817,82.693,0.100541,PDN15
35.5833,82.686,0.100547,PDN15
35.585,82.677,0.100558,PDN15
35.5867,82.67,0.100572,PDN15
35.5883,82.661,0.100582,PDN15
35.59,82.652,0.100589,PDN15
35.5917,82.644,0.100592,PDN15
35.5933,82.636,0.100593,PDN15
35.595,82.627,0.100594,PDN15
35.5967,82.62,0.100592,PDN15
35.5983,82.611,0.100593,PDN15
35.6,82.602,0.100594,PDN15
35.6017,82.595,0.100592,PDN15
35.6033,82.586,0.100592,PDN15
35.605,82.578,0.100594,PDN15
35.6067,82.569,0.100592,PDN15
35.6083,82.561,0.100591,PDN15
35.61,82.553,0.100587,PDN15
35.6117,82.544,0.100578,PDN15
35.6133,82.536,0.100574,PDN15
35.615,82.529,0.100569,PDN15
35.6167,82.52,0.100563,PDN15
35.6183,82.512,0.100559,PDN15
35.62,82.503,0.100557,PDN15
35.6217,82.494,0.100557,PDN15
35.6233,82.485,0.100558,PDN15
35.625,82.477,0.100565,PDN15
35.6267,82.469,0.100576,PDN15
35.6283,82.46,0.100586,PDN15
35.63,82.453,0.100593,PDN15
35.6317,82.445,0.100597,PDN15
35.6333,82.436,0.100598,PDN15
35.635,82.428,0.100595,PDN15
35.6367,82.42,0.100589,PDN15
35.6383,82.412,0.100588,PDN15
35.64,82.403,0.100588,PDN15
35.6417,82.395,0.100587,PDN15
35.6433,82.387,0.100592,PDN15
35.645,82.378,0.100597,PDN15
35.6467,82.37,0.1006,PDN15
35.6483,82.361,0.100606,PDN15
35.65,82.353,0.100614,PDN15
35.6517,82.345,0.10062,PDN15
35.6533,82.335,0.100622,PDN15
35.655,82.328,0.100617,PDN15
35.6567,82.319,0.100611,PDN15
35.6583,82.312,0.100607,PDN15
35.66,82.302,0.100603,PDN15
35.6617,82.296,0.100604,PDN15
35.6633,82.287,0.100612,PDN15
35.665,82.278,0.100617,PDN15
35.6667,82.269,0.100625,PDN15
35.6683,82.262,0.100632,PDN15
35.67,82.254,0.100642,PDN15
35.6717,82.244,0.100654,PDN15
35.6733,82.237,0.100665,PDN15
35.675,82.228,0.100667,PDN15
35.6767,82.221,0.100669,PDN15
35.6783,82.212,0.100667,PDN15
35.68,82.203,0.100664,PDN15
35.6817,82.195,0.100665,PDN15
35.6833,82.186,0.100664,PDN15
35.685,82.178,0.100665,PDN15
35.6867,82.171,0.100668,PDN15
35.6883,82.163,0.100668,PDN15
35.69,82.154,0.10067,PDN15
35.6917,82.145,0.100672,PDN15
35.6933,82.137,0.100674,PDN15
35.695,82.129,0.100676,PDN15
35.6967,82.12,0.100681,PDN15
35.6983,82.113,0.100683,PDN15
35.7,82.104,0.100686,PDN15
35.7017,82.095,0.100685,PDN15
35.7033,82.086,0.100687,PDN15
35.705,82.079,0.100689,PDN15
35.7067,82.07,0.100687,PDN15
35.7083,82.062,0.100684,PDN15
35.71,82.053,0.100681,PDN15
35.7117,82.045,0.10068,PDN15
35.7133,82.036,0.100683,PDN15
35.715,82.028,0.100687,PDN15
35.7167,82.021,0.10069,PDN15
35.7183,82.013,0.10069,PDN15
35.72,82.004,0.100691,PDN15
35.7217,81.995,0.100695,PDN15
35.7233,81.986,0.100697,PDN15
35.725,81.979,0.1007,PDN15
35.7267,81.97,0.100699,PDN15
35.7283,81.961,0.100696,PDN15
35.73,81.954,0.100692,PDN15
35.7317,81.944,0.100693,PDN15
35.7333,81.937,0.100696,PDN15
35.735,81.929,0.100699,PDN15
35.7367,81.921,0.100698,PDN15
35.7383,81.911,0.100695,PDN15
35.74,81.903,0.100693,PDN15
35.7417,81.895,0.100694,PDN15
35.7433,81.886,0.100696,PDN15
35.745,81.878,0.100699,PDN15
35.7467,81.87,0.1007,PDN15
35.7483,81.862,0.100701,PDN15
35.75,81.853,0.100704,PDN15
35.7517,81.846,0.100707,PDN15
35.7533,81.836,0.100706,PDN15
35.755,81.828,0.100702,PDN15
35.7567,81.82,0.100698,PDN15
35.7583,81.813,0.100692,PDN15
35.76,81.803,0.100686,PDN15
35.7617,81.795,0.100682,PDN15
35.7633,81.788,0.100676,PDN15
35.765,81.779,0.10067,PDN15
35.7667,81.771,0.100667,PDN15
35.7683,81.761,0.100668,PDN15
35.77,81.754,0.100673,PDN15
35.7717,81.745,0.100678,PDN15
35.7733,81.736,0.100682,PDN15
35.775,81.729,0.100682,PDN15
35.7767,81.72,0.100682,PDN15
35.7783,81.712,0.100683,PDN15
35.78,81.704,0.100685,PDN15
35.7817,81.696,0.100685,PDN15
35.7833,81.687,0.100683,PDN15
35.785,81.679,0.10068,PDN15
35.7867,81.67,0.100681,PDN15
35.7883,81.662,0.100685,PDN15
35.79,81.654,0.100686,PDN15
35.7917,81.646,0.100684,PDN15
35.7933,81.638,0.100684,PDN15
35.795,81.629,0.100684,PDN15
35.7967,81.621,0.100689,PDN15
35.7983,81.612,0.100699,PDN15
35.8,81.603,0.100708,PDN15
35.8017,81.595,0.100722,PDN15
35.8033,81.587,0.100737,PDN15
35.805,81.579,0.100752,PDN15
35.8067,81.57,0.100765,PDN15
35.8083,81.563,0.100775,PDN15
35.81,81.554,0.100778,PDN15
35.8117,81.546,0.100777,PDN15
35.8133,81.536,0.100773,PDN15
35.815,81.528,0.10077,PDN15
35.8167,81.521,0.100765,PDN15
35.8183,81.512,0.100758,PDN15
35.82,81.503,0.10075,PDN15
35.8217,81.496,0.100743,PDN15
35.8233,81.487,0.100734,PDN15
35.825,81.479,0.100715,PDN15
35.8267,81.471,0.100699,PDN15
35.8283,81.462,0.10069,PDN15
35.83,81.455,0.100686,PDN15
35.8317,81.445,0.100685,PDN15
35.8333,81.437,0.100688,PDN15
35.835,81.429,0.100695,PDN15
35.8367,81.421,0.100709,PDN15
35.8383,81.413,0.100717,PDN15
35.84,81.404,0.100725,PDN15
35.8417,81.395,0.10073,PDN15
35.8433,81.387,0.100728,PDN15
35.845,81.379,0.100727,PDN15
35.8467,81.37,0.100727,PDN15
35.8483,81.363,0.10073,PDN15
35.85,81.354,0.100731,PDN15
35.8517,81.345,0.100734,PDN15
35.8533,81.337,0.100735,PDN15
35.855,81.328,0.10074,PDN15
35.8567,81.321,0.100742,PDN15
35.8583,81.312,0.100744,PDN15
35.86,81.304,0.100747,PDN15
35.8617,81.296,0.100751,PDN15
35.8633,81.288,0.100756,PDN15
35.865,81.279,0.100765,PDN15
35.8667,81.27,0.10077,PDN15
35.8683,81.261,0.100779,PDN15
35.87,81.254,0.100789,PDN15
35.8717,81.246,0.100798,PDN15
35.8733,81.237,0.100806,PDN15
35.875,81.229,0.100813,PDN15
35.8767,81.221,0.10082,PDN15
35.8783,81.211,0.100822,PDN15
35.88,81.203,0.100823,PDN15
35.8817,81.195,0.100825,PDN15
35.8833,81.187,0.100828,PDN15
35.885,81.179,0.10083,PDN15
35.8867,81.17,0.100835,PDN15
35.8883,81.162,0.100841,PDN15
35.89,81.154,0.100849,PDN15
35.8917,81.145,0.100859,PDN15
35.8933,81.138,0.100865,PDN15
35.895,81.129,0.100873,PDN15
35.8967,81.12,0.100879,PDN15
35.8983,81.112,0.100885,PDN15
35.9,81.104,0.100889,PDN15
35.9017,81.096,0.100888,PDN15
35.9033,81.087,0.100887,PDN15
35.905,81.078,0.100887,PDN15
35.9067,81.07,0.100884,PDN15
35.9083,81.062,0.100884,PDN15
35.91,81.054,0.100882,PDN15
35.9117,81.046,0.100877,PDN15
35.9133,81.037,0.100873,PDN15
35.915,81.029,0.100874,PDN15
35.9167,81.02,0.10088,PDN15
35.9183,81.013,0.100888,PDN15
35.92,81.004,0.100894,PDN15
35.9217,80.995,0.100899,PDN15
35.9233,80.987,0.100905,PDN15
35.925,80.979,0.100909,PDN15
35.9267,80.971,0.100911,PDN15
35.9283,80.962,0.100912,PDN15
35.93,80.954,0.100912,PDN15
35.9317,80.945,0.100914,PDN15
35.9333,80.937,0.100918,PDN15
35.935,80.929,0.100922,PDN15
35.9367,80.92,0.10093,PDN15
35.9383,80.912,0.100942,PDN15
35.94,80.904,0.100953,PDN15
35.9417,80.896,0.100963,PDN15
35.9433,80.887,0.100969,PDN15
35.945,80.879,0.100969,PDN15
35.9467,80.87,0.10097,PDN15
35.9483,80.862,0.100972,PDN15
35.95,80.854,0.100976,PDN15
35.9517,80.846,0.100982,PDN15
35.9533,80.837,0.100984,PDN15
35.955,80.828,0.100983,PDN15
35.9567,80.82,0.100981,PDN15
35.9583,80.812,0.100982,PDN15
35.96,80.804,0.100983,PDN15
35.9617,80.796,0.100984,PDN15
35.9633,80.787,0.100981,PDN15
35.965,80.778,0.100973,PDN15
35.9667,80.771,0.100968,PDN15
35.9683,80.762,0.100968,PDN15
35.97,80.754,0.100972,PDN15
35.9717,80.746,0.100978,PDN15
35.9733,80.738,0.100982,PDN15
35.975,80.729,0.100982,PDN15
35.9767,80.72,0.100985,PDN15
35.9783,80.713,0.100986,PDN15
35.98,80.704,0.100987,PDN15
35.9817,80.696,0.100984,PDN15
35.9833,80.687,0.10098,PDN15
35.985,80.679,0.100978,PDN15
35.9867,80.671,0.100974,PDN15
35.9883,80.662,0.100972,PDN15
35.99,80.654,0.100974,PDN15
35.9917,80.645,0.10098,PDN15
35.9933,80.637,0.100986,PDN15
35.995,80.63,0.10099,PDN15
35.9967,80.621,0.100994,PDN15
35.9983,80.614,0.100992,PDN15
36,80.605,0.10099,PDN15
36.0017,80.597,0.100989,PDN15
36.0033,80.587,0.100986,PDN15
36.005,80.578,0.100984,PDN15
36.0067,80.571,0.100985,PDN15
36.0083,80.562,0.100987,PDN15
36.01,80.553,0.100994,PDN15
36.0117,80.546,0.101004,PDN15
36.0133,80.538,0.101017,PDN15
36.015,80.529,0.101032,PDN15
36.0167,80.522,0.101041,PDN15
36.0183,80.513,0.101054,PDN15
36.02,80.504,0.10106,PDN15
36.0217,80.495,0.10106,PDN15
36.0233,80.487,0.101058,PDN15
36.025,80.479,0.101053,PDN15
36.0267,80.471,0.101049,PDN15
36.0283,80.464,0.101045,PDN15
36.03,80.455,0.101042,PDN15
36.0317,80.445,0.10104,PDN15
36.0333,80.437,0.101038,PDN15
36.035,80.43,0.101037,PDN15
36.0367,80.421,0.101042,PDN15
36.0383,80.412,0.101045,PDN15
36.04,80.404,0.101051,PDN15
36.0417,80.395,0.101056,PDN15
36.0433,80.387,0.101061,PDN15
36.045,80.379,0.101065,PDN15
36.0467,80.371,0.101063,PDN15
36.0483,80.362,0.10106,PDN15
36.05,80.353,0.101058,PDN15
36.0517,80.347,0.101052,PDN15
36.0533,80.338,0.101045,PDN15
36.055,80.329,0.101043,PDN15
36.0567,80.321,0.101041,PDN15
36.0583,80.313,0.101042,PDN15
36.06,80.304,0.101045,PDN15
36.0617,80.297,0.10105,PDN15
36.0633,80.288,0.101062,PDN15
36.065,80.279,0.101075,PDN15
36.0667,80.272,0.101085,PDN15
36.0683,80.263,0.101094,PDN15
36.07,80.255,0.101099,PDN15
36.0717,80.246,0.101105,PDN15
36.0733,80.238,0.101114,PDN15
36.075,80.23,0.10112,PDN15
36.0767,80.221,0.101128,PDN15
36.0783,80.213,0.10113,PDN15
36.08,80.204,0.101135,PDN15
36.0817,80.197,0.101142,PDN15
36.0833,80.188,0.10115,PDN15
36.085,80.18,0.10116,PDN15
36.0867,80.171,0.101172,PDN15
36.0883,80.163,0.101183,PDN15
36.09,80.155,0.101189,PDN15
36.0917,80.146,0.101195,PDN15
36.0933,80.137,0.101199,PDN15
36.095,80.13,0.101202,PDN15
36.0967,80.122,0.101199,PDN15
36.0983,80.113,0.101181,PDN15
36.1,80.105,0.101149,PDN15
36.1017,80.095,0.101054,PDN15
36.1033,80.088,0.100972,PDN15
36.105,80.078,0.100938,PDN15
36.1067,80.071,0.100915,PDN15
36.1083,80.063,0.100905,PDN15
36.11,80.054,0.100898,PDN15
36.1117,80.046,0.100895,PDN15
36.1133,80.038,0.1009,PDN15
36.115,80.029,0.10093,PDN15
36.1167,80.021,0.10096,PDN15
36.1183,80.012,0.100972,PDN15
36.12,80.004,0.100979,PDN15
36.1217,79.996,0.100981,PDN15
36.1233,79.987,0.100983,PDN15
36.125,79.98,0.100979,PDN15
36.1267,79.971,0.10097,PDN15
36.1283,79.963,0.100961,PDN15
36.13,79.954,0.100952,PDN15
36.1317,79.946,0.100946,PDN15
36.1333,79.939,0.100945,PDN15
36.135,79.929,0.10095,PDN15
36.1367,79.922,0.100951,PDN15
36.1383,79.913,0.100957,PDN15
36.14,79.906,0.100963,PDN15
36.1417,79.896,0.100971,PDN15
36.1433,79.888,0.100975,PDN15
36.145,79.88,0.100977,PDN15
36.1467,79.871,0.100979,PDN15
36.1483,79.863,0.100977,PDN15
36.15,79.854,0.100974,PDN15
36.1517,79.846,0.100971,PDN15
36.1533,79.837,0.10097,PDN15
36.155,79.83,0.10097,PDN15
36.1567,79.82,0.100975,PDN15
36.1583,79.812,0.100982,PDN15
36.16,79.805,0.100988,PDN15
36.1617,79.797,0.100994,PDN15
36.1633,79.788,0.101001,PDN15
36.165,79.78,0.101003,PDN15
36.1667,79.771,0.101002,PDN15
36.1683,79.763,0.100997,PDN15
36.17,79.754,0.100992,PDN15
36.1717,79.746,0.100984,PDN15
36.1733,79.739,0.100976,PDN15
36.175,79.729,0.100968,PDN15
36.1767,79.722,0.100961,PDN15
36.1783,79.713,0.10096,PDN15
36.18,79.705,0.100962,PDN15
36.1817,79.697,0.100966,PDN15
36.1833,79.687,0.100966,PDN15
36.185,79.679,0.100968,PDN15
36.1867,79.673,0.100973,PDN15
36.1883,79.664,0.100979,PDN15
36.19,79.654,0.100985,PDN15
36.1917,79.646,0.100985,PDN15
36.1933,79.639,0.100981,PDN15
36.195,79.63,0.10098,PDN15
36.1967,79.621,0.100977,PDN15
36.1983,79.614,0.100978,PDN15
36.2,79.605,0.100977,PDN15
36.2017,79.596,0.100975,PDN15
36.2033,79.588,0.100975,PDN15
36.205,79.58,0.100978,PDN15
36.2067,79.571,0.100977,PDN15
36.2083,79.563,0.100978,PDN15
36.21,79.555,0.100978,PDN15
36.2117,79.546,0.100975,PDN15
36.2133,79.538,0.100975,PDN15
36.215,79.53,0.100975,PDN15
36.2167,79.521,0.100979,PDN15
36.2183,79.513,0.100987,PDN15
36.22,79.505,0.100998,PDN15
36.2217,79.496,0.101007,PDN15
36.2233,79.488,0.101013,PDN15
36.225,79.48,0.101014,PDN15
36.2267,79.47,0.101014,PDN15
36.2283,79.462,0.101014,PDN15
36.23,79.455,0.101012,PDN15
36.2317,79.446,0.101012,PDN15
36.2333,79.439,0.101011,PDN15
36.235,79.43,0.101012,PDN15
36.2367,79.422,0.101014,PDN15
36.2383,79.412,0.101019,PDN15
36.24,79.405,0.101024,PDN15
36.2417,79.397,0.101025,PDN15
36.2433,79.388,0.101025,PDN15
36.245,79.38,0.101021,PDN15
36.2467,79.371,0.101018,PDN15
36.2483,79.363,0.101015,PDN15
36.25,79.355,0.101012,PDN15
36.2517,79.345,0.101011,PDN15
36.2533,79.337,0.101011,PDN15
36.255,79.331,0.101011,PDN15
36.2567,79.322,0.101013,PDN15
36.2583,79.313,0.101019,PDN15
36.26,79.304,0.101028,PDN15
36.2617,79.297,0.10104,PDN15
36.2633,79.288,0.101046,PDN15
36.265,79.28,0.101049,PDN15
36.2667,79.272,0.10105,PDN15
36.2683,79.264,0.101054,PDN15
36.27,79.255,0.101057,PDN15
36.2717,79.247,0.101058,PDN15
36.2733,79.239,0.101062,PDN15
36.275,79.23,0.101064,PDN15
36.2767,79.222,0.10106,PDN15
36.2783,79.213,0.101057,PDN15
36.28,79.205,0.101056,PDN15
36.2817,79.196,0.101053,PDN15
36.2833,79.188,0.101052,PDN15
36.285,79.181,0.101055,PDN15
36.2867,79.172,0.101061,PDN15
36.2883,79.163,0.101068,PDN15
36.29,79.155,0.101076,PDN15
36.2917,79.147,0.101084,PDN15
36.2933,79.138,0.10109,PDN15
36.295,79.13,0.101095,PDN15
36.2967,79.122,0.101094,PDN15
36.2983,79.113,0.101092,PDN15
36.3,79.105,0.101085,PDN15
36.3017,79.097,0.101078,PDN15
36.3033,79.089,0.101077,PDN15
36.305,79.08,0.101078,PDN15
36.3067,79.072,0.101083,PDN15
36.3083,79.063,0.101086,PDN15
36.31,79.055,0.101086,PDN15
36.3117,79.047,0.101084,PDN15
36.3133,79.039,0.101082,PDN15
36.315,79.03,0.101077,PDN15
36.3167,79.021,0.101073,PDN15
36.3183,79.014,0.101071,PDN15
36.32,79.005,0.101068,PDN15
36.3217,78.996,0.101067,PDN15
36.3233,78.988,0.10107,PDN15
36.325,78.981,0.101079,PDN15
36.3267,78.972,0.101091,PDN15
36.3283,78.964,0.1011,PDN15
36.33,78.955,0.101108,PDN15
36.3317,78.947,0.101113,PDN15
36.3333,78.939,0.101112,PDN15
36.335,78.931,0.101108,PDN15
36.3367,78.922,0.101105,PDN15
36.3383,78.913,0.101099,PDN15
36.34,78.906,0.101093,PDN15
36.3417,78.896,0.101088,PDN15
36.3433,78.888,0.101088,PDN15
36.345,78.879,0.101093,PDN15
36.3467,78.871,0.1011,PDN15
36.3483,78.863,0.10111,PDN15
36.35,78.855,0.101124,PDN15
36.3517,78.847,0.101134,PDN15
36.3533,78.838,0.101147,PDN15
36.355,78.83,0.101159,PDN15
36.3567,78.821,0.10117,PDN15
36.3583,78.813,0.101175,PDN15
36.36,78.805,0.101174,PDN15
36.3617,78.797,0.101169,PDN15
36.3633,78.789,0.101163,PDN15
36.365,78.781,0.101156,PDN15
36.3667,78.772,0.101151,PDN15
36.3683,78.764,0.101145,PDN15
36.37,78.755,0.101139,PDN15
36.3717,78.747,0.101136,PDN15
36.3733,78.738,0.101134,PDN15
36.375,78.73,0.101135,PDN15
36.3767,78.721,0.101138,PDN15
36.3783,78.714,0.101142,PDN15
36.38,78.704,0.101142,PDN15
36.3817,78.698,0.10114,PDN15
36.3833,78.689,0.101134,PDN15
36.385,78.68,0.101129,PDN15
36.3867,78.673,0.101126,PDN15
36.3883,78.664,0.101125,PDN15
36.39,78.655,0.101124,PDN15
36.3917,78.647,0.101128,PDN15
36.3933,78.639,0.101139,PDN15
36.395,78.631,0.101153,PDN15
36.3967,78.623,0.101162,PDN15
36.3983,78.613,0.101167,PDN15
36.4,78.605,0.101168,PDN15
36.4017,78.597,0.101168,PDN15
36.4033,78.589,0.101163,PDN15
36.405,78.581,0.101153,PDN15
36.4067,78.572,0.101144,PDN15
36.4083,78.564,0.101138,PDN15
36.41,78.555,0.101135,PDN15
36.4117,78.547,0.101135,PDN15
36.4133,78.539,0.101142,PDN15
36.415,78.531,0.101151,PDN15
36.4167,78.522,0.101157,PDN15
36.4183,78.513,0.101163,PDN15
36.42,78.506,0.101169,PDN15
36.4217,78.498,0.101171,PDN15
36.4233,78.489,0.101171,PDN15
36.425,78.481,0.101172,PDN15
36.4267,78.473,0.101172,PDN15
36.4283,78.464,0.101173,PDN15
36.43,78.456,0.10117,PDN15
36.4317,78.447,0.101171,PDN15
36.4333,78.438,0.101176,PDN15
36.435,78.431,0.101181,PDN15
36.4367,78.422,0.101188,PDN15
36.4383,78.414,0.101197,PDN15
36.44,78.406,0.101209,PDN15
36.4417,78.398,0.101222,PDN15
36.4433,78.389,0.101231,PDN15
36.445,78.381,0.101235,PDN15
36.4467,78.372,0.10124,PDN15
36.4483,78.365,0.101243,PDN15
36.45,78.356,0.101246,PDN15
36.4517,78.348,0.101246,PDN15
36.4533,78.339,0.101244,PDN15
36.455,78.331,0.101238,PDN15
36.4567,78.322,0.101232,PDN15
36.4583,78.314,0.101231,PDN15
36.46,78.306,0.101231,PDN15
36.4617,78.298,0.101226,PDN15
36.4633,78.29,0.101216,PDN15
36.465,78.281,0.101211,PDN15
36.4667,78.272,0.101211,PDN15
36.4683,78.264,0.101213,PDN15
36.47,78.255,0.101213,PDN15
36.4717,78.247,0.101217,PDN15
36.4733,78.239,0.101221,PDN15
36.475,78.23,0.101228,PDN15
36.4767,78.222,0.101229,PDN15
36.4783,78.214,0.101229,PDN15
36.48,78.206,0.101226,PDN15
36.4817,78.197,0.101222,PDN15
36.4833,78.19,0.10122,PDN15
36.485,78.181,0.10122,PDN15
36.4867,78.172,0.101222,PDN15
36.4883,78.164,0.101222,PDN15
36.49,78.155,0.101222,PDN15
36.4917,78.147,0.10122,PDN15
36.4933,78.139,0.101224,PDN15
36.495,78.132,0.101224,PDN15
36.4967,78.122,0.101219,PDN15
36.4983,78.115,0.101211,PDN15
36.5,78.104,0.101206,PDN15
36.5017,78.097,0.101202,PDN15
36.5033,78.088,0.101203,PDN15
36.505,78.08,0.101205,PDN15
36.5067,78.072,0.101208,PDN15
36.5083,78.064,0.101213,PDN15
36.51,78.055,0.101217,PDN15
36.5117,78.047,0.101224,PDN15
36.5133,78.039,0.101231,PDN15
36.515,78.031,0.101237,PDN15
36.5167,78.022,0.101238,PDN15
36.5183,78.013,0.101238,PDN15
36.52,78.006,0.101238,PDN15
36.5217,77.997,0.101239,PDN15
36.5233,77.989,0.101238,PDN15
36.525,77.981,0.101241,PDN15
36.5267,77.972,0.101246,PDN15
36.5283,77.965,0.101251,PDN15
36.53,77.956,0.101251,PDN15
36.5317,77.947,0.101251,PDN15
36.5333,77.939,0.10125,PDN15
36.535,77.929,0.101244,PDN15
36.5367,77.922,0.101236,PDN15
36.5383,77.914,0.101235,PDN15
36.54,77.906,0.101232,PDN15
36.5417,77.896,0.101232,PDN15
36.5433,77.889,0.101237,PDN15
36.545,77.881,0.101246,PDN15
36.5467,77.874,0.101255,PDN15
36.5483,77.864,0.101265,PDN15
36.55,77.855,0.101272,PDN15
36.5517,77.848,0.101278,PDN15
36.5533,77.84,0.101279,PDN15
36.555,77.831,0.101276,PDN15
36.5567,77.823,0.101274,PDN15
36.5583,77.814,0.101271,PDN15
36.56,77.806,0.101273,PDN15
36.5617,77.797,0.101275,PDN15
36.5633,77.788,0.101278,PDN15
36.565,77.78,0.101279,PDN15
36.5667,77.772,0.101286,PDN15
36.5683,77.764,0.101291,PDN15
36.57,77.756,0.10129,PDN15
36.5717,77.747,0.101287,PDN15
36.5733,77.739,0.101282,PDN15
36.575,77.731,0.101278,PDN15
36.5767,77.722,0.101273,PDN15
36.5783,77.713,0.101273,PDN15
36.58,77.705,0.101277,PDN15
36.5817,77.697,0.101284,PDN15
36.5833,77.69,0.101292,PDN15
36.585,77.68,0.1013,PDN15
36.5867,77.672,0.101304,PDN15
36.5883,77.665,0.101306,PDN15
36.59,77.655,0.101308,PDN15
36.5917,77.647,0.101306,PDN15
36.5933,77.638,0.101302,PDN15
36.595,77.631,0.101297,PDN15
36.5967,77.622,0.101292,PDN15
36.5983,77.614,0.101289,PDN15
36.6,77.606,0.101291,PDN15
36.6017,77.597,0.101296,PDN15
36.6033,77.589,0.101297,PDN15
36.605,77.58,0.101296,PDN15
36.6067,77.572,0.101293,PDN15
36.6083,77.565,0.101288,PDN15
36.61,77.556,0.101282,PDN15
36.6117,77.547,0.101273,PDN15
36.6133,77.537,0.101267,PDN15
36.615,77.531,0.10126,PDN15
36.6167,77.523,0.101253,PDN15
36.6183,77.514,0.10125,PDN15
36.62,77.506,0.101247,PDN15
36.6217,77.498,0.101243,PDN15
36.6233,77.488,0.101241,PDN15
36.625,77.48,0.101242,PDN15
36.6267,77.472,0.101242,PDN15
36.6283,77.464,0.101243,PDN15
36.63,77.456,0.101244,PDN15
36.6317,77.447,0.101247,PDN15
36.6333,77.439,0.101251,PDN15
36.635,77.431,0.101258,PDN15
36.6367,77.422,0.101265,PDN15
36.6383,77.414,0.101269,PDN15
36.64,77.405,0.10127,PDN15
36.6417,77.397,0.10127,PDN15
36.6433,77.389,0.101267,PDN15
36.645,77.381,0.10126,PDN15
36.6467,77.372,0.101254,PDN15
36.6483,77.364,0.101249,PDN15
36.65,77.356,0.101246,PDN15
36.6517,77.347,0.101245,PDN15
36.6533,77.339,0.101246,PDN15
36.655,77.331,0.101245,PDN15
36.6567,77.323,0.101236,PDN15
36.6583,77.315,0.101229,PDN15
36.66,77.306,0.101224,PDN15
36.6617,77.297,0.101219,PDN15
36.6633,77.289,0.101216,PDN15
36.665,77.28,0.101218,PDN15
36.6667,77.272,0.101221,PDN15
36.6683,77.264,0.101226,PDN15
36.67,77.256,0.101234,PDN15
36.6717,77.247,0.101243,PDN15
36.6733,77.239,0.101248,PDN15
36.675,77.231,0.101247,PDN15
36.6767,77.223,0.101247,PDN15
36.6783,77.213,0.101245,PDN15
36.68,77.206,0.101238,PDN15
36.6817,77.198,0.101229,PDN15
36.6833,77.189,0.101218,PDN15
36.685,77.181,0.101206,PDN15
36.6867,77.173,0.101195,PDN15
36.6883,77.164,0.101184,PDN15
36.69,77.157,0.101178,PDN15
36.6917,77.148,0.101175,PDN15
36.6933,77.139,0.101175,PDN15
36.695,77.131,0.101181,PDN15
36.6967,77.123,0.101189,PDN15
36.6983,77.115,0.101198,PDN15
36.7,77.106,0.101202,PDN15
36.7017,77.098,0.101202,PDN15
36.7033,77.089,0.101202,PDN15
36.705,77.082,0.101197,PDN15
36.7067,77.073,0.101189,PDN15
36.7083,77.064,0.101165,PDN15
36.71,77.056,0.101153,PDN15
36.7117,77.048,0.101146,PDN15
36.7133,77.04,0.101144,PDN15
36.715,77.031,0.10114,PDN15
36.7167,77.024,0.101136,PDN15
36.7183,77.015,0.101133,PDN15
36.72,77.007,0.101128,PDN15
36.7217,76.997,0.101123,PDN15
36.7233,76.99,0.101122,PDN15
36.725,76.981,0.101125,PDN15
36.7267,76.973,0.101127,PDN15
36.7283,76.964,0.101126,PDN15
36.73,76.957,0.101127,PDN15
36.7317,76.947,0.10113,PDN15
36.7333,76.94,0.101131,PDN15
36.735,76.931,0.101129,PDN15
36.7367,76.923,0.101131,PDN15
36.7383,76.915,0.10113,PDN15
36.74,76.906,0.101127,PDN15
36.7417,76.898,0.101126,PDN15
36.7433,76.89,0.101129,PDN15
36.745,76.881,0.101133,PDN15
36.7467,76.873,0.101136,PDN15
36.7483,76.864,0.10114,PDN15
36.75,76.857,0.101144,PDN15
36.7517,76.848,0.10115,PDN15
36.7533,76.84,0.101151,PDN15
36.755,76.832,0.101154,PDN15
36.7567,76.823,0.101154,PDN15
36.7583,76.814,0.101151,PDN15
36.76,76.806,0.101148,PDN15
36.7617,76.798,0.101146,PDN15
36.7633,76.789,0.101149,PDN15
36.765,76.782,0.101154,PDN15
36.7667,76.773,0.101157,PDN15
36.7683,76.765,0.101162,PDN15
36.77,76.757,0.101167,PDN15
36.7717,76.748,0.101174,PDN15
36.7733,76.74,0.101181,PDN15
36.775,76.731,0.101187,PDN15
36.7767,76.722,0.10119,PDN15
36.7783,76.714,0.10119,PDN15
36.78,76.706,0.10119,PDN15
36.7817,76.698,0.101191,PDN15
36.7833,76.69,0.101194,PDN15
36.785,76.681,0.101193,PDN15
36.7867,76.673,0.10119,PDN15
36.7883,76.665,0.101184,PDN15
36.79,76.656,0.101182,PDN15
36.7917,76.648,0.10118,PDN15
36.7933,76.64,0.101179,PDN15
36.795,76.632,0.101179,PDN15
36.7967,76.624,0.101177,PDN15
36.7983,76.615,0.101176,PDN15
36.8,76.606,0.101171,PDN15
36.8017,76.598,0.101164,PDN15
36.8033,76.591,0.101155,PDN15
36.805,76.582,0.101145,PDN15
36.8067,76.574,0.101132,PDN15
36.8083,76.565,0.101123,PDN15
36.81,76.557,0.101118,PDN15
36.8117,76.548,0.101116,PDN15
36.8133,76.539,0.101118,PDN15
36.815,76.531,0.101126,PDN15
36.8167,76.523,0.101135,PDN15
36.8183,76.515,0.101143,PDN15
36.82,76.507,0.101147,PDN15
36.8217,76.498,0.101153,PDN15
36.8233,76.489,0.10116,PDN15
36.825,76.482,0.101164,PDN15
36.8267,76.473,0.101168,PDN15
36.8283,76.465,0.101172,PDN15
36.83,76.456,0.101172,PDN15
36.8317,76.448,0.10117,PDN15
36.8333,76.44,0.101168,PDN15
36.835,76.431,0.10116,PDN15
36.8367,76.424,0.101152,PDN15
36.8383,76.415,0.101144,PDN15
36.84,76.406,0.101137,PDN15
36.8417,76.398,0.101129,PDN15
36.8433,76.389,0.101125,PDN15
36.845,76.381,0.101123,PDN15
36.8467,76.373,0.101126,PDN15
36.8483,76.365,0.101126,PDN15
36.85,76.357,0.101125,PDN15
36.8517,76.349,0.101122,PDN15
36.8533,76.339,0.101118,PDN15
36.855,76.331,0.101114,PDN15
36.8567,76.324,0.101116,PDN15
36.8583,76.315,0.101114,PDN15
36.86,76.307,0.101108,PDN15
36.8617,76.299,0.101098,PDN15
36.8633,76.291,0.101092,PDN15
36.865,76.283,0.101087,PDN15
36.8667,76.274,0.101081,PDN15
36.8683,76.264,0.101072,PDN15
36.87,76.257,0.101063,PDN15
36.8717,76.248,0.101054,PDN15
36.8733,76.24,0.101052,PDN15
36.875,76.232,0.101057,PDN15
36.8767,76.223,0.101061,PDN15
36.8783,76.217,0.101067,PDN15
36.88,76.207,0.101072,PDN15
36.8817,76.199,0.101079,PDN15
36.8833,76.191,0.101088,PDN15
36.885,76.182,0.101094,PDN15
36.8867,76.173,0.101098,PDN15
36.8883,76.165,0.1011,PDN15
36.89,76.157,0.101097,PDN15
36.8917,76.149,0.101096,PDN15
36.8933,76.14,0.101096,PDN15
36.895,76.132,0.101097,PDN15
36.8967,76.124,0.101098,PDN15
36.8983,76.116,0.101097,PDN15
36.9,76.107,0.101098,PDN15
36.9017,76.099,0.101098,PDN15
36.9033,76.089,0.101094,PDN15
36.905,76.081,0.101086,PDN15
36.9067,76.073,0.101084,PDN15
36.9083,76.064,0.101079,PDN15
36.91,76.057,0.101075,PDN15
36.9117,76.049,0.101068,PDN15
36.9133,76.039,0.101059,PDN15
36.915,76.031,0.101053,PDN15
36.9167,76.023,0.10105,PDN15
36.9183,76.014,0.10105,PDN15
36.92,76.007,0.101052,PDN15
36.9217,75.998,0.101054,PDN15
36.9233,75.989,0.10105,PDN15
36.925,75.981,0.101046,PDN15
36.9267,75.974,0.101041,PDN15
36.9283,75.965,0.101036,PDN15
36.93,75.957,0.10103,PDN15
36.9317,75.948,0.101023,PDN15
36.9333,75.94,0.101015,PDN15
36.935,75.931,0.101013,PDN15
36.9367,75.924,0.101014,PDN15
36.9383,75.915,0.101018,PDN15
36.94,75.906,0.101025,PDN15
36.9417,75.899,0.101028,PDN15
36.9433,75.89,0.101028,PDN15
36.945,75.882,0.10103,PDN15
36.9467,75.874,0.10103,PDN15
36.9483,75.865,0.101028,PDN15
36.95,75.857,0.101024,PDN15
36.9517,75.847,0.101015,PDN15
36.9533,75.84,0.101007,PDN15
36.955,75.832,0.101001,PDN15
36.9567,75.824,0.100994,PDN15
36.9583,75.815,0.100989,PDN15
36.96,75.807,0.100985,PDN15
36.9617,75.798,0.10098,PDN15
36.9633,75.79,0.100978,PDN15
36.965,75.781,0.100982,PDN15
36.9667,75.773,0.100984,PDN15
36.9683,75.765,0.100985,PDN15
36.97,75.757,0.100978,PDN15
36.9717,75.749,0.100972,PDN15
36.9733,75.739,0.100961,PDN15
36.975,75.732,0.100947,PDN15
36.9767,75.724,0.100936,PDN15
36.9783,75.716,0.100931,PDN15
36.98,75.707,0.100929,PDN15
36.9817,75.698,0.100929,PDN15
36.9833,75.691,0.100934,PDN15
36.985,75.682,0.10094,PDN15
36.9867,75.675,0.100943,PDN15
36.9883,75.666,0.100945,PDN15
36.99,75.657,0.100945,PDN15
36.9917,75.648,0.100941,PDN15
36.9933,75.641,0.100938,PDN15
36.995,75.632,0.100938,PDN15
36.9967,75.625,0.100943,PDN15
36.9983,75.616,0.10095,PDN15
37,75.608,0.10096,PDN15
37.0017,75.599,0.100974,PDN15
37.0033,75.591,0.10098,PDN15
37.005,75.583,0.100989,PDN15
37.0067,75.574,0.100998,PDN15
37.0083,75.565,0.101003,PDN15
37.01,75.558,0.101001,PDN15
37.0117,75.548,0.100997,PDN15
37.0133,75.54,0.100991,PDN15
37.015,75.533,0.100988,PDN15
37.0167,75.524,0.100982,PDN15
37.0183,75.516,0.100975,PDN15
37.02,75.507,0.100965,PDN15
37.0217,75.5,0.100955,PDN15
37.0233,75.49,0.10095,PDN15
37.025,75.483,0.100947,PDN15
37.0267,75.474,0.100942,PDN15
37.0283,75.465,0.100938,PDN15
37.03,75.457,0.100937,PDN15
37.0317,75.449,0.100938,PDN15
37.0333,75.44,0.100939,PDN15
37.035,75.432,0.100936,PDN15
37.0367,75.425,0.100928,PDN15
37.0383,75.416,0.100921,PDN15
37.04,75.407,0.100916,PDN15
37.0417,75.398,0.100911,PDN15
37.0433,75.39,0.100905,PDN15
37.045,75.382,0.100896,PDN15
37.0467,75.374,0.100889,PDN15
37.0483,75.365,0.100886,PDN15
37.05,75.357,0.100882,PDN15
37.0517,75.348,0.100874,PDN15
37.0533,75.34,0.100865,PDN15
37.055,75.332,0.100857,PDN15
37.0567,75.324,0.100851,PDN15
37.0583,75.315,0.100847,PDN15
37.06,75.307,0.100847,PDN15
37.0617,75.299,0.100854,PDN15
37.0633,75.29,0.100868,PDN15
37.065,75.282,0.100885,PDN15
37.0667,75.274,0.100906,PDN15
37.0683,75.266,0.100923,PDN15
37.07,75.257,0.100931,PDN15
37.0717,75.248,0.100934,PDN15
37.0733,75.24,0.100937,PDN15
37.075,75.232,0.100937,PDN15
37.0767,75.224,0.100933,PDN15
37.0783,75.215,0.100929,PDN15
37.08,75.206,0.100928,PDN15
37.0817,75.199,0.100928,PDN15
37.0833,75.19,0.100924,PDN15
37.085,75.182,0.100918,PDN15
37.0867,75.174,0.100911,PDN15
37.0883,75.167,0.100903,PDN15
37.09,75.157,0.100894,PDN15
37.0917,75.148,0.100887,PDN15
37.0933,75.14,0.100877,PDN15
37.095,75.132,0.100872,PDN15
37.0967,75.124,0.100868,PDN15
37.0983,75.116,0.10087,PDN15
37.1,75.107,0.100876,PDN15
37.1017,75.099,0.100888,PDN15
37.1033,75.09,0.100901,PDN15
37.105,75.082,0.100913,PDN15
37.1067,75.074,0.100922,PDN15
37.1083,75.065,0.100927,PDN15
37.11,75.057,0.100933,PDN15
37.1117,75.048,0.100935,PDN15
37.1133,75.04,0.100937,PDN15
37.115,75.032,0.100931,PDN15
37.1167,75.024,0.100925,PDN15
37.1183,75.016,0.10092,PDN15
37.12,75.007,0.100913,PDN15
37.1217,74.999,0.100906,PDN15
37.1233,74.991,0.100901,PDN15
37.125,74.982,0.100896,PDN15
37.1267,74.974,0.100895,PDN15
37.1283,74.966,0.100897,PDN15
37.13,74.957,0.100897,PDN15
37.1317,74.948,0.100899,PDN15
37.1333,74.941,0.100904,PDN15
37.135,74.933,0.10091,PDN15
37.1367,74.925,0.100919,PDN15
37.1383,74.915,0.100927,PDN15
37.14,74.908,0.100933,PDN15
37.1417,74.899,0.100937,PDN15
37.1433,74.891,0.100939,PDN15
37.145,74.883,0.10094,PDN15
37.1467,74.874,0.10094,PDN15
37.1483,74.864,0.100937,PDN15
37.15,74.857,0.100933,PDN15
37.1517,74.849,0.100933,PDN15
37.1533,74.841,0.100934,PDN15
37.155,74.832,0.100939,PDN15
37.1567,74.823,0.100943,PDN15
37.1583,74.816,0.100945,PDN15
37.16,74.807,0.100945,PDN15
37.1617,74.8,0.100944,PDN15
37.1633,74.791,0.100943,PDN15
37.165,74.783,0.100942,PDN15
37.1667,74.774,0.10094,PDN15
37.1683,74.766,0.100933,PDN15
37.17,74.758,0.100926,PDN15
37.1717,74.75,0.10092,PDN15
37.1733,74.741,0.100917,PDN15
37.175,74.732,0.100915,PDN15
37.1767,74.724,0.100913,PDN15
37.1783,74.716,0.100912,PDN15
37.18,74.707,0.100913,PDN15
37.1817,74.699,0.100916,PDN15
37.1833,74.691,0.100919,PDN15
37.185,74.682,0.10092,PDN15
37.1867,74.674,0.100913,PDN15
37.1883,74.666,0.100903,PDN15
37.19,74.657,0.100892,PDN15
37.1917,74.649,0.10088,PDN15
37.1933,74.641,0.10087,PDN15
37.195,74.633,0.100862,PDN15
37.1967,74.624,0.100856,PDN15
37.1983,74.617,0.100854,PDN15
37.2,74.608,0.100858,PDN15
37.2017,74.599,0.100861,PDN15
37.2033,74.591,0.100864,PDN15
37.205,74.582,0.100863,PDN15
37.2067,74.574,0.100865,PDN15
37.2083,74.566,0.100869,PDN15
37.21,74.557,0.100867,PDN15
37.2117,74.549,0.100864,PDN15
37.2133,74.541,0.10086,PDN15
37.215,74.533,0.100858,PDN15
37.2167,74.524,0.100851,PDN15
37.2183,74.516,0.100846,PDN15
37.22,74.507,0.100841,PDN15
37.2217,74.499,0.100833,PDN15
37.2233,74.491,0.100823,PDN15
37.225,74.483,0.100818,PDN15
37.2267,74.474,0.100814,PDN15
37.2283,74.465,0.100806,PDN15
37.23,74.458,0.1008,PDN15
37.2317,74.449,0.100797,PDN15
37.2333,74.442,0.100797,PDN15
37.235,74.433,0.100796,PDN15
37.2367,74.425,0.100797,PDN15
37.2383,74.417,0.1008,PDN15
37.24,74.408,0.100805,PDN15
37.2417,74.4,0.10081,PDN15
37.2433,74.391,0.100816,PDN15
37.245,74.384,0.100822,PDN15
37.2467,74.375,0.100828,PDN15
37.2483,74.367,0.10084,PDN15
37.25,74.359,0.100854,PDN15
37.2517,74.35,0.100865,PDN15
37.2533,74.341,0.100871,PDN15
37.255,74.334,0.100873,PDN15
37.2567,74.324,0.100874,PDN15
37.2583,74.317,0.100872,PDN15
37.26,74.308,0.100866,PDN15
37.2617,74.299,0.100859,PDN15
37.2633,74.291,0.100852,PDN15
37.265,74.282,0.10085,PDN15
37.2667,74.274,0.100852,PDN15
37.2683,74.266,0.100854,PDN15
37.27,74.258,0.100859,PDN15
37.2717,74.249,0.100862,PDN15
37.2733,74.24,0.100862,PDN15
37.275,74.232,0.100862,PDN15
37.2767,74.223,0.100856,PDN15
37.2783,74.215,0.100847,PDN15
37.28,74.207,0.100838,PDN15
37.2817,74.198,0.100828,PDN15
37.2833,74.191,0.10082,PDN15
37.285,74.183,0.100812,PDN15
37.2867,74.174,0.100804,PDN15
37.2883,74.166,0.100797,PDN15
37.29,74.157,0.100793,PDN15
37.2917,74.148,0.100791,PDN15
37.2933,74.141,0.100792,PDN15
37.295,74.132,0.100796,PDN15
37.2967,74.124,0.100802,PDN15
37.2983,74.115,0.100807,PDN15
37.3,74.109,0.100813,PDN15
37.3017,74.099,0.100819,PDN15
37.3033,74.091,0.100821,PDN15
37.305,74.082,0.100818,PDN15
37.3067,74.074,0.100813,PDN15
37.3083,74.066,0.100808,PDN15
37.31,74.058,0.100802,PDN15
37.3117,74.05,0.100797,PDN15
37.3133,74.042,0.100793,PDN15
37.315,74.032,0.100792,PDN15
37.3167,74.024,0.100791,PDN15
37.3183,74.016,0.100791,PDN15
37.32,74.008,0.100791,PDN15
37.3217,74,0.100791,PDN15
37.3233,73.992,0.100792,PDN15
37.325,73.983,0.100787,PDN15
37.3267,73.974,0.100783,PDN15
37.3283,73.967,0.100781,PDN15
37.33,73.958,0.10078,PDN15
37.3317,73.949,0.100777,PDN15
37.3333,73.941,0.100771,PDN15
37.335,73.932,0.100767,PDN15
37.3367,73.925,0.100765,PDN15
37.3383,73.916,0.100764,PDN15
37.34,73.908,0.100765,PDN15
37.3417,73.9,0.100768,PDN15
37.3433,73.891,0.100772,PDN15
37.345,73.883,0.100776,PDN15
37.3467,73.875,0.100782,PDN15
37.3483,73.866,0.10079,PDN15
37.35,73.858,0.100794,PDN15
37.3517,73.849,0.100794,PDN15
37.3533,73.842,0.100794,PDN15
37.355,73.833,0.100793,PDN15
37.3567,73.824,0.100789,PDN15
37.3583,73.816,0.100786,PDN15
37.36,73.808,0.100779,PDN15
37.3617,73.8,0.100775,PDN15
37.3633,73.791,0.100769,PDN15
37.365,73.783,0.100762,PDN15
37.3667,73.775,0.100756,PDN15
37.3683,73.766,0.100752,PDN15
37.37,73.758,0.100746,PDN15
37.3717,73.75,0.100746,PDN15
37.3733,73.742,0.100747,PDN15
37.375,73.733,0.100749,PDN15
37.3767,73.725,0.100748,PDN15
37.3783,73.716,0.100744,PDN15
37.38,73.708,0.10074,PDN15
37.3817,73.7,0.100736,PDN15
37.3833,73.692,0.100726,PDN15
37.385,73.683,0.100715,PDN15
37.3867,73.675,0.100707,PDN15
37.3883,73.667,0.100701,PDN15
37.39,73.659,0.100699,PDN15
37.3917,73.65,0.100701,PDN15
37.3933,73.641,0.100707,PDN15
37.395,73.634,0.100713,PDN15
37.3967,73.624,0.100717,PDN15
37.3983,73.616,0.10072,PDN15
37.4,73.608,0.100718,PDN15
37.4017,73.599,0.100715,PDN15
37.4033,73.592,0.100706,PDN15
37.405,73.584,0.100696,PDN15
37.4067,73.574,0.100684,PDN15
37.4083,73.567,0.100675,PDN15
37.41,73.558,0.100667,PDN15
37.4117,73.55,0.100658,PDN15
37.4133,73.542,0.100651,PDN15
37.415,73.533,0.100646,PDN15
37.4167,73.526,0.100644,PDN15
37.4183,73.517,0.100641,PDN15
37.42,73.509,0.100644,PDN15
37.4217,73.501,0.100644,PDN15
37.4233,73.492,0.100642,PDN15
37.425,73.484,0.100639,PDN15
37.4267,73.475,0.100636,PDN15
37.4283,73.468,0.100634,PDN15
37.43,73.459,0.100627,PDN15
37.4317,73.451,0.100619,PDN15
37.4333,73.442,0.100614,PDN15
37.435,73.434,0.100609,PDN15
37.4367,73.425,0.100603,PDN15
37.4383,73.417,0.1006,PDN15
37.44,73.409,0.100599,PDN15
37.4417,73.399,0.1006,PDN15
37.4433,73.391,0.100601,PDN15
37.445,73.383,0.100603,PDN15
37.4467,73.375,0.100608,PDN15
37.4483,73.367,0.100616,PDN15
37.45,73.359,0.100625,PDN15
37.4517,73.35,0.100642,PDN15
37.4533,73.342,0.100655,PDN15
37.455,73.334,0.100664,PDN15
37.4567,73.326,0.10067,PDN15
37.4583,73.317,0.100675,PDN15
37.46,73.309,0.100674,PDN15
37.4617,73.3,0.100669,PDN15
37.4633,73.292,0.10066,PDN15
37.465,73.283,0.10065,PDN15
37.4667,73.275,0.100641,PDN15
37.4683,73.267,0.100638,PDN15
37.47,73.258,0.100635,PDN15
37.4717,73.249,0.100634,PDN15
37.4733,73.242,0.100631,PDN15
37.475,73.234,0.100627,PDN15
37.4767,73.225,0.100623,PDN15
37.4783,73.217,0.100617,PDN15
37.48,73.209,0.10061,PDN15
37.4817,73.2,0.1006,PDN15
37.4833,73.192,0.100593,PDN15
37.485,73.184,0.100586,PDN15
37.4867,73.175,0.100582,PDN15
37.4883,73.167,0.10058,PDN15
37.49,73.158,0.10058,PDN15
37.4917,73.151,0.100585,PDN15
37.4933,73.142,0.100591,PDN15
37.495,73.133,0.100597,PDN15
37.4967,73.125,0.100611,PDN15
37.4983,73.116,0.10062,PDN15
37.5,73.108,0.100628,PDN15
37.5017,73.1,0.100637,PDN15
37.5033,73.091,0.100646,PDN15
37.505,73.083,0.100655,PDN15
37.5067,73.075,0.100659,PDN15
37.5083,73.067,0.100662,PDN15
37.51,73.058,0.100662,PDN15
37.5117,73.05,0.100663,PDN15
37.5133,73.041,0.100662,PDN15
37.515,73.033,0.100665,PDN15
37.5167,73.025,0.100668,PDN15
37.5183,73.016,0.100673,PDN15
37.52,73.008,0.100677,PDN15
37.5217,72.999,0.100682,PDN15
37.5233,72.991,0.100686,PDN15
37.525,72.983,0.100689,PDN15
37.5267,72.974,0.100688,PDN15
37.5283,72.966,0.100681,PDN15
37.53,72.957,0.100672,PDN15
37.5317,72.948,0.100662,PDN15
37.5333,72.942,0.100654,PDN15
37.535,72.933,0.100652,PDN15
37.5367,72.925,0.100657,PDN15
37.5383,72.916,0.100667,PDN15
37.54,72.909,0.100677,PDN15
37.5417,72.9,0.100684,PDN15
37.5433,72.891,0.100692,PDN15
37.545,72.883,0.100695,PDN15
37.5467,72.875,0.100695,PDN15
37.5483,72.866,0.100691,PDN15
37.55,72.859,0.100684,PDN15
37.5517,72.85,0.100662,PDN15
37.5533,72.842,0.100637,PDN15
37.555,72.834,0.100627,PDN15
37.5567,72.824,0.100616,PDN15
37.5583,72.817,0.100607,PDN15
37.56,72.809,0.100602,PDN15
37.5617,72.801,0.100597,PDN15
37.5633,72.792,0.100596,PDN15
37.565,72.783,0.100595,PDN15
37.5667,72.776,0.100596,PDN15
37.5683,72.767,0.100599,PDN15
37.57,72.759,0.100599,PDN15
37.5717,72.75,0.100601,PDN15
37.5733,72.742,0.100607,PDN15
37.575,72.734,0.10061,PDN15
37.5767,72.727,0.100612,PDN15
37.5783,72.718,0.100615,PDN15
37.58,72.708,0.100617,PDN15
37.5817,72.702,0.100622,PDN15
37.5833,72.693,0.100625,PDN15
37.585,72.684,0.100624,PDN15
37.5867,72.675,0.100617,PDN15
37.5883,72.667,0.100606,PDN15
37.59,72.659,0.100583,PDN15
37.5917,72.651,0.100571,PDN15
37.5933,72.643,0.100563,PDN15
37.595,72.634,0.100555,PDN15
37.5967,72.625,0.100549,PDN15
37.5983,72.617,0.100547,PDN15
37.6,72.608,0.100551,PDN15
37.6017,72.6,0.100557,PDN15
37.6033,72.592,0.100565,PDN15
37.605,72.584,0.100566,PDN15
37.6067,72.575,0.100563,PDN15
37.6083,72.568,0.100556,PDN15
37.61,72.559,0.100546,PDN15
37.6117,72.551,0.100541,PDN15
37.6133,72.543,0.100538,PDN15
37.615,72.535,0.100532,PDN15
37.6167,72.526,0.100527,PDN15
37.6183,72.517,0.100522,PDN15
37.62,72.509,0.100521,PDN15
37.6217,72.501,0.100524,PDN15
37.6233,72.492,0.100524,PDN15
37.625,72.483,0.100522,PDN15
37.6267,72.476,0.100519,PDN15
37.6283,72.468,0.100517,PDN15
37.63,72.459,0.100516,PDN15
37.6317,72.451,0.100516,PDN15
37.6333,72.443,0.100511,PDN15
37.635,72.434,0.100505,PDN15
37.6367,72.426,0.100495,PDN15
37.6383,72.417,0.100489,PDN15
37.64,72.409,0.100485,PDN15
37.6417,72.401,0.100486,PDN15
37.6433,72.393,0.100488,PDN15
37.645,72.384,0.100491,PDN15
37.6467,72.376,0.100495,PDN15
37.6483,72.367,0.100501,PDN15
37.65,72.359,0.100506,PDN15
37.6517,72.352,0.100507,PDN15
37.6533,72.343,0.100507,PDN15
37.655,72.334,0.100503,PDN15
37.6567,72.326,0.100501,PDN15
37.6583,72.317,0.100499,PDN15
37.66,72.309,0.100502,PDN15
37.6617,72.3,0.100506,PDN15
37.6633,72.293,0.100508,PDN15
37.665,72.285,0.100509,PDN15
37.6667,72.277,0.10051,PDN15
37.6683,72.268,0.100514,PDN15
37.67,72.259,0.100517,PDN15
37.6717,72.25,0.100515,PDN15
37.6733,72.243,0.100509,PDN15
37.675,72.235,0.100503,PDN15
37.6767,72.225,0.100499,PDN15
37.6783,72.218,0.100498,PDN15
37.68,72.209,0.100491,PDN15
37.6817,72.201,0.100481,PDN15
37.6833,72.192,0.100471,PDN15
37.685,72.183,0.100461,PDN15
37.6867,72.175,0.100456,PDN15
37.6883,72.168,0.100452,PDN15
37.69,72.159,0.100448,PDN15
37.6917,72.151,0.100444,PDN15
37.6933,72.142,0.100443,PDN15
37.695,72.134,0.100449,PDN15
37.6967,72.126,0.100463,PDN15
37.6983,72.118,0.100468,PDN15
37.7,72.108,0.10047,PDN15
37.7017,72.102,0.100469,PDN15
37.7033,72.093,0.100468,PDN15
37.705,72.084,0.100468,PDN15
37.7067,72.076,0.100468,PDN15
37.7083,72.067,0.100469,PDN15
37.71,72.058,0.100468,PDN15
37.7117,72.051,0.100468,PDN15
37.7133,72.043,0.100468,PDN15
37.715,72.034,0.100473,PDN15
37.7167,72.026,0.100476,PDN15
37.7183,72.017,0.100479,PDN15
37.72,72.009,0.100478,PDN15
37.7217,72.001,0.100474,PDN15
37.7233,71.992,0.100468,PDN15
37.725,71.985,0.100459,PDN15
37.7267,71.976,0.100452,PDN15
37.7283,71.968,0.100443,PDN15
37.73,71.959,0.100436,PDN15
37.7317,71.951,0.100429,PDN15
37.7333,71.942,0.100426,PDN15
37.735,71.935,0.100426,PDN15
37.7367,71.926,0.100429,PDN15
37.7383,71.918,0.100432,PDN15
37.74,71.91,0.100435,PDN15
37.7417,71.902,0.100437,PDN15
37.7433,71.893,0.100434,PDN15
37.745,71.885,0.100433,PDN15
37.7467,71.877,0.10043,PDN15
37.7483,71.868,0.100428,PDN15
37.75,71.86,0.10043,PDN15
37.7517,71.851,0.100436,PDN15
37.7533,71.844,0.100447,PDN15
37.755,71.834,0.100454,PDN15
37.7567,71.827,0.100464,PDN15
37.7583,71.816,0.100471,PDN15
37.76,71.809,0.100475,PDN15
37.7617,71.802,0.100475,PDN15
37.7633,71.793,0.100472,PDN15
37.765,71.784,0.100465,PDN15
37.7667,71.776,0.100454,PDN15
37.7683,71.768,0.100437,PDN15
37.77,71.76,0.100427,PDN15
37.7717,71.751,0.100422,PDN15
37.7733,71.744,0.100419,PDN15
37.775,71.734,0.100419,PDN15
37.7767,71.726,0.100422,PDN15
37.7783,71.719,0.100421,PDN15
37.78,71.71,0.100422,PDN15
37.7817,71.701,0.100421,PDN15
37.7833,71.694,0.10042,PDN15
37.785,71.685,0.100417,PDN15
37.7867,71.675,0.100409,PDN15
37.7883,71.667,0.100392,PDN15
37.79,71.661,0.100384,PDN15
37.7917,71.652,0.100375,PDN15
37.7933,71.643,0.100366,PDN15
37.795,71.634,0.100358,PDN15
37.7967,71.627,0.100353,PDN15
37.7983,71.618,0.100347,PDN15
37.8,71.61,0.100345,PDN15
37.8017,71.602,0.100344,PDN15
37.8033,71.593,0.100346,PDN15
37.805,71.585,0.100347,PDN15
37.8067,71.578,0.100349,PDN15
37.8083,71.568,0.100348,PDN15
37.81,71.56,0.100343,PDN15
37.8117,71.551,0.100337,PDN15
37.8133,71.544,0.100329,PDN15
37.815,71.535,0.100325,PDN15
37.8167,71.527,0.100323,PDN15
37.8183,71.518,0.100319,PDN15
37.82,71.509,0.100315,PDN15
37.8217,71.502,0.100311,PDN15
37.8233,71.493,0.100307,PDN15
37.825,71.486,0.100308,PDN15
37.8267,71.476,0.100307,PDN15
37.8283,71.468,0.100301,PDN15
37.83,71.46,0.100296,PDN15
37.8317,71.453,0.100288,PDN15
37.8333,71.444,0.100283,PDN15
37.835,71.435,0.100284,PDN15
37.8367,71.427,0.100283,PDN15
37.8383,71.418,0.100282,PDN15
37.84,71.41,0.100279,PDN15
37.8417,71.402,0.100278,PDN15
37.8433,71.393,0.100278,PDN15
37.845,71.383,0.100281,PDN15
37.8467,71.377,0.100286,PDN15
37.8483,71.369,0.100286,PDN15
37.85,71.36,0.100284,PDN15
37.8517,71.352,0.100282,PDN15
37.8533,71.343,0.10028,PDN15
37.855,71.335,0.100277,PDN15
37.8567,71.327,0.100277,PDN15
37.8583,71.317,0.100275,PDN15
37.86,71.309,0.100273,PDN15
37.8617,71.301,0.100272,PDN15
37.8633,71.293,0.100268,PDN15
37.865,71.284,0.100267,PDN15
37.8667,71.276,0.100265,PDN15
37.8683,71.267,0.100263,PDN15
37.87,71.26,0.100264,PDN15
37.8717,71.25,0.100261,PDN15
37.8733,71.243,0.100254,PDN15
37.875,71.234,0.100252,PDN15
37.8767,71.226,0.100249,PDN15
37.8783,71.217,0.100246,PDN15
37.88,71.209,0.100243,PDN15
37.8817,71.201,0.10024,PDN15
37.8833,71.193,0.100237,PDN15
37.885,71.184,0.100235,PDN15
37.8867,71.176,0.100238,PDN15
37.8883,71.168,0.100244,PDN15
37.89,71.159,0.100249,PDN15
37.8917,71.151,0.100248,PDN15
37.8933,71.142,0.100247,PDN15
37.895,71.134,0.100244,PDN15
37.8967,71.125,0.100234,PDN15
37.8983,71.117,0.10022,PDN15
37.9,71.109,0.100209,PDN15
37.9017,71.102,0.100197,PDN15
37.9033,71.093,0.10018,PDN15
37.905,71.084,0.10017,PDN15
37.9067,71.075,0.100168,PDN15
37.9083,71.068,0.100172,PDN15
37.91,71.059,0.100179,PDN15
37.9117,71.051,0.100186,PDN15
37.9133,71.043,0.100192,PDN15
37.915,71.035,0.100195,PDN15
37.9167,71.026,0.100199,PDN15
37.9183,71.018,0.100203,PDN15
37.92,71.009,0.100208,PDN15
37.9217,71.001,0.100211,PDN15
37.9233,70.994,0.10021,PDN15
37.925,70.985,0.100209,PDN15
37.9267,70.977,0.100206,PDN15
37.9283,70.968,0.100202,PDN15
37.93,70.96,0.100195,PDN15
37.9317,70.952,0.100186,PDN15
37.9333,70.943,0.100178,PDN15
37.935,70.934,0.100173,PDN15
37.9367,70.926,0.100172,PDN15
37.9383,70.919,0.100174,PDN15
37.94,70.91,0.100177,PDN15
37.9417,70.902,0.100182,PDN15
37.9433,70.893,0.100186,PDN15
37.945,70.886,0.100187,PDN15
37.9467,70.876,0.100184,PDN15
37.9483,70.868,0.100178,PDN15
37.95,70.86,0.100171,PDN15
37.9517,70.852,0.100162,PDN15
37.9533,70.843,0.100154,PDN15
37.955,70.835,0.10015,PDN15
37.9567,70.827,0.10015,PDN15
37.9583,70.818,0.100148,PDN15
37.96,70.811,0.100147,PDN15
37.9617,70.802,0.100145,PDN15
37.9633,70.794,0.100138,PDN15
37.965,70.785,0.10013,PDN15
37.9667,70.776,0.100124,PDN15
37.9683,70.768,0.100117,PDN15
37.97,70.76,0.100109,PDN15
37.9717,70.752,0.100102,PDN15
37.9733,70.744,0.100095,PDN15
37.975,70.735,0.100091,PDN15
37.9767,70.727,0.100085,PDN15
37.9783,70.718,0.10008,PDN15
37.98,70.711,0.100078,PDN15
37.9817,70.702,0.100073,PDN15
37.9833,70.693,0.100067,PDN15
37.985,70.685,0.100064,PDN15
37.9867,70.677,0.10006,PDN15
37.9883,70.668,0.100053,PDN15
37.99,70.659,0.100045,PDN15
37.9917,70.652,0.100037,PDN15
37.9933,70.644,0.100029,PDN15
37.995,70.634,0.10002,PDN15
37.9967,70.626,0.100016,PDN15
37.9983,70.618,0.100016,PDN15
38,70.609,0.100018,PDN15
38.0017,70.601,0.100019,PDN15
38.0033,70.593,0.100018,PDN15
38.005,70.585,0.10002,PDN15
38.0067,70.576,0.10002,PDN15
38.0083,70.568,0.10002,PDN15
38.01,70.56,0.100021,PDN15
38.0117,70.552,0.100016,PDN15
38.0133,70.543,0.100008,PDN15
38.015,70.536,0.100002,PDN15
38.0167,70.527,0.0999997,PDN15
38.0183,70.518,0.0999972,PDN15
38.02,70.51,0.0999946,PDN15
38.0217,70.501,0.099988,PDN15
38.0233,70.492,0.0999824,PDN15
38.025,70.485,0.0999775,PDN15
38.0267,70.477,0.0999773,PDN15
38.0283,70.469,0.0999795,PDN15
38.03,70.46,0.0999832,PDN15
38.0317,70.451,0.0999844,PDN15
38.0333,70.443,0.0999863,PDN15
38.035,70.435,0.0999862,PDN15
38.0367,70.427,0.0999865,PDN15
38.0383,70.418,0.0999857,PDN15
38.04,70.41,0.0999835,PDN15
38.0417,70.4,0.0999756,PDN15
38.0433,70.392,0.0999663,PDN15
38.045,70.386,0.0999582,PDN15
38.0467,70.378,0.0999522,PDN15
38.0483,70.369,0.0999501,PDN15
38.05,70.36,0.0999492,PDN15
38.0517,70.351,0.0999539,PDN15
38.0533,70.343,0.0999593,PDN15
38.055,70.335,0.0999638,PDN15
38.0567,70.327,0.09997,PDN15
38.0583,70.319,0.0999738,PDN15
38.06,70.31,0.0999757,PDN15
38.0617,70.302,0.0999756,PDN15
38.0633,70.294,0.0999786,PDN15
38.065,70.286,0.0999789,PDN15
38.0667,70.276,0.0999768,PDN15
38.0683,70.268,0.0999732,PDN15
38.07,70.261,0.0999727,PDN15
38.0717,70.251,0.0999734,PDN15
38.0733,70.243,0.0999773,PDN15
38.075,70.235,0.0999826,PDN15
38.0767,70.226,0.0999869,PDN15
38.0783,70.219,0.0999913,PDN15
38.08,70.211,0.0999958,PDN15
38.0817,70.203,0.100001,PDN15
38.0833,70.193,0.100002,PDN15
38.085,70.184,0.0999977,PDN15
38.0867,70.178,0.0999855,PDN15
38.0883,70.169,0.0999594,PDN15
38.09,70.161,0.0999258,PDN15
38.0917,70.153,0.0999018,PDN15
38.0933,70.144,0.0998841,PDN15
38.095,70.135,0.0998749,PDN15
38.0967,70.127,0.0998708,PDN15
38.0983,70.119,0.0998715,PDN15
38.1,70.111,0.099875,PDN15
38.1017,70.103,0.0998767,PDN15
38.1033,70.094,0.0998772,PDN15
38.105,70.086,0.0998767,PDN15
38.1067,70.076,0.0998763,PDN15
38.1083,70.069,0.0998745,PDN15
38.11,70.062,0.0998747,PDN15
38.1117,70.052,0.0998737,PDN15
38.1133,70.044,0.0998674,PDN15
38.115,70.035,0.0998591,PDN15
38.1167,70.028,0.0998481,PDN15
38.1183,70.019,0.0998391,PDN15
38.12,70.01,0.0998273,PDN15
38.1217,70.002,0.0998132,PDN15
38.1233,69.994,0.0998038,PDN15
38.125,69.986,0.0998012,PDN15
38.1267,69.977,0.099809,PDN15
38.1283,69.968,0.0998281,PDN15
38.13,69.96,0.0998406,PDN15
38.1317,69.952,0.0998466,PDN15
38.1333,69.944,0.0998497,PDN15
38.135,69.936,0.0998525,PDN15
38.1367,69.927,0.0998547,PDN15
38.1383,69.919,0.0998578,PDN15
38.14,69.91,0.0998543,PDN15
38.1417,69.902,0.0998468,PDN15
38.1433,69.895,0.0998415,PDN15
38.145,69.885,0.0998383,PDN15
38.1467,69.877,0.0998358,PDN15
38.1483,69.869,0.0998292,PDN15
38.15,69.861,0.0998181,PDN15
38.1517,69.853,0.0998056,PDN15
38.1533,69.844,0.0997945,PDN15
38.155,69.835,0.0997862,PDN15
38.1567,69.828,0.0997841,PDN15
38.1583,69.819,0.0997813,PDN15
38.16,69.811,0.0997797,PDN15
38.1617,69.802,0.0997818,PDN15
38.1633,69.794,0.0997812,PDN15
38.165,69.785,0.0997806,PDN15
38.1667,69.778,0.0997761,PDN15
38.1683,69.768,0.0997708,PDN15
38.17,69.761,0.0997654,PDN15
38.1717,69.753,0.0997602,PDN15
38.1733,69.744,0.0997574,PDN15
38.175,69.736,0.0997598,PDN15
38.1767,69.728,0.0997637,PDN15
38.1783,69.72,0.0997688,PDN15
38.18,69.711,0.0997722,PDN15
38.1817,69.703,0.0997735,PDN15
38.1833,69.695,0.0997716,PDN15
38.185,69.687,0.0997684,PDN15
38.1867,69.678,0.0997637,PDN15
38.1883,69.67,0.0997566,PDN15
38.19,69.661,0.0997527,PDN15
38.1917,69.653,0.0997535,PDN15
38.1933,69.645,0.0997559,PDN15
38.195,69.637,0.0997622,PDN15
38.1967,69.628,0.0997695,PDN15
38.1983,69.619,0.0997761,PDN15
38.2,69.612,0.0997829,PDN15
38.2017,69.603,0.0997891,PDN15
38.2033,69.594,0.0997927,PDN15
38.205,69.586,0.0997937,PDN15
38.2067,69.577,0.0997939,PDN15
38.2083,69.569,0.0997977,PDN15
38.21,69.56,0.0998016,PDN15
38.2117,69.553,0.0997988,PDN15
38.2133,69.543,0.0997905,PDN15
38.215,69.535,0.0997828,PDN15
38.2167,69.527,0.0997766,PDN15
38.2183,69.519,0.0997729,PDN15
38.22,69.511,0.0997676,PDN15
38.2217,69.503,0.0997636,PDN15
38.2233,69.494,0.0997561,PDN15
38.225,69.486,0.099753,PDN15
38.2267,69.477,0.0997518,PDN15
38.2283,69.47,0.0997536,PDN15
38.23,69.46,0.0997559,PDN15
38.2317,69.451,0.0997581,PDN15
38.2333,69.444,0.0997648,PDN15
38.235,69.435,0.0997733,PDN15
38.2367,69.426,0.0997826,PDN15
38.2383,69.419,0.0997912,PDN15
38.24,69.411,0.0998,PDN15
38.2417,69.403,0.0998049,PDN15
38.2433,69.394,0.0998024,PDN15
38.245,69.386,0.0997976,PDN15
38.2467,69.378,0.0997919,PDN15
38.2483,69.368,0.0997875,PDN15
38.25,69.361,0.0997796,PDN15
38.2517,69.352,0.0997712,PDN15
38.2533,69.345,0.0997638,PDN15
38.255,69.336,0.0997544,PDN15
38.2567,69.328,0.0997503,PDN15
38.2583,69.319,0.0997476,PDN15
38.26,69.311,0.0997436,PDN15
38.2617,69.303,0.0997376,PDN15
38.2633,69.295,0.0997351,PDN15
38.265,69.286,0.0997392,PDN15
38.2667,69.277,0.0997485,PDN15
38.2683,69.269,0.0997531,PDN15
38.27,69.261,0.0997566,PDN15
38.2717,69.253,0.0997588,PDN15
38.2733,69.244,0.0997596,PDN15
38.275,69.236,0.0997628,PDN15
38.2767,69.228,0.0997625,PDN15
38.2783,69.22,0.0997573,PDN15
38.28,69.212,0.0997511,PDN15
38.2817,69.203,0.0997459,PDN15
38.2833,69.194,0.0997428,PDN15
38.285,69.187,0.0997423,PDN15
38.2867,69.178,0.0997388,PDN15
38.2883,69.17,0.0997391,PDN15
38.29,69.162,0.0997403,PDN15
38.2917,69.153,0.0997435,PDN15
38.2933,69.145,0.0997488,PDN15
38.295,69.137,0.0997556,PDN15
38.2967,69.128,0.0997601,PDN15
38.2983,69.119,0.0997614,PDN15
38.3,69.112,0.0997635,PDN15
38.3017,69.103,0.0997616,PDN15
38.3033,69.095,0.0997577,PDN15
38.305,69.086,0.0997481,PDN15
38.3067,69.078,0.0997363,PDN15
38.3083,69.069,0.099725,PDN15
38.31,69.061,0.0997155,PDN15
38.3117,69.054,0.0997101,PDN15
38.3133,69.044,0.0997069,PDN15
38.315,69.036,0.0997093,PDN15
38.3167,69.028,0.0997119,PDN15
38.3183,69.02,0.0997146,PDN15
38.32,69.012,0.0997184,PDN15
38.3217,69.004,0.0997174,PDN15
38.3233,68.994,0.0997096,PDN15
38.325,68.986,0.0996992,PDN15
38.3267,68.979,0.099681,PDN15
38.3283,68.97,0.0996697,PDN15
38.33,68.961,0.0996613,PDN15
38.3317,68.953,0.0996522,PDN15
38.3333,68.945,0.0996461,PDN15
38.335,68.936,0.0996387,PDN15
38.3367,68.928,0.0996368,PDN15
38.3383,68.92,0.0996409,PDN15
38.34,68.913,0.0996478,PDN15
38.3417,68.903,0.0996549,PDN15
38.3433,68.896,0.0996632,PDN15
38.345,68.887,0.0996652,PDN15
38.3467,68.878,0.0996718,PDN15
38.3483,68.87,0.0996771,PDN15
38.35,68.862,0.0996812,PDN15
38.3517,68.853,0.0996819,PDN15
38.3533,68.844,0.099681,PDN15
38.355,68.837,0.0996831,PDN15
38.3567,68.829,0.0996846,PDN15
38.3583,68.82,0.099688,PDN15
38.36,68.812,0.0996922,PDN15
38.3617,68.803,0.0997099,PDN15
38.3633,68.795,0.0997241,PDN15
38.365,68.787,0.099738,PDN15
38.3667,68.779,0.0997463,PDN15
38.3683,68.77,0.0997522,PDN15
38.37,68.762,0.0997543,PDN15
38.3717,68.754,0.0997483,PDN15
38.3733,68.745,0.0997396,PDN15
38.375,68.737,0.0997262,PDN15
38.3767,68.728,0.0997176,PDN15
38.3783,68.719,0.0997014,PDN15
38.38,68.711,0.0996944,PDN15
38.3817,68.704,0.0996916,PDN15
38.3833,68.695,0.0996931,PDN15
38.385,68.687,0.0996978,PDN15
38.3867,68.679,0.0997069,PDN15
38.3883,68.67,0.0997157,PDN15
38.39,68.661,0.0997189,PDN15
38.3917,68.653,0.0997157,PDN15
38.3933,68.645,0.0997082,PDN15
38.395,68.637,0.0997056,PDN15
38.3967,68.629,0.0997017,PDN15
38.3983,68.62,0.0996979,PDN15
38.4,68.612,0.0996965,PDN15
38.4017,68.603,0.0996968,PDN15
38.4033,68.594,0.0996966,PDN15
38.405,68.587,0.0996985,PDN15
38.4067,68.578,0.0997032,PDN15
38.4083,68.57,0.099706,PDN15
38.41,68.562,0.0997057,PDN15
38.4117,68.552,0.0997055,PDN15
38.4133,68.544,0.0997041,PDN15
38.415,68.537,0.0997028,PDN15
38.4167,68.528,0.099699,PDN15
38.4183,68.52,0.0997001,PDN15
38.42,68.512,0.0997041,PDN15
38.4217,68.504,0.0997053,PDN15
38.4233,68.494,0.0997041,PDN15
38.425,68.487,0.0997004,PDN15
38.4267,68.478,0.099695,PDN15
38.4283,68.471,0.0996922,PDN15
38.43,68.461,0.0996902,PDN15
38.4317,68.453,0.0996883,PDN15
38.4333,68.446,0.0996878,PDN15
38.435,68.437,0.0996859,PDN15
38.4367,68.428,0.0996864,PDN15
38.4383,68.42,0.09969,PDN15
38.44,68.411,0.0996957,PDN15
38.4417,68.403,0.0996985,PDN15
38.4433,68.395,0.0996999,PDN15
38.445,68.386,0.0997023,PDN15
38.4467,68.379,0.0997062,PDN15
38.4483,68.37,0.0997085,PDN15
38.45,68.362,0.0997131,PDN15
38.4517,68.353,0.0997154,PDN15
38.4533,68.345,0.0997146,PDN15
38.455,68.336,0.0997129,PDN15
38.4567,68.328,0.0997074,PDN15
38.4583,68.32,0.0997067,PDN15
38.46,68.311,0.099703,PDN15
38.4617,68.304,0.0997009,PDN15
38.4633,68.295,0.0996987,PDN15
38.465,68.287,0.0996974,PDN15
38.4667,68.278,0.0996982,PDN15
38.4683,68.271,0.0996983,PDN15
38.47,68.261,0.099699,PDN15
38.4717,68.253,0.099696,PDN15
38.4733,68.245,0.0996907,PDN15
38.475,68.237,0.0996862,PDN15
38.4767,68.228,0.0996843,PDN15
38.4783,68.22,0.0996834,PDN15
38.48,68.212,0.0996832,PDN15
38.4817,68.203,0.0996823,PDN15
38.4833,68.196,0.0996812,PDN15
38.485,68.187,0.0996794,PDN15
38.4867,68.179,0.0996744,PDN15
38.4883,68.17,0.099668,PDN15
38.49,68.161,0.0996577,PDN15
38.4917,68.153,0.0996502,PDN15
38.4933,68.145,0.099646,PDN15
38.495,68.137,0.0996433,PDN15
38.4967,68.128,0.0996446,PDN15
38.4983,68.12,0.0996475,PDN15
38.5,68.112,0.0996495,PDN15
38.5017,68.104,0.0996484,PDN15
38.5033,68.095,0.0996436,PDN15
38.505,68.087,0.0996377,PDN15
38.5067,68.079,0.0996286,PDN15
38.5083,68.07,0.0996199,PDN15
38.51,68.062,0.099613,PDN15
38.5117,68.053,0.0996111,PDN15
38.5133,68.044,0.0996127,PDN15
38.515,68.037,0.0996154,PDN15
38.5167,68.028,0.0996213,PDN15
38.5183,68.02,0.0996276,PDN15
38.52,68.011,0.0996322,PDN15
38.5217,68.003,0.0996344,PDN15
38.5233,67.995,0.0996352,PDN15
38.525,67.987,0.0996325,PDN15
38.5267,67.979,0.0996294,PDN15
38.5283,67.971,0.0996263,PDN15
38.53,67.962,0.0996179,PDN15
38.5317,67.953,0.0996071,PDN15
38.5333,67.945,0.0995983,PDN15
38.535,67.936,0.0995904,PDN15
38.5367,67.929,0.0995853,PDN15
38.5383,67.92,0.0995823,PDN15
38.54,67.911,0.0995795,PDN15
38.5417,67.904,0.0995865,PDN15
38.5433,67.895,0.0996012,PDN15
38.545,67.888,0.0996164,PDN15
38.5467,67.879,0.0996351,PDN15
38.5483,67.87,0.099648,PDN15
38.55,67.862,0.0996568,PDN15
38.5517,67.854,0.0996662,PDN15
38.5533,67.845,0.0996721,PDN15
38.555,67.837,0.0996714,PDN15
38.5567,67.829,0.0996704,PDN15
38.5583,67.82,0.0996648,PDN15
38.56,67.811,0.099664,PDN15
38.5617,67.803,0.0996678,PDN15
38.5633,67.794,0.099668,PDN15
38.565,67.786,0.0996673,PDN15
38.5667,67.778,0.0996688,PDN15
38.5683,67.77,0.0996724,PDN15
38.57,67.762,0.0996739,PDN15
38.5717,67.753,0.0996745,PDN15
38.5733,67.745,0.0996731,PDN15
38.575,67.737,0.0996699,PDN15
38.5767,67.729,0.0996637,PDN15
38.5783,67.72,0.0996582,PDN15
38.58,67.712,0.0996536,PDN15
38.5817,67.703,0.0996481,PDN15
38.5833,67.695,0.099641,PDN15
38.585,67.686,0.0996366,PDN15
38.5867,67.678,0.0996322,PDN15
38.5883,67.67,0.0996267,PDN15
38.59,67.661,0.0996248,PDN15
38.5917,67.653,0.0996257,PDN15
38.5933,67.645,0.0996302,PDN15
38.595,67.638,0.0996348,PDN15
38.5967,67.628,0.0996401,PDN15
38.5983,67.619,0.0996412,PDN15
38.6,67.612,0.0996431,PDN15
38.6017,67.603,0.0996415,PDN15
38.6033,67.595,0.0996354,PDN15
38.605,67.587,0.099625,PDN15
38.6067,67.578,0.0996137,PDN15
38.6083,67.57,0.0996058,PDN15
38.61,67.563,0.0996055,PDN15
38.6117,67.553,0.0996082,PDN15
38.6133,67.545,0.0996109,PDN15
38.615,67.538,0.0996169,PDN15
38.6167,67.529,0.0996226,PDN15
38.6183,67.52,0.0996279,PDN15
38.62,67.512,0.0996298,PDN15
38.6217,67.504,0.0996276,PDN15
38.6233,67.496,0.0996212,PDN15
38.625,67.487,0.0996112,PDN15
38.6267,67.478,0.0996067,PDN15
38.6283,67.471,0.099603,PDN15
38.63,67.463,0.0996017,PDN15
38.6317,67.455,0.0995987,PDN15
38.6333,67.446,0.0995991,PDN15
38.635,67.438,0.0996045,PDN15
38.6367,67.429,0.0996087,PDN15
38.6383,67.42,0.0996066,PDN15
38.64,67.413,0.0996045,PDN15
38.6417,67.404,0.0996055,PDN15
38.6433,67.396,0.099608,PDN15
38.645,67.387,0.0996087,PDN15
38.6467,67.379,0.0996074,PDN15
38.6483,67.37,0.099607,PDN15
38.65,67.363,0.0996043,PDN15
38.6517,67.355,0.0996043,PDN15
38.6533,67.345,0.0996059,PDN15
38.655,67.338,0.099604,PDN15
38.6567,67.33,0.0995978,PDN15
38.6583,67.32,0.0995907,PDN15
38.66,67.312,0.0995892,PDN15
38.6617,67.304,0.0995903,PDN15
38.6633,67.295,0.0995917,PDN15
38.665,67.288,0.0995901,PDN15
38.6667,67.279,0.0995859,PDN15
38.6683,67.271,0.0995812,PDN15
38.67,67.262,0.0995746,PDN15
38.6717,67.254,0.0995678,PDN15
38.6733,67.246,0.099562,PDN15
38.675,67.238,0.0995542,PDN15
38.6767,67.228,0.0995475,PDN15
38.6783,67.221,0.0995414,PDN15
38.68,67.213,0.0995376,PDN15
38.6817,67.204,0.099533,PDN15
38.6833,67.196,0.0995301,PDN15
38.685,67.187,0.0995303,PDN15
38.6867,67.179,0.099531,PDN15
38.6883,67.171,0.0995305,PDN15
38.69,67.163,0.0995283,PDN15
38.6917,67.154,0.0995272,PDN15
38.6933,67.146,0.0995273,PDN15
38.695,67.137,0.0995273,PDN15
38.6967,67.129,0.0995281,PDN15
38.6983,67.121,0.099526,PDN15
38.7,67.112,0.0995239,PDN15
38.7017,67.104,0.0995199,PDN15
38.7033,67.096,0.099516,PDN15
38.705,67.087,0.0995104,PDN15
38.7067,67.079,0.0995064,PDN15
38.7083,67.072,0.0995018,PDN15
38.71,67.062,0.0994992,PDN15
38.7117,67.054,0.0994975,PDN15
38.7133,67.046,0.0994981,PDN15
38.715,67.038,0.0995013,PDN15
38.7167,67.029,0.0995036,PDN15
38.7183,67.021,0.0995061,PDN15
38.72,67.013,0.0995105,PDN15
38.7217,67.005,0.0995115,PDN15
38.7233,66.996,0.099509,PDN15
38.725,66.988,0.0995077,PDN15
38.7267,66.979,0.0995056,PDN15
38.7283,66.971,0.0995054,PDN15
38.73,66.963,0.0995089,PDN15
38.7317,66.955,0.0995172,PDN15
38.7333,66.946,0.0995261,PDN15
38.735,66.938,0.0995336,PDN15
38.7367,66.929,0.0995387,PDN15
38.7383,66.921,0.0995448,PDN15
38.74,66.913,0.0995469,PDN15
38.7417,66.904,0.0995474,PDN15
38.7433,66.897,0.0995404,PDN15
38.745,66.888,0.0995318,PDN15
38.7467,66.879,0.0995229,PDN15
38.7483,66.872,0.0995146,PDN15
38.75,66.862,0.0995107,PDN15
38.7517,66.854,0.0995094,PDN15
38.7533,66.846,0.0995102,PDN15
38.755,66.838,0.0995077,PDN15
38.7567,66.829,0.0995077,PDN15
38.7583,66.821,0.099509,PDN15
38.76,66.813,0.0995162,PDN15
38.7617,66.804,0.0995224,PDN15
38.7633,66.796,0.0995266,PDN15
38.765,66.787,0.0995281,PDN15
38.7667,66.779,0.099526,PDN15
38.7683,66.771,0.0995246,PDN15
38.77,66.762,0.0995198,PDN15
38.7717,66.754,0.0995091,PDN15
38.7733,66.746,0.0994971,PDN15
38.775,66.737,0.09948,PDN15
38.7767,66.73,0.0994682,PDN15
38.7783,66.721,0.0994572,PDN15
38.78,66.713,0.0994517,PDN15
38.7817,66.704,0.0994495,PDN15
38.7833,66.696,0.0994517,PDN15
38.785,66.688,0.099454,PDN15
38.7867,66.68,0.0994654,PDN15
38.7883,66.67,0.0994753,PDN15
38.79,66.663,0.0994845,PDN15
38.7917,66.655,0.0994929,PDN15
38.7933,66.646,0.0994961,PDN15
38.795,66.636,0.0994934,PDN15
38.7967,66.629,0.099486,PDN15
38.7983,66.619,0.0994809,PDN15
38.8,66.613,0.0994741,PDN15
38.8017,66.604,0.099464,PDN15
38.8033,66.596,0.0994539,PDN15
38.805,66.588,0.0994488,PDN15
38.8067,66.579,0.0994464,PDN15
38.8083,66.571,0.0994482,PDN15
38.81,66.564,0.0994522,PDN15
38.8117,66.555,0.0994598,PDN15
38.8133,66.546,0.0994671,PDN15
38.815,66.538,0.0994689,PDN15
38.8167,66.529,0.0994694,PDN15
38.8183,66.521,0.0994657,PDN15
38.82,66.514,0.0994596,PDN15
38.8217,66.505,0.0994543,PDN15
38.8233,66.496,0.0994488,PDN15
38.825,66.489,0.0994426,PDN15
38.8267,66.479,0.0994426,PDN15
38.8283,66.47,0.0994436,PDN15
38.83,66.463,0.0994487,PDN15
38.8317,66.455,0.0994549,PDN15
38.8333,66.446,0.099462,PDN15
38.835,66.438,0.0994662,PDN15
38.8367,66.43,0.0994683,PDN15
38.8383,66.421,0.0994684,PDN15
38.84,66.413,0.0994632,PDN15
38.8417,66.405,0.0994569,PDN15
38.8433,66.396,0.0994493,PDN15
38.845,66.388,0.0994402,PDN15
38.8467,66.38,0.0994295,PDN15
38.8483,66.371,0.0994188,PDN15
38.85,66.364,0.0994139,PDN15
38.8517,66.355,0.0994141,PDN15
38.8533,66.346,0.0994139,PDN15
38.855,66.339,0.0994141,PDN15
38.8567,66.329,0.0994142,PDN15
38.8583,66.322,0.0994148,PDN15
38.86,66.313,0.0994101,PDN15
38.8617,66.305,0.0994037,PDN15
38.8633,66.297,0.0993971,PDN15
38.865,66.288,0.0993891,PDN15
38.8667,66.28,0.099384,PDN15
38.8683,66.271,0.0993804,PDN15
38.87,66.263,0.0993767,PDN15
38.8717,66.255,0.0993754,PDN15
38.8733,66.246,0.0993778,PDN15
38.875,66.239,0.0993815,PDN15
38.8767,66.23,0.0993866,PDN15
38.8783,66.221,0.0993906,PDN15
38.88,66.213,0.0993947,PDN15
38.8817,66.205,0.0993974,PDN15
38.8833,66.197,0.0994001,PDN15
38.885,66.188,0.0994048,PDN15
38.8867,66.18,0.0994057,PDN15
38.8883,66.171,0.0993991,PDN15
38.89,66.164,0.0993894,PDN15
38.8917,66.155,0.0993783,PDN15
38.8933,66.147,0.0993656,PDN15
38.895,66.139,0.099352,PDN15
38.8967,66.13,0.0993413,PDN15
38.8983,66.121,0.0993296,PDN15
38.9,66.113,0.0993206,PDN15
38.9017,66.105,0.099314,PDN15
38.9033,66.096,0.0993101,PDN15
38.905,66.088,0.0993103,PDN15
38.9067,66.079,0.0993154,PDN15
38.9083,66.072,0.09932,PDN15
38.91,66.063,0.0993245,PDN15
38.9117,66.055,0.0993257,PDN15
38.9133,66.047,0.0993253,PDN15
38.915,66.038,0.0993226,PDN15
38.9167,66.03,0.0993148,PDN15
38.9183,66.021,0.0993081,PDN15
38.92,66.012,0.0993008,PDN15
38.9217,66.005,0.0992946,PDN15
38.9233,65.997,0.0992891,PDN15
38.925,65.988,0.0992895,PDN15
38.9267,65.981,0.0992893,PDN15
38.9283,65.972,0.0992891,PDN15
38.93,65.963,0.0992839,PDN15
38.9317,65.954,0.0992774,PDN15
38.9333,65.946,0.0992713,PDN15
38.935,65.938,0.09927,PDN15
38.9367,65.93,0.0992741,PDN15
38.9383,65.922,0.0992811,PDN15
38.94,65.914,0.0992795,PDN15
38.9417,65.904,0.0992777,PDN15
38.9433,65.896,0.0992799,PDN15
38.945,65.888,0.0992839,PDN15
38.9467,65.879,0.0992877,PDN15
38.9483,65.87,0.0992888,PDN15
38.95,65.863,0.099284,PDN15
38.9517,65.854,0.0992759,PDN15
38.9533,65.847,0.0992697,PDN15
38.955,65.838,0.0992663,PDN15
38.9567,65.829,0.099263,PDN15
38.9583,65.822,0.0992562,PDN15
38.96,65.812,0.0992478,PDN15
38.9617,65.804,0.0992395,PDN15
38.9633,65.797,0.0992374,PDN15
38.965,65.788,0.0992374,PDN15
38.9667,65.779,0.099239,PDN15
38.9683,65.772,0.0992443,PDN15
38.97,65.762,0.0992512,PDN15
38.9717,65.755,0.0992586,PDN15
38.9733,65.747,0.0992654,PDN15
38.975,65.738,0.09927,PDN15
38.9767,65.73,0.0992723,PDN15
38.9783,65.721,0.0992711,PDN15
38.98,65.713,0.0992614,PDN15
38.9817,65.705,0.0992459,PDN15
38.9833,65.697,0.0992253,PDN15
38.985,65.688,0.0992108,PDN15
38.9867,65.679,0.0991993,PDN15
38.9883,65.671,0.0991918,PDN15
38.99,65.662,0.0991883,PDN15
38.9917,65.655,0.0991857,PDN15
38.9933,65.646,0.0991885,PDN15
38.995,65.639,0.0991945,PDN15
38.9967,65.63,0.0992036,PDN15
38.9983,65.622,0.0992085,PDN15
39,65.613,0.0992103,PDN15
39.0017,65.605,0.0992082,PDN15
39.0033,65.596,0.0992026,PDN15
39.005,65.588,0.0991955,PDN15
39.0067,65.579,0.0991837,PDN15
39.0083,65.572,0.0991703,PDN15
39.01,65.563,0.0991592,PDN15
39.0117,65.554,0.0991491,PDN15
39.0133,65.547,0.0991426,PDN15
39.015,65.539,0.099141,PDN15
39.0167,65.53,0.0991413,PDN15
39.0183,65.521,0.0991395,PDN15
39.02,65.513,0.0991374,PDN15
39.0217,65.504,0.0991338,PDN15
39.0233,65.497,0.0991283,PDN15
39.025,65.489,0.0991197,PDN15
39.0267,65.481,0.0991101,PDN15
39.0283,65.471,0.0991006,PDN15
39.03,65.463,0.0990948,PDN15
39.0317,65.456,0.0990926,PDN15
39.0333,65.447,0.0990922,PDN15
39.035,65.439,0.0990906,PDN15
39.0367,65.43,0.0990889,PDN15
39.0383,65.422,0.0990883,PDN15
39.04,65.414,0.0990904,PDN15
39.0417,65.406,0.0990949,PDN15
39.0433,65.396,0.099098,PDN15
39.045,65.388,0.0991032,PDN15
39.0467,65.381,0.0991079,PDN15
39.0483,65.371,0.0991149,PDN15
39.05,65.364,0.0991236,PDN15
39.0517,65.356,0.099133,PDN15
39.0533,65.347,0.0991349,PDN15
39.055,65.339,0.0991329,PDN15
39.0567,65.33,0.099131,PDN15
39.0583,65.322,0.099129,PDN15
39.06,65.313,0.0991277,PDN15
39.0617,65.305,0.099125,PDN15
39.0633,65.297,0.0991232,PDN15
39.065,65.289,0.09912,PDN15
39.0667,65.28,0.0991159,PDN15
39.0683,65.273,0.0991104,PDN15
39.07,65.263,0.0991057,PDN15
39.0717,65.255,0.0990952,PDN15
39.0733,65.247,0.0990664,PDN15
39.075,65.238,0.0990529,PDN15
39.0767,65.23,0.0990415,PDN15
39.0783,65.223,0.0990336,PDN15
39.08,65.214,0.0990288,PDN15
39.0817,65.205,0.0990292,PDN15
39.0833,65.197,0.0990317,PDN15
39.085,65.189,0.0990377,PDN15
39.0867,65.18,0.0990453,PDN15
39.0883,65.171,0.0990536,PDN15
39.09,65.164,0.099059,PDN15
39.0917,65.155,0.0990582,PDN15
39.0933,65.148,0.0990592,PDN15
39.095,65.138,0.0990602,PDN15
39.0967,65.131,0.0990561,PDN15
39.0983,65.123,0.0990502,PDN15
39.1,65.114,0.0990475,PDN15
39.1017,65.106,0.0990414,PDN15
39.1033,65.097,0.0990325,PDN15
39.105,65.088,0.0990208,PDN15
39.1067,65.082,0.09901,PDN15
39.1083,65.072,0.0990014,PDN15
39.11,65.064,0.0989957,PDN15
39.1117,65.056,0.0989929,PDN15
39.1133,65.046,0.0989923,PDN15
39.115,65.039,0.0989859,PDN15
39.1167,65.03,0.0989775,PDN15
39.1183,65.022,0.0989703,PDN15
39.12,65.014,0.0989643,PDN15
39.1217,65.005,0.0989573,PDN15
39.1233,64.997,0.0989487,PDN15
39.125,64.989,0.0989397,PDN15
39.1267,64.98,0.0989337,PDN15
39.1283,64.972,0.098933,PDN15
39.13,64.963,0.0989299,PDN15
39.1317,64.955,0.0989259,PDN15
39.1333,64.947,0.0989209,PDN15
39.135,64.939,0.0989146,PDN15
39.1367,64.931,0.0989106,PDN15
39.1383,64.922,0.0989063,PDN15
39.14,64.914,0.098902,PDN15
39.1417,64.905,0.0988983,PDN15
39.1433,64.897,0.0988962,PDN15
39.145,64.89,0.0988889,PDN15
39.1467,64.88,0.0988825,PDN15
39.1483,64.871,0.0988747,PDN15
39.15,64.864,0.0988671,PDN15
39.1517,64.856,0.0988647,PDN15
39.1533,64.847,0.098869,PDN15
39.155,64.84,0.0988736,PDN15
39.1567,64.831,0.0988792,PDN15
39.1583,64.823,0.0988868,PDN15
39.16,64.814,0.0988976,PDN15
39.1617,64.806,0.0989015,PDN15
39.1633,64.797,0.0989001,PDN15
39.165,64.789,0.0988949,PDN15
39.1667,64.781,0.0988868,PDN15
39.1683,64.771,0.098881,PDN15
39.17,64.764,0.0988788,PDN15
39.1717,64.756,0.0988779,PDN15
39.1733,64.748,0.0988768,PDN15
39.175,64.739,0.0988744,PDN15
39.1767,64.731,0.0988726,PDN15
39.1783,64.723,0.098874,PDN15
39.18,64.714,0.0988743,PDN15
39.1817,64.705,0.0988708,PDN15
39.1833,64.698,0.0988616,PDN15
39.185,64.688,0.0988533,PDN15
39.1867,64.68,0.0988507,PDN15
39.1883,64.673,0.0988522,PDN15
39.19,64.665,0.0988556,PDN15
39.1917,64.656,0.0988617,PDN15
39.1933,64.647,0.0988697,PDN15
39.195,64.639,0.0988744,PDN15
39.1967,64.632,0.0988775,PDN15
39.1983,64.622,0.0988812,PDN15
39.2,64.614,0.098882,PDN15
39.2017,64.607,0.0988791,PDN15
39.2033,64.597,0.0988722,PDN15
39.205,64.59,0.0988649,PDN15
39.2067,64.581,0.0988576,PDN15
39.2083,64.572,0.0988537,PDN15
39.21,64.564,0.0988524,PDN15
39.2117,64.556,0.0988509,PDN15
39.2133,64.547,0.0988473,PDN15
39.215,64.538,0.0988446,PDN15
39.2167,64.53,0.0988427,PDN15
39.2183,64.523,0.0988399,PDN15
39.22,64.514,0.0988349,PDN15
39.2217,64.506,0.0988291,PDN15
39.2233,64.498,0.098826,PDN15
39.225,64.489,0.0988208,PDN15
39.2267,64.482,0.0988184,PDN15
39.2283,64.472,0.0988192,PDN15
39.23,64.464,0.0988195,PDN15
39.2317,64.455,0.0988203,PDN15
39.2333,64.447,0.0988211,PDN15
39.235,64.439,0.0988224,PDN15
39.2367,64.431,0.0988233,PDN15
39.2383,64.424,0.0988201,PDN15
39.24,64.415,0.0988143,PDN15
39.2417,64.405,0.0988053,PDN15
39.2433,64.398,0.0987947,PDN15
39.245,64.391,0.0987677,PDN15
39.2467,64.382,0.0987504,PDN15
39.2483,64.373,0.0987382,PDN15
39.25,64.365,0.0987276,PDN15
39.2517,64.356,0.0987189,PDN15
39.2533,64.348,0.0987181,PDN15
39.255,64.339,0.0987233,PDN15
39.2567,64.331,0.0987309,PDN15
39.2583,64.323,0.0987337,PDN15
39.26,64.315,0.09873,PDN15
39.2617,64.307,0.0987281,PDN15
39.2633,64.298,0.098723,PDN15
39.265,64.289,0.0987191,PDN15
39.2667,64.281,0.0987128,PDN15
39.2683,64.272,0.0987009,PDN15
39.27,64.263,0.0986875,PDN15
39.2717,64.257,0.0986787,PDN15
39.2733,64.247,0.0986768,PDN15
39.275,64.239,0.0986758,PDN15
39.2767,64.231,0.0986707,PDN15
39.2783,64.222,0.0986664,PDN15
39.28,64.214,0.098659,PDN15
39.2817,64.206,0.0986519,PDN15
39.2833,64.197,0.0986431,PDN15
39.285,64.189,0.0986368,PDN15
39.2867,64.181,0.098632,PDN15
39.2883,64.173,0.0986298,PDN15
39.29,64.164,0.0986299,PDN15
39.2917,64.156,0.0986323,PDN15
39.2933,64.146,0.0986361,PDN15
39.295,64.138,0.0986397,PDN15
39.2967,64.13,0.098645,PDN15
39.2983,64.122,0.0986476,PDN15
39.3,64.114,0.098648,PDN15
39.3017,64.105,0.0986436,PDN15
39.3033,64.097,0.0986383,PDN15
39.305,64.089,0.0986316,PDN15
39.3067,64.081,0.0986276,PDN15
39.3083,64.072,0.0986235,PDN15
39.31,64.064,0.0986231,PDN15
39.3117,64.056,0.0986267,PDN15
39.3133,64.048,0.0986312,PDN15
39.315,64.039,0.0986328,PDN15
39.3167,64.031,0.0986284,PDN15
39.3183,64.022,0.0986227,PDN15
39.32,64.014,0.0986154,PDN15
39.3217,64.006,0.0986081,PDN15
39.3233,63.997,0.0985947,PDN15
39.325,63.989,0.0985822,PDN15
39.3267,63.981,0.0985692,PDN15
39.3283,63.972,0.0985582,PDN15
39.33,63.964,0.098548,PDN15
39.3317,63.956,0.0985424,PDN15
39.3333,63.947,0.0985363,PDN15
39.335,63.939,0.0985267,PDN15
39.3367,63.93,0.0985157,PDN15
39.3383,63.923,0.0985066,PDN15
39.34,63.914,0.0985005,PDN15
39.3417,63.906,0.0984999,PDN15
39.3433,63.897,0.0985033,PDN15
39.345,63.889,0.0985089,PDN15
39.3467,63.881,0.0985163,PDN15
39.3483,63.873,0.0985184,PDN15
39.35,63.865,0.0985221,PDN15
39.3517,63.856,0.0985234,PDN15
39.3533,63.849,0.0985239,PDN15
39.355,63.84,0.098524,PDN15
39.3567,63.832,0.0985158,PDN15
39.3583,63.823,0.0985078,PDN15
39.36,63.815,0.0985054,PDN15
39.3617,63.806,0.0985083,PDN15
39.3633,63.798,0.0985097,PDN15
39.365,63.789,0.0985065,PDN15
39.3667,63.781,0.0985005,PDN15
39.3683,63.774,0.0984935,PDN15
39.37,63.765,0.0984872,PDN15
39.3717,63.757,0.098483,PDN15
39.3733,63.748,0.0984787,PDN15
39.375,63.739,0.0984732,PDN15
39.3767,63.732,0.0984671,PDN15
39.3783,63.723,0.0984634,PDN15
39.38,63.714,0.0984654,PDN15
39.3817,63.707,0.0984621,PDN15
39.3833,63.699,0.0984597,PDN15
39.385,63.69,0.0984535,PDN15
39.3867,63.682,0.0984486,PDN15
39.3883,63.674,0.0984412,PDN15
39.39,63.665,0.098432,PDN15
39.3917,63.657,0.0984284,PDN15
39.3933,63.648,0.0984289,PDN15
39.395,63.64,0.0984319,PDN15
39.3967,63.631,0.0984336,PDN15
39.3983,63.624,0.098437,PDN15
39.4,63.615,0.0984353,PDN15
39.4017,63.607,0.0984363,PDN15
39.4033,63.598,0.0984352,PDN15
39.405,63.59,0.0984334,PDN15
39.4067,63.581,0.0984278,PDN15
39.4083,63.573,0.0984188,PDN15
39.41,63.565,0.0984164,PDN15
39.4117,63.557,0.0984151,PDN15
39.4133,63.548,0.0984127,PDN15
39.415,63.539,0.0984131,PDN15
39.4167,63.531,0.0984122,PDN15
39.4183,63.522,0.098408,PDN15
39.42,63.514,0.0984057,PDN15
39.4217,63.505,0.0984023,PDN15
39.4233,63.499,0.0984011,PDN15
39.425,63.49,0.0983975,PDN15
39.4267,63.481,0.0983907,PDN15
39.4283,63.473,0.0983854,PDN15
39.43,63.465,0.098382,PDN15
39.4317,63.456,0.098381,PDN15
39.4333,63.448,0.0983795,PDN15
39.435,63.44,0.098374,PDN15
39.4367,63.431,0.0983701,PDN15
39.4383,63.423,0.0983702,PDN15
39.44,63.414,0.0983674,PDN15
39.4417,63.406,0.0983636,PDN15
39.4433,63.398,0.0983633,PDN15
39.445,63.389,0.0983633,PDN15
39.4467,63.379,0.0983585,PDN15
39.4483,63.373,0.0983533,PDN15
39.45,63.364,0.0983485,PDN15
39.4517,63.356,0.0983452,PDN15
39.4533,63.348,0.0983412,PDN15
39.455,63.339,0.0983386,PDN15
39.4567,63.33,0.0983363,PDN15
39.4583,63.323,0.0983354,PDN15
39.46,63.314,0.0983337,PDN15
39.4617,63.305,0.0983329,PDN15
39.4633,63.298,0.0983324,PDN15
39.465,63.289,0.0983298,PDN15
39.4667,63.28,0.0983263,PDN15
39.4683,63.273,0.0983208,PDN15
39.47,63.265,0.0983204,PDN15
39.4717,63.257,0.0983214,PDN15
39.4733,63.247,0.0983198,PDN15
39.475,63.24,0.0983112,PDN15
39.4767,63.231,0.0983049,PDN15
39.4783,63.224,0.0982983,PDN15
39.48,63.214,0.098292,PDN15
39.4817,63.207,0.0982796,PDN15
39.4833,63.199,0.0982676,PDN15
39.485,63.19,0.0982545,PDN15
39.4867,63.181,0.0982422,PDN15
39.4883,63.174,0.0982313,PDN15
39.49,63.165,0.0982237,PDN15
39.4917,63.157,0.0982164,PDN15
39.4933,63.149,0.0982092,PDN15
39.495,63.14,0.098203,PDN15
39.4967,63.132,0.0981989,PDN15
39.4983,63.124,0.098199,PDN15
39.5,63.115,0.0981994,PDN15
39.5017,63.106,0.0982062,PDN15
39.5033,63.099,0.0982141,PDN15
39.505,63.09,0.0982198,PDN15
39.5067,63.081,0.0982192,PDN15
39.5083,63.074,0.0982161,PDN15
39.51,63.065,0.0982111,PDN15
39.5117,63.057,0.0982069,PDN15
39.5133,63.048,0.0981992,PDN15
39.515,63.039,0.0981911,PDN15
39.5167,63.033,0.0981793,PDN15
39.5183,63.023,0.0981668,PDN15
39.52,63.015,0.0981561,PDN15
39.5217,63.006,0.098146,PDN15
39.5233,62.998,0.0981388,PDN15
39.525,62.99,0.0981318,PDN15
39.5267,62.982,0.0981263,PDN15
39.5283,62.973,0.0981186,PDN15
39.53,62.965,0.0981144,PDN15
39.5317,62.956,0.0981088,PDN15
39.5333,62.948,0.0981029,PDN15
39.535,62.94,0.0980938,PDN15
39.5367,62.931,0.0980792,PDN15
39.5383,62.924,0.0980538,PDN15
39.54,62.915,0.0980305,PDN15
39.5417,62.907,0.0980177,PDN15
39.5433,62.898,0.0980066,PDN15
39.545,62.891,0.0980028,PDN15
39.5467,62.881,0.098,PDN15
39.5483,62.874,0.0980017,PDN15
39.55,62.865,0.0980068,PDN15
39.5517,62.856,0.0980104,PDN15
39.5533,62.848,0.0980133,PDN15
39.555,62.841,0.0980126,PDN15
39.5567,62.832,0.0980089,PDN15
39.5583,62.824,0.0980042,PDN15
39.56,62.815,0.0979995,PDN15
39.5617,62.807,0.0979981,PDN15
39.5633,62.798,0.0980008,PDN15
39.565,62.79,0.0980017,PDN15
39.5667,62.781,0.0980058,PDN15
39.5683,62.773,0.0980107,PDN15
39.57,62.765,0.098019,PDN15
39.5717,62.756,0.0980214,PDN15
39.5733,62.749,0.0980164,PDN15
39.575,62.74,0.0980056,PDN15
39.5767,62.732,0.0979953,PDN15
39.5783,62.723,0.0979837,PDN15
39.58,62.714,0.0979733,PDN15
39.5817,62.707,0.0979643,PDN15
39.5833,62.698,0.0979594,PDN15
39.585,62.69,0.0979601,PDN15
39.5867,62.682,0.0979643,PDN15
39.5883,62.673,0.0979717,PDN15
39.59,62.665,0.0979744,PDN15
39.5917,62.656,0.0979721,PDN15
39.5933,62.649,0.0979626,PDN15
39.595,62.64,0.0979499,PDN15
39.5967,62.632,0.0979395,PDN15
39.5983,62.623,0.0979273,PDN15
39.6,62.615,0.0979158,PDN15
39.6017,62.607,0.0979044,PDN15
39.6033,62.599,0.0978986,PDN15
39.605,62.59,0.0978941,PDN15
39.6067,62.582,0.0978941,PDN15
39.6083,62.574,0.0978896,PDN15
39.61,62.566,0.0978851,PDN15
39.6117,62.557,0.0978768,PDN15
39.6133,62.549,0.0978688,PDN15
39.615,62.541,0.0978628,PDN15
39.6167,62.532,0.0978597,PDN15
39.6183,62.524,0.0978605,PDN15
39.62,62.515,0.0978618,PDN15
39.6217,62.507,0.0978614,PDN15
39.6233,62.498,0.0978573,PDN15
39.625,62.49,0.0978567,PDN15
39.6267,62.482,0.0978566,PDN15
39.6283,62.473,0.0978545,PDN15
39.63,62.465,0.097851,PDN15
39.6317,62.457,0.0978478,PDN15
39.6333,62.449,0.0978445,PDN15
39.635,62.44,0.0978373,PDN15
39.6367,62.432,0.0978308,PDN15
39.6383,62.423,0.0978272,PDN15
39.64,62.415,0.0978191,PDN15
39.6417,62.407,0.0978118,PDN15
39.6433,62.398,0.0978086,PDN15
39.645,62.391,0.0978122,PDN15
39.6467,62.382,0.097818,PDN15
39.6483,62.375,0.0978243,PDN15
39.65,62.365,0.0978327,PDN15
39.6517,62.358,0.0978406,PDN15
39.6533,62.349,0.0978449,PDN15
39.655,62.34,0.0978453,PDN15
39.6567,62.331,0.0978447,PDN15
39.6583,62.324,0.0978369,PDN15
39.66,62.315,0.0978271,PDN15
39.6617,62.307,0.0978141,PDN15
39.6633,62.299,0.0978064,PDN15
39.665,62.291,0.0978061,PDN15
39.6667,62.282,0.0978054,PDN15
39.6683,62.274,0.0978059,PDN15
39.67,62.266,0.0978075,PDN15
39.6717,62.257,0.0978124,PDN15
39.6733,62.249,0.0978153,PDN15
39.675,62.24,0.0978158,PDN15
39.6767,62.232,0.0978151,PDN15
39.6783,62.223,0.0978127,PDN15
39.68,62.215,0.0978047,PDN15
39.6817,62.206,0.0977888,PDN15
39.6833,62.199,0.09778,PDN15
39.685,62.191,0.0977694,PDN15
39.6867,62.183,0.0977587,PDN15
39.6883,62.174,0.097749,PDN15
39.69,62.165,0.0977403,PDN15
39.6917,62.157,0.0977328,PDN15
39.6933,62.148,0.097723,PDN15
39.695,62.141,0.0977098,PDN15
39.6967,62.132,0.0977013,PDN15
39.6983,62.124,0.0976931,PDN15
39.7,62.115,0.0976862,PDN15
39.7017,62.107,0.0976828,PDN15
39.7033,62.098,0.0976833,PDN15
39.705,62.09,0.0976852,PDN15
39.7067,62.081,0.0976897,PDN15
39.7083,62.073,0.0977015,PDN15
39.71,62.065,0.0977136,PDN15
39.7117,62.056,0.0977226,PDN15
39.7133,62.049,0.0977303,PDN15
39.715,62.039,0.0977328,PDN15
39.7167,62.032,0.0977338,PDN15
39.7183,62.023,0.0977299,PDN15
39.72,62.015,0.0977237,PDN15
39.7217,62.007,0.0977133,PDN15
39.7233,61.999,0.0977003,PDN15
39.725,61.989,0.0976926,PDN15
39.7267,61.982,0.0976835,PDN15
39.7283,61.974,0.0976743,PDN15
39.73,61.965,0.0976655,PDN15
39.7317,61.957,0.0976588,PDN15
39.7333,61.948,0.0976524,PDN15
39.735,61.94,0.0976493,PDN15
39.7367,61.932,0.097643,PDN15
39.7383,61.922,0.0976396,PDN15
39.74,61.915,0.0976367,PDN15
39.7417,61.907,0.0976341,PDN15
39.7433,61.898,0.0976335,PDN15
39.745,61.891,0.09763,PDN15
39.7467,61.882,0.0976243,PDN15
39.7483,61.873,0.0976198,PDN15
39.75,61.866,0.0976176,PDN15
39.7517,61.856,0.0976149,PDN15
39.7533,61.849,0.097616,PDN15
39.755,61.84,0.0976161,PDN15
39.7567,61.832,0.0976171,PDN15
39.7583,61.822,0.0976196,PDN15
39.76,61.815,0.0976171,PDN15
39.7617,61.806,0.0976142,PDN15
39.7633,61.798,0.0976068,PDN15
39.765,61.791,0.0975976,PDN15
39.7667,61.781,0.0975906,PDN15
39.7683,61.773,0.0975873,PDN15
39.77,61.765,0.0975828,PDN15
39.7717,61.757,0.0975772,PDN15
39.7733,61.748,0.0975718,PDN15
39.775,61.739,0.0975651,PDN15
39.7767,61.732,0.097559,PDN15
39.7783,61.723,0.0975527,PDN15
39.78,61.714,0.0975447,PDN15
39.7817,61.706,0.097534,PDN15
39.7833,61.699,0.0975249,PDN15
39.785,61.69,0.0975172,PDN15
39.7867,61.682,0.0975152,PDN15
39.7883,61.673,0.0975115,PDN15
39.79,61.665,0.0975083,PDN15
39.7917,61.657,0.0975058,PDN15
39.7933,61.648,0.097502,PDN15
39.795,61.64,0.0975007,PDN15
39.7967,61.632,0.0974987,PDN15
39.7983,61.623,0.0974969,PDN15
39.8,61.615,0.0974925,PDN15
39.8017,61.607,0.0974913,PDN15
39.8033,61.598,0.0974924,PDN15
39.805,61.59,0.0974929,PDN15
39.8067,61.581,0.0974941,PDN15
39.8083,61.573,0.0974927,PDN15
39.81,61.566,0.0974895,PDN15
39.8117,61.557,0.097487,PDN15
39.8133,61.55,0.0974845,PDN15
39.815,61.54,0.0974767,PDN15
39.8167,61.531,0.0974706,PDN15
39.8183,61.524,0.0974618,PDN15
39.82,61.515,0.0974542,PDN15
39.8217,61.506,0.0974485,PDN15
39.8233,61.499,0.0974416,PDN15
39.825,61.491,0.0974379,PDN15
39.8267,61.482,0.0974342,PDN15
39.8283,61.473,0.0974304,PDN15
39.83,61.466,0.0974287,PDN15
39.8317,61.457,0.0974296,PDN15
39.8333,61.449,0.0974315,PDN15
39.835,61.439,0.0974323,PDN15
39.8367,61.432,0.0974348,PDN15
39.8383,61.424,0.097435,PDN15
39.84,61.415,0.0974322,PDN15
39.8417,61.406,0.0974307,PDN15
39.8433,61.398,0.0974278,PDN15
39.845,61.39,0.0974258,PDN15
39.8467,61.381,0.0974214,PDN15
39.8483,61.374,0.0974171,PDN15
39.85,61.366,0.0974168,PDN15
39.8517,61.356,0.0974147,PDN15
39.8533,61.348,0.0974089,PDN15
39.855,61.341,0.0973992,PDN15
39.8567,61.33,0.0973893,PDN15
39.8583,61.323,0.0973799,PDN15
39.86,61.315,0.097374,PDN15
39.8617,61.307,0.0973701,PDN15
39.8633,61.298,0.0973688,PDN15
39.865,61.29,0.0973653,PDN15
39.8667,61.282,0.0973613,PDN15
39.8683,61.273,0.0973638,PDN15
39.87,61.265,0.0973669,PDN15
39.8717,61.257,0.0973717,PDN15
39.8733,61.248,0.0973737,PDN15
39.875,61.24,0.0973694,PDN15
39.8767,61.232,0.0973643,PDN15
39.8783,61.223,0.097361,PDN15
39.88,61.215,0.0973598,PDN15
39.8817,61.208,0.0973602,PDN15
39.8833,61.198,0.0973555,PDN15
39.885,61.19,0.0973486,PDN15
39.8867,61.181,0.0973393,PDN15
39.8883,61.173,0.097329,PDN15
39.89,61.165,0.0973232,PDN15
39.8917,61.157,0.0973228,PDN15
39.8933,61.148,0.0973245,PDN15
39.895,61.14,0.097325,PDN15
39.8967,61.132,0.0973248,PDN15
39.8983,61.123,0.097326,PDN15
39.9,61.115,0.0973279,PDN15
39.9017,61.107,0.097326,PDN15
39.9033,61.099,0.0973221,PDN15
39.905,61.091,0.0973184,PDN15
39.9067,61.082,0.0973153,PDN15
39.9083,61.074,0.0973119,PDN15
39.91,61.066,0.0973103,PDN15
39.9117,61.057,0.0973089,PDN15
39.9133,61.049,0.0973077,PDN15
39.915,61.041,0.0973037,PDN15
39.9167,61.033,0.0972972,PDN15
39.9183,61.024,0.0972836,PDN15
39.92,61.016,0.0972239,PDN15
39.9217,61.008,0.0971778,PDN15
39.9233,60.998,0.0971449,PDN15
39.925,60.991,0.0971329,PDN15
39.9267,60.983,0.0971256,PDN15
39.9283,60.973,0.0971241,PDN15
39.93,60.965,0.0971258,PDN15
39.9317,60.958,0.0971318,PDN15
39.9333,60.949,0.0971362,PDN15
39.935,60.941,0.0971385,PDN15
39.9367,60.932,0.0971374,PDN15
39.9383,60.924,0.0971345,PDN15
39.94,60.916,0.0971347,PDN15
39.9417,60.908,0.0971365,PDN15
39.9433,60.899,0.0971381,PDN15
39.945,60.891,0.0971399,PDN15
39.9467,60.883,0.0971408,PDN15
39.9483,60.874,0.0971413,PDN15
39.95,60.866,0.0971444,PDN15
39.9517,60.857,0.097145,PDN15
39.9533,60.848,0.0971436,PDN15
39.955,60.841,0.0971371,PDN15
39.9567,60.832,0.0971308,PDN15
39.9583,60.824,0.0971249,PDN15
39.96,60.816,0.0971179,PDN15
39.9617,60.807,0.0971102,PDN15
39.9633,60.799,0.0971006,PDN15
39.965,60.79,0.097092,PDN15
39.9667,60.782,0.0970819,PDN15
39.9683,60.775,0.0970765,PDN15
39.97,60.766,0.0970719,PDN15
39.9717,60.757,0.0970691,PDN15
39.9733,60.749,0.0970695,PDN15
39.975,60.741,0.0970711,PDN15
39.9767,60.733,0.0970744,PDN15
39.9783,60.723,0.0970786,PDN15
39.98,60.715,0.0970815,PDN15
39.9817,60.707,0.0970797,PDN15
39.9833,60.699,0.0970726,PDN15
39.985,60.691,0.0970662,PDN15
39.9867,60.682,0.0970596,PDN15
39.9883,60.674,0.0970534,PDN15
39.99,60.665,0.0970464,PDN15
39.9917,60.657,0.0970408,PDN15
39.9933,60.648,0.0970345,PDN15
39.995,60.64,0.0970273,PDN15
39.9967,60.631,0.0970205,PDN15
39.9983,60.623,0.0970134,PDN15
40,60.615,0.0970034,PDN15
40.0017,60.607,0.0969904,PDN15
40.0033,60.598,0.0969645,PDN15
40.005,60.591,0.0969304,PDN15
40.0067,60.582,0.0969166,PDN15
40.0083,60.574,0.0969111,PDN15
40.01,60.566,0.0969076,PDN15
40.0117,60.557,0.0969072,PDN15
40.0133,60.549,0.0969011,PDN15
40.015,60.541,0.0968964,PDN15
40.0167,60.531,0.0968931,PDN15
40.0183,60.524,0.0968896,PDN15
40.02,60.515,0.0968876,PDN15
40.0217,60.507,0.0968863,PDN15
40.0233,60.499,0.0968831,PDN15
40.025,60.49,0.0968854,PDN15
40.0267,60.482,0.0969005,PDN15
40.0283,60.474,0.0969072,PDN15
40.03,60.465,0.0969205,PDN15
40.0317,60.457,0.0969273,PDN15
40.0333,60.449,0.0969281,PDN15
40.035,60.44,0.0969228,PDN15
40.0367,60.432,0.0969143,PDN15
40.0383,60.424,0.0969068,PDN15
40.04,60.416,0.0968984,PDN15
40.0417,60.408,0.0968865,PDN15
40.0433,60.398,0.0968745,PDN15
40.045,60.391,0.0968627,PDN15
40.0467,60.382,0.096853,PDN15
40.0483,60.373,0.0968457,PDN15
40.05,60.365,0.0968392,PDN15
40.0517,60.356,0.0968334,PDN15
40.0533,60.349,0.0968263,PDN15
40.055,60.34,0.0968207,PDN15
40.0567,60.332,0.0968185,PDN15
40.0583,60.323,0.0968201,PDN15
40.06,60.315,0.0968208,PDN15
40.0617,60.307,0.0968203,PDN15
40.0633,60.299,0.0968161,PDN15
40.065,60.291,0.096811,PDN15
40.0667,60.282,0.0968053,PDN15
40.0683,60.273,0.0967997,PDN15
40.07,60.266,0.0967965,PDN15
40.0717,60.258,0.0967946,PDN15
40.0733,60.248,0.0967947,PDN15
40.075,60.241,0.0967942,PDN15
40.0767,60.232,0.0967984,PDN15
40.0783,60.224,0.0968008,PDN15
40.08,60.215,0.0968032,PDN15
40.0817,60.206,0.096803,PDN15
40.0833,60.199,0.0967988,PDN15
40.085,60.19,0.0967903,PDN15
40.0867,60.181,0.096781,PDN15
40.0883,60.174,0.0967715,PDN15
40.09,60.165,0.0967652,PDN15
40.0917,60.159,0.0967627,PDN15
40.0933,60.148,0.0967571,PDN15
40.095,60.14,0.0967503,PDN15
40.0967,60.132,0.0967433,PDN15
40.0983,60.125,0.096738,PDN15
40.1,60.116,0.0967342,PDN15
40.1017,60.108,0.0967301,PDN15
40.1033,60.1,0.0967206,PDN15
40.105,60.091,0.0967121,PDN15
40.1067,60.083,0.0967013,PDN15
40.1083,60.074,0.0966974,PDN15
40.11,60.066,0.0966947,PDN15
40.1117,60.057,0.0966937,PDN15
40.1133,60.049,0.0966913,PDN15
40.115,60.04,0.0966905,PDN15
40.1167,60.033,0.0966902,PDN15
40.1183,60.025,0.0966899,PDN15
40.12,60.016,0.0966842,PDN15
40.1217,60.008,0.0966672,PDN15
40.1233,59.998,0.0966153,PDN15
40.125,59.99,0.0965572,PDN15
40.1267,59.982,0.0965097,PDN15
40.1283,59.974,0.0964927,PDN15
40.13,59.967,0.0964779,PDN15
40.1317,59.958,0.0964674,PDN15
40.1333,59.949,0.0964625,PDN15
40.135,59.941,0.0964591,PDN15
40.1367,59.932,0.0964607,PDN15
40.1383,59.924,0.0964777,PDN15
40.14,59.915,0.0964889,PDN15
40.1417,59.907,0.0964926,PDN15
40.1433,59.899,0.0964925,PDN15
40.145,59.891,0.0964889,PDN15
40.1467,59.882,0.0964864,PDN15
40.1483,59.874,0.0964821,PDN15
40.15,59.867,0.0964792,PDN15
40.1517,59.857,0.0964799,PDN15
40.1533,59.849,0.0964786,PDN15
40.155,59.84,0.0964757,PDN15
40.1567,59.833,0.096472,PDN15
40.1583,59.824,0.0964688,PDN15
40.16,59.817,0.0964659,PDN15
40.1617,59.808,0.0964608,PDN15
40.1633,59.799,0.0964564,PDN15
40.165,59.791,0.0964515,PDN15
40.1667,59.783,0.0964451,PDN15
40.1683,59.774,0.0964384,PDN15
40.17,59.765,0.0964376,PDN15
40.1717,59.757,0.0964347,PDN15
40.1733,59.75,0.0964301,PDN15
40.175,59.741,0.0964261,PDN15
40.1767,59.733,0.0964236,PDN15
40.1783,59.725,0.0964251,PDN15
40.18,59.716,0.0964271,PDN15
40.1817,59.708,0.0964328,PDN15
40.1833,59.7,0.0964505,PDN15
40.185,59.692,0.0964786,PDN15
40.1867,59.683,0.0964956,PDN15
40.1883,59.674,0.0965025,PDN15
40.19,59.667,0.0965045,PDN15
40.1917,59.658,0.0965032,PDN15
40.1933,59.649,0.0964978,PDN15
40.195,59.642,0.0964937,PDN15
40.1967,59.633,0.0964917,PDN15
40.1983,59.625,0.0964892,PDN15
40.2,59.616,0.096486,PDN15
40.2017,59.608,0.0964809,PDN15
40.2033,59.6,0.0964785,PDN15
40.205,59.591,0.0964738,PDN15
40.2067,59.583,0.0964658,PDN15
40.2083,59.575,0.0964616,PDN15
40.21,59.566,0.0964633,PDN15
40.2117,59.558,0.0964607,PDN15
40.2133,59.55,0.0964608,PDN15
40.215,59.541,0.0964632,PDN15
40.2167,59.534,0.0964655,PDN15
40.2183,59.525,0.0964719,PDN15
40.22,59.517,0.0964746,PDN15
40.2217,59.509,0.0964783,PDN15
40.2233,59.499,0.0964791,PDN15
40.225,59.492,0.096477,PDN15
40.2267,59.483,0.0964716,PDN15
40.2283,59.475,0.0964693,PDN15
40.23,59.467,0.0964632,PDN15
40.2317,59.458,0.0964569,PDN15
40.2333,59.45,0.0964526,PDN15
40.235,59.442,0.0964435,PDN15
40.2367,59.432,0.0964365,PDN15
40.2383,59.425,0.0964301,PDN15
40.24,59.416,0.0964228,PDN15
40.2417,59.408,0.0964201,PDN15
40.2433,59.399,0.0964138,PDN15
40.245,59.391,0.0964063,PDN15
40.2467,59.383,0.0964021,PDN15
40.2483,59.375,0.0964015,PDN15
40.25,59.366,0.0964017,PDN15
40.2517,59.357,0.0964066,PDN15
40.2533,59.35,0.0964103,PDN15
40.255,59.342,0.0964121,PDN15
40.2567,59.333,0.0964159,PDN15
40.2583,59.324,0.0964212,PDN15
40.26,59.316,0.0964307,PDN15
40.2617,59.308,0.0964329,PDN15
40.2633,59.3,0.096435,PDN15
40.265,59.291,0.096437,PDN15
40.2667,59.284,0.0964376,PDN15
40.2683,59.275,0.0964366,PDN15
40.27,59.266,0.0964392,PDN15
40.2717,59.259,0.0964446,PDN15
40.2733,59.25,0.0964464,PDN15
40.275,59.242,0.0964438,PDN15
40.2767,59.234,0.0964379,PDN15
40.2783,59.224,0.0964286,PDN15
40.28,59.216,0.0964194,PDN15
40.2817,59.208,0.0964149,PDN15
40.2833,59.201,0.0964093,PDN15
40.285,59.191,0.0964011,PDN15
40.2867,59.184,0.0963948,PDN15
40.2883,59.175,0.0963865,PDN15
40.29,59.167,0.0963813,PDN15
40.2917,59.159,0.0963767,PDN15
40.2933,59.151,0.0963763,PDN15
40.295,59.142,0.0963769,PDN15
40.2967,59.134,0.0963789,PDN15
40.2983,59.125,0.0963826,PDN15
40.3,59.117,0.0963874,PDN15
40.3017,59.109,0.0963911,PDN15
40.3033,59.1,0.0963957,PDN15
40.305,59.091,0.0964001,PDN15
40.3067,59.083,0.0964034,PDN15
40.3083,59.076,0.0964035,PDN15
40.31,59.067,0.0963969,PDN15
40.3117,59.058,0.0963895,PDN15
40.3133,59.051,0.0963837,PDN15
40.315,59.043,0.0963807,PDN15
40.3167,59.035,0.0963792,PDN15
40.3183,59.025,0.0963765,PDN15
40.32,59.017,0.0963681,PDN15
40.3217,59.008,0.0963619,PDN15
40.3233,59,0.0963552,PDN15
40.325,58.992,0.096347,PDN15
40.3267,58.983,0.0963395,PDN15
40.3283,58.976,0.0963324,PDN15
40.33,58.967,0.0963239,PDN15
40.3317,58.959,0.0963199,PDN15
40.3333,58.951,0.0963224,PDN15
40.335,58.943,0.0963252,PDN15
40.3367,58.934,0.0963271,PDN15
40.3383,58.925,0.0963221,PDN15
40.34,58.917,0.0963175,PDN15
40.3417,58.909,0.0963072,PDN15
40.3433,58.899,0.0962955,PDN15
40.345,58.891,0.0962821,PDN15
40.3467,58.884,0.096269,PDN15
40.3483,58.875,0.096259,PDN15
40.35,58.867,0.0962553,PDN15
40.3517,58.859,0.0962554,PDN15
40.3533,58.85,0.0962605,PDN15
40.355,58.842,0.096265,PDN15
40.3567,58.833,0.0962708,PDN15
40.3583,58.825,0.0962797,PDN15
40.36,58.816,0.0962843,PDN15
40.3617,58.808,0.0962871,PDN15
40.3633,58.801,0.0962877,PDN15
40.365,58.792,0.0962854,PDN15
40.3667,58.785,0.096281,PDN15
40.3683,58.775,0.096271,PDN15
40.37,58.768,0.0962516,PDN15
40.3717,58.759,0.0962286,PDN15
40.3733,58.75,0.0961926,PDN15
40.375,58.742,0.0961683,PDN15
40.3767,58.734,0.0961488,PDN15
40.3783,58.726,0.0961366,PDN15
40.38,58.717,0.0961296,PDN15
40.3817,58.709,0.0961294,PDN15
40.3833,58.7,0.0961328,PDN15
40.385,58.692,0.0961363,PDN15
40.3867,58.684,0.096142,PDN15
40.3883,58.675,0.0961466,PDN15
40.39,58.668,0.0961502,PDN15
40.3917,58.659,0.0961509,PDN15
40.3933,58.651,0.0961499,PDN15
40.395,58.643,0.0961491,PDN15
40.3967,58.633,0.0961484,PDN15
40.3983,58.625,0.0961448,PDN15
40.4,58.618,0.0961391,PDN15
40.4017,58.609,0.0961378,PDN15
40.4033,58.601,0.0961346,PDN15
40.405,58.592,0.096134,PDN15
40.4067,58.584,0.0961342,PDN15
40.4083,58.576,0.096137,PDN15
40.41,58.567,0.0961372,PDN15
40.4117,58.559,0.0961293,PDN15
40.4133,58.55,0.0961199,PDN15
40.415,58.543,0.0961099,PDN15
40.4167,58.534,0.0960998,PDN15
40.4183,58.525,0.0960893,PDN15
40.42,58.517,0.0960854,PDN15
40.4217,58.509,0.0960824,PDN15
40.4233,58.5,0.09608,PDN15
40.425,58.493,0.0960802,PDN15
40.4267,58.485,0.096081,PDN15
40.4283,58.476,0.0960794,PDN15
40.43,58.467,0.0960715,PDN15
40.4317,58.459,0.0960587,PDN15
40.4333,58.451,0.0960461,PDN15
40.435,58.443,0.0960394,PDN15
40.4367,58.435,0.0960365,PDN15
40.4383,58.425,0.0960367,PDN15
40.44,58.417,0.0960405,PDN15
40.4417,58.41,0.0960434,PDN15
40.4433,58.401,0.0960436,PDN15
40.445,58.393,0.0960431,PDN15
40.4467,58.383,0.09604,PDN15
40.4483,58.376,0.0960333,PDN15
40.45,58.368,0.0960205,PDN15
40.4517,58.359,0.096007,PDN15
40.4533,58.351,0.0959983,PDN15
40.455,58.342,0.0959948,PDN15
40.4567,58.334,0.0959897,PDN15
40.4583,58.326,0.0959907,PDN15
40.46,58.318,0.0959972,PDN15
40.4617,58.309,0.0960025,PDN15
40.4633,58.301,0.0960077,PDN15
40.465,58.292,0.0960088,PDN15
40.4667,58.284,0.0960074,PDN15
40.4683,58.275,0.0960026,PDN15
40.47,58.268,0.0959934,PDN15
40.4717,58.258,0.0959873,PDN15
40.4733,58.251,0.0959846,PDN15
40.475,58.243,0.0959834,PDN15
40.4767,58.235,0.0959834,PDN15
40.4783,58.225,0.0959844,PDN15
40.48,58.217,0.0959873,PDN15
40.4817,58.209,0.0959889,PDN15
40.4833,58.2,0.0959882,PDN15
40.485,58.192,0.0959837,PDN15
40.4867,58.185,0.0959819,PDN15
40.4883,58.175,0.0959799,PDN15
40.49,58.167,0.0959816,PDN15
40.4917,58.159,0.095986,PDN15
40.4933,58.151,0.095989,PDN15
40.495,58.142,0.0959896,PDN15
40.4967,58.134,0.0959857,PDN15
40.4983,58.126,0.0959813,PDN15
40.5,58.118,0.0959735,PDN15
40.5017,58.108,0.095965,PDN15
40.5033,58.1,0.0959571,PDN15
40.505,58.092,0.0959481,PDN15
40.5067,58.085,0.0959393,PDN15
40.5083,58.075,0.0959355,PDN15
40.51,58.067,0.0959358,PDN15
40.5117,58.059,0.0959442,PDN15
40.5133,58.051,0.0959517,PDN15
40.515,58.043,0.0959535,PDN15
40.5167,58.034,0.0959514,PDN15
40.5183,58.025,0.09595,PDN15
40.52,58.018,0.0959536,PDN15
40.5217,58.01,0.0959531,PDN15
40.5233,58.001,0.0959512,PDN15
40.525,57.993,0.095943,PDN15
40.5267,57.984,0.0959369,PDN15
40.5283,57.975,0.0959249,PDN15
40.53,57.968,0.0959183,PDN15
40.5317,57.959,0.0959139,PDN15
40.5333,57.951,0.0959124,PDN15
40.535,57.942,0.0959097,PDN15
40.5367,57.934,0.0959062,PDN15
40.5383,57.926,0.0959051,PDN15
40.54,57.917,0.0959024,PDN15
40.5417,57.909,0.0959053,PDN15
40.5433,57.901,0.0959105,PDN15
40.545,57.891,0.0959187,PDN15
40.5467,57.884,0.0959312,PDN15
40.5483,57.876,0.0959392,PDN15
40.55,57.867,0.0959458,PDN15
40.5517,57.859,0.0959566,PDN15
40.5533,57.851,0.0959662,PDN15
40.555,57.842,0.0959693,PDN15
40.5567,57.834,0.0959674,PDN15
40.5583,57.826,0.095961,PDN15
40.56,57.817,0.0959502,PDN15
40.5617,57.81,0.0959397,PDN15
40.5633,57.802,0.0959325,PDN15
40.565,57.792,0.0959269,PDN15
40.5667,57.784,0.0959225,PDN15
40.5683,57.776,0.0959181,PDN15
40.57,57.768,0.0959151,PDN15
40.5717,57.76,0.0959163,PDN15
40.5733,57.75,0.0959151,PDN15
40.575,57.743,0.0959117,PDN15
40.5767,57.735,0.0959065,PDN15
40.5783,57.727,0.0958977,PDN15
40.58,57.718,0.0958858,PDN15
40.5817,57.709,0.0958733,PDN15
40.5833,57.701,0.0958662,PDN15
40.585,57.691,0.0958568,PDN15
40.5867,57.683,0.0958532,PDN15
40.5883,57.677,0.095851,PDN15
40.59,57.667,0.0958522,PDN15
40.5917,57.659,0.0958541,PDN15
40.5933,57.651,0.0958582,PDN15
40.595,57.642,0.0958657,PDN15
40.5967,57.635,0.0958701,PDN15
40.5983,57.626,0.0958734,PDN15
40.6,57.618,0.095876,PDN15
40.6017,57.609,0.0958796,PDN15
40.6033,57.601,0.0958832,PDN15
40.605,57.594,0.0958849,PDN15
40.6067,57.584,0.0958844,PDN15
40.6083,57.577,0.0958788,PDN15
40.61,57.568,0.095873,PDN15
40.6117,57.559,0.0958646,PDN15
40.6133,57.551,0.0958543,PDN15
40.615,57.543,0.0958359,PDN15
40.6167,57.535,0.0957945,PDN15
40.6183,57.526,0.0957646,PDN15
40.62,57.519,0.0957516,PDN15
40.6217,57.51,0.0957385,PDN15
40.6233,57.502,0.0957282,PDN15
40.625,57.493,0.0957221,PDN15
40.6267,57.485,0.0957203,PDN15
40.6283,57.477,0.0957209,PDN15
40.63,57.467,0.0957215,PDN15
40.6317,57.46,0.0957235,PDN15
40.6333,57.451,0.0957244,PDN15
40.635,57.443,0.0957231,PDN15
40.6367,57.434,0.0957168,PDN15
40.6383,57.425,0.0957128,PDN15
40.64,57.418,0.095709,PDN15
40.6417,57.41,0.0957066,PDN15
40.6433,57.402,0.0957058,PDN15
40.645,57.393,0.0957084,PDN15
40.6467,57.385,0.0957105,PDN15
40.6483,57.376,0.0957082,PDN15
40.65,57.368,0.0957078,PDN15
40.6517,57.361,0.0957099,PDN15
40.6533,57.352,0.095708,PDN15
40.655,57.343,0.0957059,PDN15
40.6567,57.334,0.0957015,PDN15
40.6583,57.326,0.0956976,PDN15
40.66,57.317,0.0956958,PDN15
40.6617,57.31,0.0956975,PDN15
40.6633,57.301,0.0956993,PDN15
40.665,57.293,0.0956974,PDN15
40.6667,57.284,0.0956959,PDN15
40.6683,57.277,0.0956944,PDN15
40.67,57.268,0.0956961,PDN15
40.6717,57.26,0.0956943,PDN15
40.6733,57.252,0.0956979,PDN15
40.675,57.243,0.095703,PDN15
40.6767,57.234,0.0957111,PDN15
40.6783,57.226,0.0957237,PDN15
40.68,57.218,0.0957336,PDN15
40.6817,57.209,0.0957395,PDN15
40.6833,57.201,0.0957365,PDN15
40.685,57.193,0.0957279,PDN15
40.6867,57.184,0.0957158,PDN15
40.6883,57.177,0.0956993,PDN15
40.69,57.168,0.0956642,PDN15
40.6917,57.159,0.0956505,PDN15
40.6933,57.152,0.0956451,PDN15
40.695,57.144,0.0956438,PDN15
40.6967,57.135,0.095649,PDN15
40.6983,57.126,0.0956528,PDN15
40.7,57.118,0.0956601,PDN15
40.7017,57.11,0.095665,PDN15
40.7033,57.101,0.0956658,PDN15
40.705,57.093,0.0956637,PDN15
40.7067,57.085,0.0956646,PDN15
40.7083,57.077,0.0956623,PDN15
40.71,57.068,0.0956599,PDN15
40.7117,57.059,0.0956614,PDN15
40.7133,57.052,0.0956625,PDN15
40.715,57.042,0.0956638,PDN15
40.7167,57.034,0.0956606,PDN15
40.7183,57.026,0.0956559,PDN15
40.72,57.018,0.0956496,PDN15
40.7217,57.01,0.0956432,PDN15
40.7233,57.001,0.0956349,PDN15
40.725,56.994,0.0956247,PDN15
40.7267,56.985,0.0956164,PDN15
40.7283,56.976,0.0956099,PDN15
40.73,56.968,0.0956062,PDN15
40.7317,56.96,0.0956051,PDN15
40.7333,56.952,0.0956102,PDN15
40.735,56.943,0.095618,PDN15
40.7367,56.935,0.0956253,PDN15
40.7383,56.926,0.0956326,PDN15
40.74,56.919,0.0956357,PDN15
40.7417,56.91,0.095639,PDN15
40.7433,56.901,0.0956397,PDN15
40.745,56.893,0.0956421,PDN15
40.7467,56.885,0.0956448,PDN15
40.7483,56.877,0.0956451,PDN15
40.75,56.868,0.0956438,PDN15
40.7517,56.859,0.0956428,PDN15
40.7533,56.853,0.0956447,PDN15
40.755,56.844,0.0956516,PDN15
40.7567,56.835,0.0956556,PDN15
40.7583,56.827,0.0956565,PDN15
40.76,56.819,0.0956557,PDN15
40.7617,56.811,0.0956544,PDN15
40.7633,56.802,0.0956503,PDN15
40.765,56.794,0.0956452,PDN15
40.7667,56.785,0.0956387,PDN15
40.7683,56.776,0.0956317,PDN15
40.77,56.769,0.0956205,PDN15
40.7717,56.76,0.0956075,PDN15
40.7733,56.752,0.0955955,PDN15
40.775,56.743,0.0955843,PDN15
40.7767,56.734,0.0955738,PDN15
40.7783,56.727,0.0955616,PDN15
40.78,56.718,0.0955523,PDN15
40.7817,56.71,0.0955432,PDN15
40.7833,56.702,0.0955374,PDN15
40.785,56.692,0.095532,PDN15
40.7867,56.685,0.0955284,PDN15
40.7883,56.676,0.0955289,PDN15
40.79,56.668,0.0955331,PDN15
40.7917,56.66,0.0955397,PDN15
40.7933,56.652,0.0955466,PDN15
40.795,56.643,0.0955521,PDN15
40.7967,56.635,0.0955546,PDN15
40.7983,56.627,0.0955566,PDN15
40.8,56.619,0.0955622,PDN15
40.8017,56.61,0.0955646,PDN15
40.8033,56.601,0.0955639,PDN15
40.805,56.593,0.0955629,PDN15
40.8067,56.585,0.0955638,PDN15
40.8083,56.577,0.0955669,PDN15
40.81,56.569,0.0955687,PDN15
40.8117,56.56,0.0955696,PDN15
40.8133,56.552,0.0955694,PDN15
40.815,56.543,0.095565,PDN15
40.8167,56.534,0.0955601,PDN15
40.8183,56.526,0.0955588,PDN15
40.82,56.518,0.0955618,PDN15
40.8217,56.509,0.0955652,PDN15
40.8233,56.502,0.0955695,PDN15
40.825,56.494,0.0955747,PDN15
40.8267,56.485,0.0955814,PDN15
40.8283,56.477,0.0955855,PDN15
40.83,56.469,0.0955825,PDN15
40.8317,56.46,0.0955753,PDN15
40.8333,56.451,0.0955666,PDN15
40.835,56.443,0.0955561,PDN15
40.8367,56.434,0.0955441,PDN15
40.8383,56.426,0.0955347,PDN15
40.84,56.418,0.0955304,PDN15
40.8417,56.41,0.095527,PDN15
40.8433,56.401,0.0955243,PDN15
40.845,56.393,0.0955209,PDN15
40.8467,56.386,0.0955177,PDN15
40.8483,56.377,0.0955096,PDN15
40.85,56.367,0.0955021,PDN15
40.8517,56.36,0.0955012,PDN15
40.8533,56.351,0.0954971,PDN15
40.855,56.343,0.0954926,PDN15
40.8567,56.334,0.0954816,PDN15
40.8583,56.326,0.0954705,PDN15
40.86,56.318,0.0954639,PDN15
40.8617,56.31,0.0954593,PDN15
40.8633,56.302,0.095455,PDN15
40.865,56.293,0.09545,PDN15
40.8667,56.285,0.0954466,PDN15
40.8683,56.276,0.095445,PDN15
40.87,56.269,0.0954478,PDN15
40.8717,56.26,0.0954492,PDN15
40.8733,56.251,0.0954522,PDN15
40.875,56.242,0.0954484,PDN15
40.8767,56.235,0.0954442,PDN15
40.8783,56.227,0.0954424,PDN15
40.88,56.218,0.0954413,PDN15
40.8817,56.209,0.0954408,PDN15
40.8833,56.202,0.0954395,PDN15
40.885,56.193,0.095439,PDN15
40.8867,56.185,0.0954378,PDN15
40.8883,56.177,0.0954398,PDN15
40.89,56.169,0.0954414,PDN15
40.8917,56.16,0.0954457,PDN15
40.8933,56.153,0.0954456,PDN15
40.895,56.144,0.09544,PDN15
40.8967,56.134,0.0954323,PDN15
40.8983,56.127,0.095421,PDN15
40.9,56.118,0.095409,PDN15
40.9017,56.11,0.0953975,PDN15
40.9033,56.102,0.0953912,PDN15
40.905,56.094,0.0953857,PDN15
40.9067,56.085,0.095382,PDN15
40.9083,56.077,0.0953787,PDN15
40.91,56.069,0.0953785,PDN15
40.9117,56.061,0.0953779,PDN15
40.9133,56.052,0.0953775,PDN15
40.915,56.043,0.0953752,PDN15
40.9167,56.035,0.0953744,PDN15
40.9183,56.027,0.0953722,PDN15
40.92,56.019,0.0953682,PDN15
40.9217,56.011,0.0953648,PDN15
40.9233,56.002,0.0953614,PDN15
40.925,55.994,0.0953554,PDN15
40.9267,55.986,0.0953519,PDN15
40.9283,55.977,0.0953475,PDN15
40.93,55.969,0.0953442,PDN15
40.9317,55.96,0.095343,PDN15
40.9333,55.953,0.0953419,PDN15
40.935,55.945,0.0953417,PDN15
40.9367,55.935,0.095341,PDN15
40.9383,55.928,0.0953412,PDN15
40.94,55.919,0.095343,PDN15
40.9417,55.911,0.0953431,PDN15
40.9433,55.903,0.0953405,PDN15
40.945,55.894,0.0953381,PDN15
40.9467,55.886,0.0953375,PDN15
40.9483,55.877,0.0953353,PDN15
40.95,55.868,0.095334,PDN15
40.9517,55.861,0.0953337,PDN15
40.9533,55.853,0.0953342,PDN15
40.955,55.844,0.0953324,PDN15
40.9567,55.835,0.0953275,PDN15
40.9583,55.827,0.0953229,PDN15
40.96,55.819,0.0953212,PDN15
40.9617,55.811,0.0953169,PDN15
40.9633,55.803,0.095308,PDN15
40.965,55.795,0.0952991,PDN15
40.9667,55.787,0.0952885,PDN15
40.9683,55.778,0.0952779,PDN15
40.97,55.769,0.0952705,PDN15
40.9717,55.761,0.0952674,PDN15
40.9733,55.752,0.0952635,PDN15
40.975,55.744,0.0952618,PDN15
40.9767,55.736,0.0952603,PDN15
40.9783,55.728,0.0952606,PDN15
40.98,55.719,0.0952617,PDN15
40.9817,55.71,0.0952643,PDN15
40.9833,55.702,0.0952675,PDN15
40.985,55.694,0.0952667,PDN15
40.9867,55.686,0.0952662,PDN15
40.9883,55.677,0.0952687,PDN15
40.99,55.669,0.0952703,PDN15
40.9917,55.66,0.0952745,PDN15
40.9933,55.652,0.0952792,PDN15
40.995,55.644,0.0952829,PDN15
40.9967,55.636,0.0952834,PDN15
40.9983,55.627,0.0952833,PDN15
41,55.619,0.0952862,PDN15
41.0017,55.611,0.0952918,PDN15
41.0033,55.602,0.0952933,PDN15
41.005,55.593,0.0952916,PDN15
41.0067,55.587,0.0952874,PDN15
41.0083,55.576,0.0952798,PDN15
41.01,55.569,0.0952751,PDN15
41.0117,55.562,0.0952671,PDN15
41.0133,55.552,0.0952633,PDN15
41.015,55.544,0.0952565,PDN15
41.0167,55.535,0.0952544,PDN15
41.0183,55.527,0.0952523,PDN15
41.02,55.518,0.0952523,PDN15
41.0217,55.511,0.0952517,PDN15
41.0233,55.503,0.0952514,PDN15
41.025,55.494,0.0952527,PDN15
41.0267,55.486,0.095256,PDN15
41.0283,55.478,0.0952584,PDN15
41.03,55.469,0.0952571,PDN15
41.0317,55.46,0.0952615,PDN15
41.0333,55.452,0.0952643,PDN15
41.035,55.444,0.0952651,PDN15
41.0367,55.435,0.0952644,PDN15
41.0383,55.427,0.0952673,PDN15
41.04,55.419,0.0952701,PDN15
41.0417,55.412,0.0952729,PDN15
41.0433,55.403,0.0952776,PDN15
41.045,55.394,0.0952782,PDN15
41.0467,55.386,0.0952788,PDN15
41.0483,55.377,0.0952823,PDN15
41.05,55.369,0.0952818,PDN15
41.0517,55.361,0.0952804,PDN15
41.0533,55.352,0.095276,PDN15
41.055,55.344,0.0952712,PDN15
41.0567,55.336,0.0952636,PDN15
41.0583,55.328,0.0952601,PDN15
41.06,55.32,0.0952551,PDN15
41.0617,55.311,0.0952518,PDN15
41.0633,55.302,0.0952514,PDN15
41.065,55.294,0.0952539,PDN15
41.0667,55.285,0.0952558,PDN15
41.0683,55.277,0.0952588,PDN15
41.07,55.269,0.0952624,PDN15
41.0717,55.261,0.0952641,PDN15
41.0733,55.252,0.0952651,PDN15
41.075,55.244,0.0952627,PDN15
41.0767,55.236,0.0952624,PDN15
41.0783,55.228,0.0952636,PDN15
41.08,55.219,0.0952651,PDN15
41.0817,55.211,0.095268,PDN15
41.0833,55.203,0.0952746,PDN15
41.085,55.194,0.0952781,PDN15
41.0867,55.186,0.0952815,PDN15
41.0883,55.178,0.0952857,PDN15
41.09,55.169,0.0952857,PDN15
41.0917,55.161,0.0952806,PDN15
41.0933,55.152,0.0952721,PDN15
41.095,55.144,0.0952633,PDN15
41.0967,55.136,0.0952578,PDN15
41.0983,55.127,0.0952495,PDN15
41.1,55.119,0.0952417,PDN15
41.1017,55.11,0.0952342,PDN15
41.1033,55.102,0.095226,PDN15
41.105,55.094,0.0952195,PDN15
41.1067,55.085,0.0952145,PDN15
41.1083,55.077,0.0952128,PDN15
41.11,55.069,0.0952129,PDN15
41.1117,55.06,0.0952131,PDN15
41.1133,55.053,0.0952167,PDN15
41.115,55.044,0.0952219,PDN15
41.1167,55.035,0.0952252,PDN15
41.1183,55.028,0.0952264,PDN15
41.12,55.019,0.0952233,PDN15
41.1217,55.011,0.095222,PDN15
41.1233,55.002,0.0952187,PDN15
41.125,54.994,0.0952151,PDN15
41.1267,54.986,0.095212,PDN15
41.1283,54.978,0.0952082,PDN15
41.13,54.97,0.0952058,PDN15
41.1317,54.961,0.0952044,PDN15
41.1333,54.953,0.0952041,PDN15
41.135,54.944,0.0952039,PDN15
41.1367,54.937,0.0951981,PDN15
41.1383,54.928,0.0951899,PDN15
41.14,54.918,0.0951851,PDN15
41.1417,54.911,0.0951812,PDN15
41.1433,54.902,0.0951772,PDN15
41.145,54.894,0.095171,PDN15
41.1467,54.886,0.0951659,PDN15
41.1483,54.877,0.09516,PDN15
41.15,54.869,0.095153,PDN15
41.1517,54.861,0.0951473,PDN15
41.1533,54.853,0.0951437,PDN15
41.155,54.844,0.0951433,PDN15
41.1567,54.836,0.0951458,PDN15
41.1583,54.827,0.0951442,PDN15
41.16,54.82,0.0951471,PDN15
41.1617,54.811,0.0951484,PDN15
41.1633,54.802,0.0951483,PDN15
41.165,54.793,0.0951416,PDN15
41.1667,54.785,0.0951348,PDN15
41.1683,54.777,0.0951263,PDN15
41.17,54.77,0.0951195,PDN15
41.1717,54.762,0.0951155,PDN15
41.1733,54.752,0.0951128,PDN15
41.175,54.745,0.0951167,PDN15
41.1767,54.735,0.0951193,PDN15
41.1783,54.727,0.0951269,PDN15
41.18,54.719,0.0951333,PDN15
41.1817,54.712,0.095133,PDN15
41.1833,54.703,0.0951304,PDN15
41.185,54.693,0.0951276,PDN15
41.1867,54.685,0.0951273,PDN15
41.1883,54.678,0.0951246,PDN15
41.19,54.669,0.095119,PDN15
41.1917,54.661,0.0951119,PDN15
41.1933,54.653,0.0951124,PDN15
41.195,54.645,0.0951096,PDN15
41.1967,54.636,0.0951102,PDN15
41.1983,54.628,0.095114,PDN15
41.2,54.619,0.09512,PDN15
41.2017,54.611,0.0951288,PDN15
41.2033,54.602,0.0951362,PDN15
41.205,54.595,0.0951456,PDN15
41.2067,54.586,0.0951472,PDN15
41.2083,54.578,0.095141,PDN15
41.21,54.569,0.0951135,PDN15
41.2117,54.561,0.0950899,PDN15
41.2133,54.553,0.0950742,PDN15
41.215,54.545,0.0950568,PDN15
41.2167,54.536,0.0950461,PDN15
41.2183,54.528,0.0950396,PDN15
41.22,54.519,0.0950357,PDN15
41.2217,54.511,0.095035,PDN15
41.2233,54.502,0.0950369,PDN15
41.225,54.494,0.0950368,PDN15
41.2267,54.485,0.0950356,PDN15
41.2283,54.478,0.0950332,PDN15
41.23,54.47,0.0950355,PDN15
41.2317,54.462,0.0950397,PDN15
41.2333,54.452,0.0950436,PDN15
41.235,54.444,0.0950439,PDN15
41.2367,54.437,0.0950477,PDN15
41.2383,54.428,0.0950492,PDN15
41.24,54.42,0.0950496,PDN15
41.2417,54.412,0.0950499,PDN15
41.2433,54.404,0.0950464,PDN15
41.245,54.394,0.095039,PDN15
41.2467,54.386,0.0950221,PDN15
41.2483,54.378,0.095013,PDN15
41.25,54.369,0.0950078,PDN15
41.2517,54.361,0.0950057,PDN15
41.2533,54.353,0.0950039,PDN15
41.255,54.345,0.095006,PDN15
41.2567,54.336,0.0950066,PDN15
41.2583,54.328,0.095011,PDN15
41.26,54.32,0.0950138,PDN15
41.2617,54.312,0.0950119,PDN15
41.2633,54.304,0.0950043,PDN15
41.265,54.295,0.0949933,PDN15
41.2667,54.287,0.0949841,PDN15
41.2683,54.278,0.0949714,PDN15
41.27,54.269,0.0949524,PDN15
41.2717,54.261,0.0949454,PDN15
41.2733,54.253,0.0949449,PDN15
41.275,54.245,0.0949452,PDN15
41.2767,54.237,0.0949436,PDN15
41.2783,54.228,0.0949423,PDN15
41.28,54.22,0.0949395,PDN15
41.2817,54.212,0.094935,PDN15
41.2833,54.204,0.0949304,PDN15
41.285,54.195,0.0949289,PDN15
41.2867,54.186,0.0949221,PDN15
41.2883,54.178,0.0949149,PDN15
41.29,54.17,0.09491,PDN15
41.2917,54.161,0.0949075,PDN15
41.2933,54.153,0.0949056,PDN15
41.295,54.144,0.0949027,PDN15
41.2967,54.136,0.0949001,PDN15
41.2983,54.128,0.0948985,PDN15
41.3,54.12,0.0948973,PDN15
41.3017,54.112,0.0948971,PDN15
41.3033,54.103,0.0948997,PDN15
41.305,54.095,0.0949025,PDN15
41.3067,54.086,0.0949079,PDN15
41.3083,54.079,0.0949085,PDN15
41.31,54.07,0.0949086,PDN15
41.3117,54.062,0.0949064,PDN15
41.3133,54.053,0.0949032,PDN15
41.315,54.046,0.0948968,PDN15
41.3167,54.037,0.094886,PDN15
41.3183,54.029,0.0948612,PDN15
41.32,54.021,0.0948473,PDN15
41.3217,54.011,0.094835,PDN15
41.3233,54.003,0.0948284,PDN15
41.325,53.995,0.0948224,PDN15
41.3267,53.987,0.0948156,PDN15
41.3283,53.977,0.094808,PDN15
41.33,53.97,0.0948058,PDN15
41.3317,53.961,0.0948051,PDN15
41.3333,53.953,0.0948088,PDN15
41.335,53.945,0.0948257,PDN15
41.3367,53.936,0.0948348,PDN15
41.3383,53.928,0.0948439,PDN15
41.34,53.919,0.0948964,PDN15
41.3417,53.911,0.0949477,PDN15
41.3433,53.903,0.0949818,PDN15
41.345,53.895,0.094993,PDN15
41.3467,53.886,0.0949935,PDN15
41.3483,53.877,0.0949905,PDN15
41.35,53.87,0.0949837,PDN15
41.3517,53.862,0.0949742,PDN15
41.3533,53.854,0.0949607,PDN15
41.355,53.844,0.0949393,PDN15
41.3567,53.836,0.0949173,PDN15
41.3583,53.828,0.0949088,PDN15
41.36,53.819,0.0949054,PDN15
41.3617,53.812,0.0949004,PDN15
41.3633,53.802,0.0948982,PDN15
41.365,53.794,0.0948968,PDN15
41.3667,53.787,0.0948951,PDN15
41.3683,53.778,0.0948962,PDN15
41.37,53.769,0.0948993,PDN15
41.3717,53.762,0.0948993,PDN15
41.3733,53.753,0.0948959,PDN15
41.375,53.746,0.0948938,PDN15
41.3767,53.737,0.094892,PDN15
41.3783,53.729,0.0948897,PDN15
41.38,53.72,0.0948876,PDN15
41.3817,53.711,0.0948852,PDN15
41.3833,53.704,0.0948804,PDN15
41.385,53.695,0.094874,PDN15
41.3867,53.687,0.0948657,PDN15
41.3883,53.678,0.0948567,PDN15
41.39,53.67,0.0948457,PDN15
41.3917,53.662,0.0948349,PDN15
41.3933,53.653,0.0948296,PDN15
41.395,53.645,0.0948267,PDN15
41.3967,53.636,0.0948246,PDN15
41.3983,53.629,0.0948196,PDN15
41.4,53.621,0.0948162,PDN15
41.4017,53.612,0.094813,PDN15
41.4033,53.604,0.094805,PDN15
41.405,53.596,0.0947976,PDN15
41.4067,53.587,0.094787,PDN15
41.4083,53.579,0.0947843,PDN15
41.41,53.57,0.0947825,PDN15
41.4117,53.562,0.0947821,PDN15
41.4133,53.553,0.0947806,PDN15
41.415,53.545,0.094776,PDN15
41.4167,53.537,0.0947704,PDN15
41.4183,53.529,0.0947632,PDN15
41.42,53.52,0.0947548,PDN15
41.4217,53.512,0.0947447,PDN15
41.4233,53.504,0.0947326,PDN15
41.425,53.495,0.0947202,PDN15
41.4267,53.487,0.0947125,PDN15
41.4283,53.479,0.0947063,PDN15
41.43,53.47,0.094702,PDN15
41.4317,53.462,0.0946991,PDN15
41.4333,53.454,0.0946935,PDN15
41.435,53.445,0.0946889,PDN15
41.4367,53.437,0.0946865,PDN15
41.4383,53.429,0.094685,PDN15
41.44,53.42,0.0946847,PDN15
41.4417,53.412,0.0946845,PDN15
41.4433,53.403,0.094684,PDN15
41.445,53.395,0.0946796,PDN15
41.4467,53.387,0.0946809,PDN15
41.4483,53.378,0.0946824,PDN15
41.45,53.371,0.0946839,PDN15
41.4517,53.362,0.094685,PDN15
41.4533,53.354,0.0946834,PDN15
41.455,53.346,0.0946758,PDN15
41.4567,53.337,0.0946706,PDN15
41.4583,53.329,0.0946673,PDN15
41.46,53.321,0.0946614,PDN15
41.4617,53.313,0.0946581,PDN15
41.4633,53.304,0.0946559,PDN15
41.465,53.295,0.0946608,PDN15
41.4667,53.286,0.0946651,PDN15
41.4683,53.279,0.0946656,PDN15
41.47,53.27,0.0946665,PDN15
41.4717,53.262,0.094664,PDN15
41.4733,53.254,0.0946578,PDN15
41.475,53.245,0.0946491,PDN15
41.4767,53.236,0.0946403,PDN15
41.4783,53.228,0.0946266,PDN15
41.48,53.219,0.0946146,PDN15
41.4817,53.212,0.094603,PDN15
41.4833,53.204,0.0945924,PDN15
41.485,53.195,0.0945822,PDN15
41.4867,53.187,0.0945745,PDN15
41.4883,53.178,0.0945686,PDN15
41.49,53.171,0.0945655,PDN15
41.4917,53.162,0.0945677,PDN15
41.4933,53.153,0.094571,PDN15
41.495,53.146,0.0945789,PDN15
41.4967,53.137,0.0945847,PDN15
41.4983,53.129,0.0945913,PDN15
41.5,53.121,0.0945974,PDN15
41.5017,53.112,0.0946023,PDN15
41.5033,53.104,0.0946035,PDN15
41.505,53.095,0.0946054,PDN15
41.5067,53.086,0.0946021,PDN15
41.5083,53.078,0.0946002,PDN15
41.51,53.069,0.094599,PDN15
41.5117,53.062,0.0945986,PDN15
41.5133,53.054,0.0945984,PDN15
41.515,53.045,0.0945982,PDN15
41.5167,53.037,0.0945977,PDN15
41.5183,53.029,0.0945947,PDN15
41.52,53.02,0.0945883,PDN15
41.5217,53.012,0.094578,PDN15
41.5233,53.004,0.0945662,PDN15
41.525,52.996,0.0945523,PDN15
41.5267,52.987,0.094541,PDN15
41.5283,52.978,0.0945296,PDN15
41.53,52.97,0.094523,PDN15
41.5317,52.962,0.0945183,PDN15
41.5333,52.954,0.094516,PDN15
41.535,52.945,0.0945155,PDN15
41.5367,52.937,0.094517,PDN15
41.5383,52.929,0.0945177,PDN15
41.54,52.92,0.0945164,PDN15
41.5417,52.911,0.0945142,PDN15
41.5433,52.903,0.094512,PDN15
41.545,52.895,0.0945082,PDN15
41.5467,52.888,0.0945064,PDN15
41.5483,52.879,0.0945003,PDN15
41.55,52.871,0.0944925,PDN15
41.5517,52.861,0.0944768,PDN15
41.5533,52.853,0.0944656,PDN15
41.555,52.845,0.0944584,PDN15
41.5567,52.837,0.0944536,PDN15
41.5583,52.828,0.0944522,PDN15
41.56,52.821,0.0944546,PDN15
41.5617,52.811,0.0944585,PDN15
41.5633,52.804,0.0944619,PDN15
41.565,52.795,0.0944668,PDN15
41.5667,52.787,0.094473,PDN15
41.5683,52.778,0.0944786,PDN15
41.57,52.771,0.0944791,PDN15
41.5717,52.762,0.0944728,PDN15
41.5733,52.754,0.0944656,PDN15
41.575,52.746,0.0944589,PDN15
41.5767,52.737,0.0944524,PDN15
41.5783,52.729,0.0944462,PDN15
41.58,52.721,0.0944417,PDN15
41.5817,52.711,0.0944378,PDN15
41.5833,52.703,0.0944372,PDN15
41.585,52.695,0.0944366,PDN15
41.5867,52.687,0.0944353,PDN15
41.5883,52.679,0.0944351,PDN15
41.59,52.67,0.0944302,PDN15
41.5917,52.662,0.0944254,PDN15
41.5933,52.654,0.0944244,PDN15
41.595,52.646,0.0944225,PDN15
41.5967,52.636,0.094422,PDN15
41.5983,52.629,0.0944257,PDN15
41.6,52.62,0.0944294,PDN15
41.6017,52.613,0.0944296,PDN15
41.6033,52.603,0.0944282,PDN15
41.605,52.595,0.0944261,PDN15
41.6067,52.586,0.0944241,PDN15
41.6083,52.579,0.0944192,PDN15
41.61,52.57,0.0944099,PDN15
41.6117,52.562,0.0943969,PDN15
41.6133,52.554,0.0943838,PDN15
41.615,52.545,0.0943705,PDN15
41.6167,52.537,0.0943594,PDN15
41.6183,52.529,0.0943497,PDN15
41.62,52.521,0.0943389,PDN15
41.6217,52.513,0.0943301,PDN15
41.6233,52.504,0.094327,PDN15
41.625,52.496,0.0943289,PDN15
41.6267,52.487,0.094335,PDN15
41.6283,52.479,0.0943407,PDN15
41.63,52.471,0.0943441,PDN15
41.6317,52.463,0.0943487,PDN15
41.6333,52.455,0.0943524,PDN15
41.635,52.446,0.0943524,PDN15
41.6367,52.438,0.0943554,PDN15
41.6383,52.43,0.0943556,PDN15
41.64,52.421,0.0943559,PDN15
41.6417,52.412,0.094356,PDN15
41.6433,52.404,0.0943532,PDN15
41.645,52.396,0.0943442,PDN15
41.6467,52.388,0.0943279,PDN15
41.6483,52.38,0.0943133,PDN15
41.65,52.371,0.0942996,PDN15
41.6517,52.362,0.0942866,PDN15
41.6533,52.354,0.094272,PDN15
41.655,52.346,0.0942588,PDN15
41.6567,52.338,0.0942471,PDN15
41.6583,52.329,0.0942454,PDN15
41.66,52.321,0.094245,PDN15
41.6617,52.313,0.094247,PDN15
41.6633,52.304,0.0942471,PDN15
41.665,52.296,0.0942466,PDN15
41.6667,52.288,0.0942491,PDN15
41.6683,52.28,0.094254,PDN15
41.67,52.271,0.0942564,PDN15
41.6717,52.262,0.0942519,PDN15
41.6733,52.254,0.0942464,PDN15
41.675,52.246,0.0942396,PDN15
41.6767,52.237,0.094237,PDN15
41.6783,52.229,0.0942347,PDN15
41.68,52.22,0.0942302,PDN15
41.6817,52.212,0.0942236,PDN15
41.6833,52.204,0.0942167,PDN15
41.685,52.195,0.0942094,PDN15
41.6867,52.187,0.0942051,PDN15
41.6883,52.179,0.0942014,PDN15
41.69,52.171,0.0941909,PDN15
41.6917,52.163,0.0941797,PDN15
41.6933,52.154,0.0941692,PDN15
41.695,52.146,0.094162,PDN15
41.6967,52.137,0.0941541,PDN15
41.6983,52.13,0.0941463,PDN15
41.7,52.121,0.0941418,PDN15
41.7017,52.113,0.0941331,PDN15
41.7033,52.105,0.0941222,PDN15
41.705,52.096,0.0941153,PDN15
41.7067,52.088,0.0941108,PDN15
41.7083,52.08,0.0941068,PDN15
41.71,52.071,0.0941042,PDN15
41.7117,52.063,0.0941032,PDN15
41.7133,52.054,0.0941018,PDN15
41.715,52.046,0.0941004,PDN15
41.7167,52.037,0.094099,PDN15
41.7183,52.029,0.0941042,PDN15
41.72,52.021,0.0941123,PDN15
41.7217,52.012,0.0941167,PDN15
41.7233,52.004,0.0941181,PDN15
41.725,51.996,0.0941183,PDN15
41.7267,51.987,0.0941217,PDN15
41.7283,51.98,0.0941271,PDN15
41.73,51.972,0.0941343,PDN15
41.7317,51.963,0.0941383,PDN15
41.7333,51.954,0.0941336,PDN15
41.735,51.946,0.0941304,PDN15
41.7367,51.938,0.0941287,PDN15
41.7383,51.93,0.0941276,PDN15
41.74,51.922,0.0941246,PDN15
41.7417,51.913,0.0941202,PDN15
41.7433,51.904,0.0941154,PDN15
41.745,51.897,0.0941107,PDN15
41.7467,51.888,0.0941096,PDN15
41.7483,51.88,0.0941128,PDN15
41.75,51.871,0.0941181,PDN15
41.7517,51.863,0.0941191,PDN15
41.7533,51.855,0.0941202,PDN15
41.755,51.846,0.0941221,PDN15
41.7567,51.838,0.0941208,PDN15
41.7583,51.83,0.094116,PDN15
41.76,51.821,0.0941103,PDN15
41.7617,51.813,0.0941047,PDN15
41.7633,51.805,0.0940969,PDN15
41.765,51.795,0.0940893,PDN15
41.7667,51.787,0.0940778,PDN15
41.7683,51.78,0.0940683,PDN15
41.77,51.771,0.0940663,PDN15
41.7717,51.762,0.0940636,PDN15
41.7733,51.754,0.0940621,PDN15
41.775,51.746,0.0940619,PDN15
41.7767,51.737,0.0940622,PDN15
41.7783,51.73,0.0940659,PDN15
41.78,51.721,0.09407,PDN15
41.7817,51.714,0.0940712,PDN15
41.7833,51.705,0.0940693,PDN15
41.785,51.696,0.0940651,PDN15
41.7867,51.688,0.0940571,PDN15
41.7883,51.679,0.0940477,PDN15
41.79,51.67,0.0940356,PDN15
41.7917,51.662,0.0940084,PDN15
41.7933,51.654,0.0939884,PDN15
41.795,51.646,0.0939686,PDN15
41.7967,51.638,0.0939642,PDN15
41.7983,51.628,0.093965,PDN15
41.8,51.621,0.0939648,PDN15
41.8017,51.612,0.0939683,PDN15
41.8033,51.604,0.0939758,PDN15
41.805,51.596,0.093995,PDN15
41.8067,51.588,0.0940064,PDN15
41.8083,51.58,0.0940147,PDN15
41.81,51.571,0.094019,PDN15
41.8117,51.563,0.0940221,PDN15
41.8133,51.555,0.094021,PDN15
41.815,51.547,0.0940252,PDN15
41.8167,51.538,0.0940316,PDN15
41.8183,51.53,0.0940367,PDN15
41.82,51.522,0.0940406,PDN15
41.8217,51.513,0.094045,PDN15
41.8233,51.504,0.0940471,PDN15
41.825,51.496,0.0940419,PDN15
41.8267,51.487,0.0940343,PDN15
41.8283,51.48,0.094028,PDN15
41.83,51.47,0.0940207,PDN15
41.8317,51.463,0.0940114,PDN15
41.8333,51.454,0.093999,PDN15
41.835,51.446,0.0939864,PDN15
41.8367,51.438,0.0939743,PDN15
41.8383,51.429,0.0939662,PDN15
41.84,51.421,0.0939609,PDN15
41.8417,51.414,0.0939605,PDN15
41.8433,51.405,0.0939554,PDN15
41.845,51.396,0.093949,PDN15
41.8467,51.388,0.0939447,PDN15
41.8483,51.379,0.0939439,PDN15
41.85,51.372,0.0939448,PDN15
41.8517,51.362,0.0939459,PDN15
41.8533,51.355,0.0939455,PDN15
41.855,51.345,0.0939428,PDN15
41.8567,51.337,0.0939387,PDN15
41.8583,51.329,0.0939401,PDN15
41.86,51.321,0.0939414,PDN15
41.8617,51.312,0.093943,PDN15
41.8633,51.304,0.093939,PDN15
41.865,51.295,0.0939293,PDN15
41.8667,51.286,0.0939174,PDN15
41.8683,51.279,0.0939072,PDN15
41.87,51.27,0.0938971,PDN15
41.8717,51.263,0.0938891,PDN15
41.8733,51.256,0.0938833,PDN15
41.875,51.246,0.0938783,PDN15
41.8767,51.238,0.0938746,PDN15
41.8783,51.229,0.0938734,PDN15
41.88,51.222,0.0938748,PDN15
41.8817,51.213,0.0938749,PDN15
41.8833,51.205,0.0938723,PDN15
41.885,51.196,0.0938677,PDN15
41.8867,51.188,0.0938637,PDN15
41.8883,51.179,0.0938596,PDN15
41.89,51.171,0.0938571,PDN15
41.8917,51.162,0.0938556,PDN15
41.8933,51.155,0.0938552,PDN15
41.895,51.146,0.0938533,PDN15
41.8967,51.138,0.0938532,PDN15
41.8983,51.13,0.0938489,PDN15
41.9,51.121,0.0938408,PDN15
41.9017,51.113,0.0938321,PDN15
41.9033,51.105,0.0938252,PDN15
41.905,51.097,0.0938211,PDN15
41.9067,51.088,0.093817,PDN15
41.9083,51.08,0.0938117,PDN15
41.91,51.072,0.0938085,PDN15
41.9117,51.063,0.0938044,PDN15
41.9133,51.054,0.0937988,PDN15
41.915,51.047,0.0937955,PDN15
41.9167,51.038,0.0937889,PDN15
41.9183,51.03,0.0937843,PDN15
41.92,51.022,0.0937815,PDN15
41.9217,51.013,0.0937794,PDN15
41.9233,51.005,0.0937794,PDN15
41.925,50.997,0.0937753,PDN15
41.9267,50.989,0.0937687,PDN15
41.9283,50.98,0.0937629,PDN15
41.93,50.971,0.0937575,PDN15
41.9317,50.963,0.0937552,PDN15
41.9333,50.955,0.0937547,PDN15
41.935,50.947,0.0937552,PDN15
41.9367,50.938,0.0937575,PDN15
41.9383,50.93,0.0937607,PDN15
41.94,50.921,0.0937632,PDN15
41.9417,50.913,0.0937651,PDN15
41.9433,50.905,0.0937614,PDN15
41.945,50.896,0.0937513,PDN15
41.9467,50.889,0.0937372,PDN15
41.9483,50.88,0.0937263,PDN15
41.95,50.871,0.0937201,PDN15
41.9517,50.863,0.0937147,PDN15
41.9533,50.854,0.0937141,PDN15
41.955,50.846,0.0937164,PDN15
41.9567,50.839,0.0937145,PDN15
41.9583,50.83,0.0937175,PDN15
41.96,50.821,0.0937249,PDN15
41.9617,50.814,0.0937306,PDN15
41.9633,50.805,0.0937315,PDN15
41.965,50.796,0.0937286,PDN15
41.9667,50.789,0.0937266,PDN15
41.9683,50.78,0.0937239,PDN15
41.97,50.772,0.0937186,PDN15
41.9717,50.763,0.0937117,PDN15
41.9733,50.755,0.0937025,PDN15
41.975,50.747,0.0936853,PDN15
41.9767,50.738,0.0936704,PDN15
41.9783,50.73,0.0936556,PDN15
41.98,50.721,0.0936414,PDN15
41.9817,50.714,0.0936294,PDN15
41.9833,50.704,0.0936218,PDN15
41.985,50.697,0.0936188,PDN15
41.9867,50.688,0.0936177,PDN15
41.9883,50.68,0.0936185,PDN15
41.99,50.671,0.0936175,PDN15
41.9917,50.663,0.0936153,PDN15
41.9933,50.654,0.0936111,PDN15
41.995,50.646,0.0936066,PDN15
41.9967,50.637,0.0936027,PDN15
41.9983,50.629,0.0936018,PDN15
42,50.621,0.0936,PDN15
42.0017,50.613,0.0935999,PDN15
42.0033,50.604,0.0936032,PDN15
42.005,50.596,0.0936054,PDN15
42.0067,50.588,0.0936082,PDN15
42.0083,50.579,0.0936116,PDN15
42.01,50.571,0.0936118,PDN15
42.0117,50.563,0.0936095,PDN15
42.0133,50.555,0.0936072,PDN15
42.015,50.546,0.0935999,PDN15
42.0167,50.538,0.0935956,PDN15
42.0183,50.53,0.0935923,PDN15
42.02,50.521,0.0935858,PDN15
42.0217,50.512,0.0935768,PDN15
42.0233,50.505,0.0935634,PDN15
42.025,50.496,0.0935518,PDN15
42.0267,50.488,0.0935411,PDN15
42.0283,50.48,0.0935327,PDN15
42.03,50.472,0.0935272,PDN15
42.0317,50.462,0.0935221,PDN15
42.0333,50.455,0.0935161,PDN15
42.035,50.446,0.0935116,PDN15
42.0367,50.438,0.0935108,PDN15
42.0383,50.429,0.0935123,PDN15
42.04,50.421,0.0935149,PDN15
42.0417,50.412,0.0935181,PDN15
42.0433,50.404,0.0935237,PDN15
42.045,50.396,0.0935332,PDN15
42.0467,50.388,0.0935402,PDN15
42.0483,50.38,0.0935445,PDN15
42.05,50.371,0.0935481,PDN15
42.0517,50.363,0.0935456,PDN15
42.0533,50.355,0.0935417,PDN15
42.055,50.346,0.0935383,PDN15
42.0567,50.338,0.0935325,PDN15
42.0583,50.328,0.0935253,PDN15
42.06,50.321,0.0935133,PDN15
42.0617,50.314,0.0935067,PDN15
42.0633,50.305,0.0935042,PDN15
42.065,50.296,0.0935012,PDN15
42.0667,50.287,0.093495,PDN15
42.0683,50.279,0.0934885,PDN15
42.07,50.271,0.0934801,PDN15
42.0717,50.261,0.0934718,PDN15
42.0733,50.254,0.0934677,PDN15
42.075,50.246,0.0934612,PDN15
42.0767,50.237,0.0934565,PDN15
42.0783,50.229,0.0934488,PDN15
42.08,50.22,0.093443,PDN15
42.0817,50.212,0.0934419,PDN15
42.0833,50.204,0.0934396,PDN15
42.085,50.196,0.0934384,PDN15
42.0867,50.187,0.0934378,PDN15
42.0883,50.179,0.0934365,PDN15
42.09,50.172,0.0934315,PDN15
42.0917,50.162,0.0934262,PDN15
42.0933,50.154,0.0934167,PDN15
42.095,50.146,0.0934071,PDN15
42.0967,50.137,0.0933979,PDN15
42.0983,50.129,0.0933872,PDN15
42.1,50.12,0.0933771,PDN15
42.1017,50.112,0.0933684,PDN15
42.1033,50.105,0.0933624,PDN15
42.105,50.095,0.0933616,PDN15
42.1067,50.088,0.093365,PDN15
42.1083,50.08,0.0933692,PDN15
42.11,50.072,0.0933719,PDN15
42.1117,50.062,0.0933743,PDN15
42.1133,50.054,0.0933727,PDN15
42.115,50.046,0.0933742,PDN15
42.1167,50.037,0.0933729,PDN15
42.1183,50.03,0.0933671,PDN15
42.12,50.021,0.0933624,PDN15
42.1217,50.014,0.0933584,PDN15
42.1233,50.004,0.0933575,PDN15
42.125,49.996,0.0933549,PDN15
42.1267,49.988,0.0933498,PDN15
42.1283,49.981,0.0933432,PDN15
42.13,49.972,0.0933379,PDN15
42.1317,49.964,0.0933323,PDN15
42.1333,49.956,0.0933286,PDN15
42.135,49.947,0.0933214,PDN15
42.1367,49.938,0.0933113,PDN15
42.1383,49.93,0.0933042,PDN15
42.14,49.922,0.0933009,PDN15
42.1417,49.914,0.0932997,PDN15
42.1433,49.906,0.0932976,PDN15
42.145,49.898,0.0932925,PDN15
42.1467,49.888,0.0932838,PDN15
42.1483,49.881,0.0932728,PDN15
42.15,49.872,0.0932649,PDN15
42.1517,49.864,0.093257,PDN15
42.1533,49.856,0.0932451,PDN15
42.155,49.848,0.0932312,PDN15
42.1567,49.84,0.0932192,PDN15
42.1583,49.832,0.093212,PDN15
42.16,49.823,0.0932087,PDN15
42.1617,49.814,0.0932045,PDN15
42.1633,49.807,0.0931985,PDN15
42.165,49.798,0.0931931,PDN15
42.1667,49.789,0.093193,PDN15
42.1683,49.781,0.0931934,PDN15
42.17,49.772,0.0931904,PDN15
42.1717,49.764,0.0931831,PDN15
42.1733,49.756,0.0931744,PDN15
42.175,49.748,0.0931631,PDN15
42.1767,49.739,0.0931551,PDN15
42.1783,49.731,0.0931469,PDN15
42.18,49.723,0.0931367,PDN15
42.1817,49.714,0.0931243,PDN15
42.1833,49.705,0.0931105,PDN15
42.185,49.697,0.093103,PDN15
42.1867,49.689,0.0931021,PDN15
42.1883,49.681,0.0930992,PDN15
42.19,49.673,0.0930956,PDN15
42.1917,49.664,0.0930968,PDN15
42.1933,49.656,0.0930966,PDN15
42.195,49.648,0.0930985,PDN15
42.1967,49.638,0.0931025,PDN15
42.1983,49.631,0.0931054,PDN15
42.2,49.622,0.0931059,PDN15
42.2017,49.614,0.0931055,PDN15
42.2033,49.605,0.0931019,PDN15
42.205,49.598,0.0931,PDN15
42.2067,49.589,0.0930937,PDN15
42.2083,49.58,0.0930891,PDN15
42.21,49.572,0.093085,PDN15
42.2117,49.564,0.0930847,PDN15
42.2133,49.555,0.0930822,PDN15
42.215,49.548,0.0930789,PDN15
42.2167,49.54,0.0930703,PDN15
42.2183,49.53,0.0930556,PDN15
42.22,49.523,0.0930425,PDN15
42.2217,49.512,0.0930335,PDN15
42.2233,49.506,0.0930304,PDN15
42.225,49.496,0.093029,PDN15
42.2267,49.488,0.093026,PDN15
42.2283,49.481,0.0930231,PDN15
42.23,49.471,0.0930266,PDN15
42.2317,49.463,0.0930314,PDN15
42.2333,49.455,0.0930376,PDN15
42.235,49.446,0.0930399,PDN15
42.2367,49.438,0.0930374,PDN15
42.2383,49.43,0.0930312,PDN15
42.24,49.422,0.0930253,PDN15
42.2417,49.413,0.0930195,PDN15
42.2433,49.404,0.0930161,PDN15
42.245,49.396,0.0930113,PDN15
42.2467,49.387,0.0930064,PDN15
42.2483,49.379,0.0930027,PDN15
42.25,49.372,0.0929995,PDN15
42.2517,49.364,0.0929985,PDN15
42.2533,49.355,0.093,PDN15
42.255,49.346,0.0930012,PDN15
42.2567,49.338,0.0929991,PDN15
42.2583,49.329,0.0929975,PDN15
42.26,49.322,0.0929961,PDN15
42.2617,49.314,0.0929962,PDN15
42.2633,49.305,0.0929955,PDN15
42.265,49.297,0.0929899,PDN15
42.2667,49.289,0.0929839,PDN15
42.2683,49.28,0.092978,PDN15
42.27,49.272,0.0929712,PDN15
42.2717,49.264,0.0929627,PDN15
42.2733,49.255,0.0929504,PDN15
42.275,49.247,0.0929377,PDN15
42.2767,49.24,0.0929296,PDN15
42.2783,49.231,0.0929251,PDN15
42.28,49.222,0.0929237,PDN15
42.2817,49.214,0.0929225,PDN15
42.2833,49.206,0.0929188,PDN15
42.285,49.198,0.0929177,PDN15
42.2867,49.189,0.0929139,PDN15
42.2883,49.181,0.0929067,PDN15
42.29,49.173,0.092896,PDN15
42.2917,49.164,0.0928888,PDN15
42.2933,49.157,0.0928819,PDN15
42.295,49.148,0.0928789,PDN15
42.2967,49.139,0.0928739,PDN15
42.2983,49.132,0.0928693,PDN15
42.3,49.124,0.0928637,PDN15
42.3017,49.114,0.0928564,PDN15
42.3033,49.106,0.0928525,PDN15
42.305,49.098,0.092847,PDN15
42.3067,49.091,0.0928398,PDN15
42.3083,49.081,0.0928315,PDN15
42.31,49.073,0.0928263,PDN15
42.3117,49.065,0.0928213,PDN15
42.3133,49.057,0.092821,PDN15
42.315,49.047,0.0928188,PDN15
42.3167,49.04,0.0928121,PDN15
42.3183,49.031,0.0928046,PDN15
42.32,49.023,0.0927904,PDN15
42.3217,49.014,0.0927774,PDN15
42.3233,49.006,0.0927677,PDN15
42.325,48.998,0.092759,PDN15
42.3267,48.988,0.0927502,PDN15
42.3283,48.981,0.0927457,PDN15
42.33,48.972,0.0927423,PDN15
42.3317,48.964,0.0927389,PDN15
42.3333,48.956,0.0927343,PDN15
42.335,48.948,0.0927297,PDN15
42.3367,48.939,0.0927246,PDN15
42.3383,48.931,0.0927178,PDN15
42.34,48.922,0.0927115,PDN15
42.3417,48.914,0.092705,PDN15
42.3433,48.904,0.0927001,PDN15
42.345,48.898,0.0926999,PDN15
42.3467,48.889,0.0927037,PDN15
42.3483,48.88,0.0927077,PDN15
42.35,48.872,0.0927085,PDN15
42.3517,48.864,0.0927062,PDN15
42.3533,48.855,0.0927025,PDN15
42.355,48.848,0.0926919,PDN15
42.3567,48.839,0.0926799,PDN15
42.3583,48.83,0.0926664,PDN15
42.36,48.821,0.0926534,PDN15
42.3617,48.813,0.0926372,PDN15
42.3633,48.806,0.0926265,PDN15
42.365,48.796,0.0926187,PDN15
42.3667,48.789,0.0926145,PDN15
42.3683,48.781,0.0926147,PDN15
42.37,48.771,0.0926162,PDN15
42.3717,48.763,0.0926216,PDN15
42.3733,48.755,0.0926277,PDN15
42.375,48.746,0.092641,PDN15
42.3767,48.738,0.0926549,PDN15
42.3783,48.729,0.0926754,PDN15
42.38,48.721,0.0926825,PDN15
42.3817,48.714,0.0926879,PDN15
42.3833,48.705,0.0926878,PDN15
42.385,48.696,0.0926842,PDN15
42.3867,48.688,0.0926812,PDN15
42.3883,48.68,0.0926766,PDN15
42.39,48.672,0.0926696,PDN15
42.3917,48.663,0.0926595,PDN15
42.3933,48.655,0.092648,PDN15
42.395,48.647,0.0926379,PDN15
42.3967,48.638,0.0926341,PDN15
42.3983,48.63,0.0926304,PDN15
42.4,48.621,0.0926274,PDN15
42.4017,48.613,0.092623,PDN15
42.4033,48.605,0.092619,PDN15
42.405,48.596,0.0926139,PDN15
42.4067,48.588,0.0926119,PDN15
42.4083,48.58,0.0926119,PDN15
42.41,48.572,0.0926118,PDN15
42.4117,48.564,0.0926101,PDN15
42.4133,48.554,0.0926114,PDN15
42.415,48.547,0.0926177,PDN15
42.4167,48.539,0.0926262,PDN15
42.4183,48.529,0.092636,PDN15
42.42,48.522,0.0926426,PDN15
42.4217,48.513,0.0926493,PDN15
42.4233,48.506,0.0926544,PDN15
42.425,48.497,0.0926563,PDN15
42.4267,48.489,0.092657,PDN15
42.4283,48.48,0.0926548,PDN15
42.43,48.473,0.0926482,PDN15
42.4317,48.464,0.0926413,PDN15
42.4333,48.456,0.0926363,PDN15
42.435,48.447,0.0926305,PDN15
42.4367,48.439,0.0926281,PDN15
42.4383,48.431,0.0926296,PDN15
42.44,48.422,0.0926299,PDN15
42.4417,48.415,0.0926285,PDN15
42.4433,48.406,0.0926258,PDN15
42.445,48.398,0.0926238,PDN15
42.4467,48.389,0.0926273,PDN15
42.4483,48.382,0.0926292,PDN15
42.45,48.373,0.0926316,PDN15
42.4517,48.364,0.0926321,PDN15
42.4533,48.355,0.0926256,PDN15
42.455,48.349,0.0926172,PDN15
42.4567,48.34,0.0926087,PDN15
42.4583,48.332,0.0925949,PDN15
42.46,48.323,0.0925569,PDN15
42.4617,48.314,0.092497,PDN15
42.4633,48.306,0.092455,PDN15
42.465,48.298,0.0924339,PDN15
42.4667,48.289,0.0924188,PDN15
42.4683,48.281,0.0924086,PDN15
42.47,48.273,0.0924054,PDN15
42.4717,48.265,0.0924055,PDN15
42.4733,48.255,0.092411,PDN15
42.475,48.248,0.0924171,PDN15
42.4767,48.24,0.0924181,PDN15
42.4783,48.231,0.0924134,PDN15
42.48,48.224,0.09241,PDN15
42.4817,48.215,0.0924062,PDN15
42.4833,48.208,0.0924035,PDN15
42.485,48.199,0.0923987,PDN15
42.4867,48.19,0.0923917,PDN15
42.4883,48.182,0.0923861,PDN15
42.49,48.173,0.0923818,PDN15
42.4917,48.165,0.0923751,PDN15
42.4933,48.157,0.092365,PDN15
42.495,48.148,0.0923561,PDN15
42.4967,48.139,0.0923462,PDN15
42.4983,48.131,0.0923363,PDN15
42.5,48.124,0.0923302,PDN15
42.5017,48.115,0.0923264,PDN15
42.5033,48.106,0.0923244,PDN15
42.505,48.098,0.0923206,PDN15
42.5067,48.09,0.0923221,PDN15
42.5083,48.082,0.0923248,PDN15
42.51,48.073,0.0923266,PDN15
42.5117,48.064,0.0923292,PDN15
42.5133,48.057,0.0923303,PDN15
42.515,48.048,0.0923295,PDN15
42.5167,48.04,0.0923255,PDN15
42.5183,48.031,0.0923198,PDN15
42.52,48.023,0.0923072,PDN15
42.5217,48.014,0.0922959,PDN15
42.5233,48.006,0.0922832,PDN15
42.525,47.998,0.0922703,PDN15
42.5267,47.989,0.0922589,PDN15
42.5283,47.981,0.0922478,PDN15
42.53,47.973,0.0922385,PDN15
42.5317,47.964,0.0922345,PDN15
42.5333,47.956,0.092236,PDN15
42.535,47.948,0.0922372,PDN15
42.5367,47.94,0.0922375,PDN15
42.5383,47.932,0.0922398,PDN15
42.54,47.923,0.0922476,PDN15
42.5417,47.915,0.0922576,PDN15
42.5433,47.905,0.0922648,PDN15
42.545,47.898,0.0922687,PDN15
42.5467,47.889,0.0922663,PDN15
42.5483,47.881,0.0922611,PDN15
42.55,47.873,0.092252,PDN15
42.5517,47.865,0.0922466,PDN15
42.5533,47.856,0.0922394,PDN15
42.555,47.848,0.0922346,PDN15
42.5567,47.84,0.0922331,PDN15
42.5583,47.83,0.0922345,PDN15
42.56,47.822,0.0922342,PDN15
42.5617,47.814,0.0922358,PDN15
42.5633,47.806,0.0922367,PDN15
42.565,47.797,0.0922328,PDN15
42.5667,47.79,0.0922261,PDN15
42.5683,47.781,0.0922151,PDN15
42.57,47.773,0.0922066,PDN15
42.5717,47.764,0.0922034,PDN15
42.5733,47.756,0.0922036,PDN15
42.575,47.748,0.0922062,PDN15
42.5767,47.74,0.0922079,PDN15
42.5783,47.73,0.0922046,PDN15
42.58,47.723,0.0922008,PDN15
42.5817,47.715,0.0921987,PDN15
42.5833,47.706,0.0921955,PDN15
42.585,47.699,0.0921894,PDN15
42.5867,47.69,0.0921838,PDN15
42.5883,47.682,0.0921739,PDN15
42.59,47.674,0.0921714,PDN15
42.5917,47.665,0.0921732,PDN15
42.5933,47.657,0.0921779,PDN15
42.595,47.649,0.0921801,PDN15
42.5967,47.64,0.0921853,PDN15
42.5983,47.632,0.0921906,PDN15
42.6,47.622,0.0921916,PDN15
42.6017,47.615,0.0921956,PDN15
42.6033,47.606,0.0922022,PDN15
42.605,47.597,0.0922062,PDN15
42.6067,47.589,0.092209,PDN15
42.6083,47.581,0.0922116,PDN15
42.61,47.573,0.092214,PDN15
42.6117,47.565,0.0922145,PDN15
42.6133,47.557,0.0922103,PDN15
42.615,47.548,0.0922038,PDN15
42.6167,47.54,0.092197,PDN15
42.6183,47.532,0.0921868,PDN15
42.62,47.522,0.0921783,PDN15
42.6217,47.515,0.0921711,PDN15
42.6233,47.506,0.0921642,PDN15
42.625,47.498,0.0921589,PDN15
42.6267,47.491,0.092157,PDN15
42.6283,47.482,0.092159,PDN15
42.63,47.472,0.0921618,PDN15
42.6317,47.464,0.0921653,PDN15
42.6333,47.456,0.0921684,PDN15
42.635,47.448,0.09217,PDN15
42.6367,47.441,0.0921673,PDN15
42.6383,47.432,0.0921642,PDN15
42.64,47.423,0.0921556,PDN15
42.6417,47.414,0.0921463,PDN15
42.6433,47.407,0.0921338,PDN15
42.645,47.398,0.0921245,PDN15
42.6467,47.39,0.0921154,PDN15
42.6483,47.381,0.0921081,PDN15
42.65,47.373,0.0921011,PDN15
42.6517,47.364,0.0920996,PDN15
42.6533,47.356,0.0921039,PDN15
42.655,47.348,0.0921053,PDN15
42.6567,47.339,0.0921047,PDN15
42.6583,47.331,0.0921011,PDN15
42.66,47.323,0.0920992,PDN15
42.6617,47.315,0.0920918,PDN15
42.6633,47.306,0.0920854,PDN15
42.665,47.298,0.0920779,PDN15
42.6667,47.29,0.0920685,PDN15
42.6683,47.282,0.0920614,PDN15
42.67,47.272,0.0920594,PDN15
42.6717,47.264,0.0920586,PDN15
42.6733,47.256,0.0920601,PDN15
42.675,47.247,0.0920562,PDN15
42.6767,47.24,0.0920523,PDN15
42.6783,47.232,0.0920534,PDN15
42.68,47.223,0.0920537,PDN15
42.6817,47.213,0.0920528,PDN15
42.6833,47.206,0.0920515,PDN15
42.685,47.198,0.0920485,PDN15
42.6867,47.189,0.0920462,PDN15
42.6883,47.182,0.0920465,PDN15
42.69,47.173,0.0920436,PDN15
42.6917,47.165,0.0920392,PDN15
42.6933,47.157,0.0920317,PDN15
42.695,47.148,0.0920241,PDN15
42.6967,47.14,0.0920202,PDN15
42.6983,47.132,0.0920167,PDN15
42.7,47.123,0.0920142,PDN15
42.7017,47.115,0.0920127,PDN15
42.7033,47.107,0.092013,PDN15
42.705,47.098,0.0920137,PDN15
42.7067,47.091,0.0920142,PDN15
42.7083,47.082,0.0920156,PDN15
42.71,47.073,0.0920112,PDN15
42.7117,47.065,0.0920104,PDN15
42.7133,47.056,0.0920072,PDN15
42.715,47.048,0.092005,PDN15
42.7167,47.039,0.0920014,PDN15
42.7183,47.031,0.0919984,PDN15
42.72,47.024,0.0919916,PDN15
42.7217,47.014,0.091986,PDN15
42.7233,47.007,0.0919856,PDN15
42.725,46.999,0.0919838,PDN15
42.7267,46.991,0.091977,PDN15
42.7283,46.981,0.0919694,PDN15
42.73,46.973,0.091964,PDN15
42.7317,46.966,0.09196,PDN15
42.7333,46.957,0.0919569,PDN15
42.735,46.949,0.0919554,PDN15
42.7367,46.941,0.0919523,PDN15
42.7383,46.932,0.0919488,PDN15
42.74,46.924,0.0919492,PDN15
42.7417,46.916,0.0919536,PDN15
42.7433,46.907,0.0919588,PDN15
42.745,46.899,0.0919648,PDN15
42.7467,46.89,0.0919712,PDN15
42.7483,46.882,0.0919774,PDN15
42.75,46.874,0.0919828,PDN15
42.7517,46.866,0.0919835,PDN15
42.7533,46.857,0.0919854,PDN15
42.755,46.849,0.0919825,PDN15
42.7567,46.841,0.0919777,PDN15
42.7583,46.832,0.0919728,PDN15
42.76,46.824,0.0919689,PDN15
42.7617,46.815,0.0919637,PDN15
42.7633,46.806,0.0919628,PDN15
42.765,46.799,0.0919644,PDN15
42.7667,46.791,0.0919685,PDN15
42.7683,46.782,0.0919683,PDN15
42.77,46.774,0.0919651,PDN15
42.7717,46.765,0.0919564,PDN15
42.7733,46.757,0.0919367,PDN15
42.775,46.748,0.0919201,PDN15
42.7767,46.74,0.0918826,PDN15
42.7783,46.732,0.0918702,PDN15
42.78,46.724,0.09186,PDN15
42.7817,46.715,0.0918548,PDN15
42.7833,46.706,0.0918518,PDN15
42.785,46.699,0.0918516,PDN15
42.7867,46.69,0.0918524,PDN15
42.7883,46.682,0.0918563,PDN15
42.79,46.674,0.0918581,PDN15
42.7917,46.665,0.0918573,PDN15
42.7933,46.657,0.0918554,PDN15
42.795,46.649,0.0918492,PDN15
42.7967,46.64,0.0918418,PDN15
42.7983,46.632,0.0918365,PDN15
42.8,46.624,0.0918337,PDN15
42.8017,46.615,0.0918289,PDN15
42.8033,46.606,0.0918246,PDN15
42.805,46.599,0.0918197,PDN15
42.8067,46.591,0.0918142,PDN15
42.8083,46.583,0.0918112,PDN15
42.81,46.574,0.0918091,PDN15
42.8117,46.565,0.0918098,PDN15
42.8133,46.556,0.0918115,PDN15
42.815,46.549,0.0918105,PDN15
42.8167,46.54,0.0918112,PDN15
42.8183,46.531,0.0918117,PDN15
42.82,46.523,0.0918113,PDN15
42.8217,46.516,0.0918149,PDN15
42.8233,46.507,0.0918186,PDN15
42.825,46.499,0.0918159,PDN15
42.8267,46.49,0.0918127,PDN15
42.8283,46.483,0.091801,PDN15
42.83,46.473,0.0917841,PDN15
42.8317,46.466,0.0917679,PDN15
42.8333,46.457,0.0917567,PDN15
42.835,46.449,0.091745,PDN15
42.8367,46.441,0.0917329,PDN15
42.8383,46.432,0.09172,PDN15
42.84,46.425,0.0917096,PDN15
42.8417,46.416,0.091706,PDN15
42.8433,46.408,0.0917024,PDN15
42.845,46.4,0.0917043,PDN15
42.8467,46.392,0.0917071,PDN15
42.8483,46.382,0.0917096,PDN15
42.85,46.374,0.0917142,PDN15
42.8517,46.366,0.0917244,PDN15
42.8533,46.357,0.0917351,PDN15
42.855,46.35,0.0917459,PDN15
42.8567,46.341,0.0917616,PDN15
42.8583,46.333,0.0917678,PDN15
42.86,46.324,0.0917681,PDN15
42.8617,46.317,0.091768,PDN15
42.8633,46.308,0.0917708,PDN15
42.865,46.3,0.0917731,PDN15
42.8667,46.291,0.0917702,PDN15
42.8683,46.282,0.0917669,PDN15
42.87,46.275,0.0917626,PDN15
42.8717,46.265,0.0917569,PDN15
42.8733,46.257,0.0917533,PDN15
42.875,46.249,0.0917521,PDN15
42.8767,46.241,0.0917544,PDN15
42.8783,46.233,0.0917537,PDN15
42.88,46.224,0.0917524,PDN15
42.8817,46.215,0.0917565,PDN15
42.8833,46.207,0.0917623,PDN15
42.885,46.2,0.0917663,PDN15
42.8867,46.191,0.0917713,PDN15
42.8883,46.183,0.0917721,PDN15
42.89,46.175,0.0917703,PDN15
42.8917,46.166,0.0917681,PDN15
42.8933,46.158,0.0917619,PDN15
42.895,46.15,0.0917635,PDN15
42.8967,46.141,0.091762,PDN15
42.8983,46.132,0.091763,PDN15
42.9,46.124,0.0917644,PDN15
42.9017,46.116,0.0917666,PDN15
42.9033,46.108,0.091764,PDN15
42.905,46.1,0.0917602,PDN15
42.9067,46.091,0.0917578,PDN15
42.9083,46.083,0.0917574,PDN15
42.91,46.074,0.0917574,PDN15
42.9117,46.066,0.0917572,PDN15
42.9133,46.058,0.0917612,PDN15
42.915,46.05,0.091764,PDN15
42.9167,46.042,0.0917662,PDN15
42.9183,46.033,0.091763,PDN15
42.92,46.025,0.0917584,PDN15
42.9217,46.017,0.0917485,PDN15
42.9233,46.009,0.0917363,PDN15
42.925,45.999,0.0917152,PDN15
42.9267,45.991,0.0916916,PDN15
42.9283,45.983,0.0916724,PDN15
42.93,45.974,0.091658,PDN15
42.9317,45.965,0.0916461,PDN15
42.9333,45.957,0.0916413,PDN15
42.935,45.95,0.0916354,PDN15
42.9367,45.941,0.0916311,PDN15
42.9383,45.932,0.0916276,PDN15
42.94,45.923,0.0916236,PDN15
42.9417,45.916,0.0916218,PDN15
42.9433,45.908,0.0916227,PDN15
42.945,45.899,0.0916231,PDN15
42.9467,45.891,0.0916183,PDN15
42.9483,45.883,0.0916158,PDN15
42.95,45.875,0.0916125,PDN15
42.9517,45.866,0.0916112,PDN15
42.9533,45.857,0.0916088,PDN15
42.955,45.849,0.0916106,PDN15
42.9567,45.841,0.0916124,PDN15
42.9583,45.832,0.0916164,PDN15
42.96,45.825,0.0916225,PDN15
42.9617,45.816,0.0916304,PDN15
42.9633,45.808,0.091639,PDN15
42.965,45.799,0.0916404,PDN15
42.9667,45.79,0.091645,PDN15
42.9683,45.782,0.0916468,PDN15
42.97,45.774,0.0916454,PDN15
42.9717,45.766,0.0916409,PDN15
42.9733,45.757,0.0916344,PDN15
42.975,45.749,0.0916263,PDN15
42.9767,45.741,0.0916212,PDN15
42.9783,45.733,0.0916135,PDN15
42.98,45.725,0.0916079,PDN15
42.9817,45.716,0.091602,PDN15
42.9833,45.708,0.0915946,PDN15
42.985,45.7,0.0915969,PDN15
42.9867,45.692,0.0916023,PDN15
42.9883,45.683,0.0916056,PDN15
42.99,45.675,0.0916073,PDN15
42.9917,45.666,0.0916077,PDN15
42.9933,45.658,0.0916084,PDN15
42.995,45.65,0.0916073,PDN15
42.9967,45.641,0.0916045,PDN15
42.9983,45.633,0.0916002,PDN15
43,45.624,0.0915955,PDN15
43.0017,45.616,0.091591,PDN15
43.0033,45.608,0.0915907,PDN15
43.005,45.599,0.0915915,PDN15
43.0067,45.591,0.0915905,PDN15
43.0083,45.583,0.0915871,PDN15
43.01,45.575,0.0915797,PDN15
43.0117,45.566,0.0915756,PDN15
43.0133,45.558,0.091569,PDN15
43.015,45.55,0.0915638,PDN15
43.0167,45.541,0.0915616,PDN15
43.0183,45.533,0.0915588,PDN15
43.02,45.525,0.0915589,PDN15
43.0217,45.517,0.091562,PDN15
43.0233,45.508,0.0915628,PDN15
43.025,45.5,0.0915636,PDN15
43.0267,45.492,0.0915643,PDN15
43.0283,45.484,0.0915643,PDN15
43.03,45.475,0.0915605,PDN15
43.0317,45.466,0.0915562,PDN15
43.0333,45.458,0.0915515,PDN15
43.035,45.45,0.0915468,PDN15
43.0367,45.442,0.0915405,PDN15
43.0383,45.433,0.0915372,PDN15
43.04,45.425,0.0915361,PDN15
43.0417,45.417,0.0915334,PDN15
43.0433,45.409,0.0915316,PDN15
43.045,45.4,0.0915298,PDN15
43.0467,45.392,0.0915306,PDN15
43.0483,45.384,0.0915313,PDN15
43.05,45.375,0.0915337,PDN15
43.0517,45.367,0.091533,PDN15
43.0533,45.357,0.0915303,PDN15
43.055,45.35,0.0915258,PDN15
43.0567,45.342,0.0915224,PDN15
43.0583,45.333,0.0915169,PDN15
43.06,45.325,0.0915114,PDN15
43.0617,45.316,0.0915061,PDN15
43.0633,45.307,0.0915028,PDN15
43.065,45.3,0.0915067,PDN15
43.0667,45.291,0.0915138,PDN15
43.0683,45.283,0.0915196,PDN15
43.07,45.274,0.0915255,PDN15
43.0717,45.265,0.0915293,PDN15
43.0733,45.258,0.0915291,PDN15
43.075,45.249,0.0915287,PDN15
43.0767,45.241,0.0915246,PDN15
43.0783,45.232,0.0915151,PDN15
43.08,45.224,0.0914989,PDN15
43.0817,45.216,0.0914884,PDN15
43.0833,45.208,0.0914799,PDN15
43.085,45.2,0.0914774,PDN15
43.0867,45.191,0.091478,PDN15
43.0883,45.184,0.0914791,PDN15
43.09,45.175,0.0914785,PDN15
43.0917,45.167,0.0914735,PDN15
43.0933,45.158,0.0914676,PDN15
43.095,45.15,0.0914607,PDN15
43.0967,45.141,0.0914532,PDN15
43.0983,45.133,0.0914467,PDN15
43.1,45.125,0.0914429,PDN15
43.1017,45.116,0.0914396,PDN15
43.1033,45.108,0.0914415,PDN15
43.105,45.099,0.0914473,PDN15
43.1067,45.091,0.0914618,PDN15
43.1083,45.083,0.091471,PDN15
43.11,45.074,0.0914727,PDN15
43.1117,45.067,0.0914672,PDN15
43.1133,45.058,0.0914579,PDN15
43.115,45.05,0.0914446,PDN15
43.1167,45.041,0.0914333,PDN15
43.1183,45.034,0.0914222,PDN15
43.12,45.025,0.0914145,PDN15
43.1217,45.016,0.0914073,PDN15
43.1233,45.009,0.091402,PDN15
43.125,45,0.0914026,PDN15
43.1267,44.991,0.0914057,PDN15
43.1283,44.983,0.0914115,PDN15
43.13,44.975,0.0914176,PDN15
43.1317,44.966,0.0914242,PDN15
43.1333,44.959,0.0914308,PDN15
43.135,44.951,0.091437,PDN15
43.1367,44.942,0.0914426,PDN15
43.1383,44.933,0.0914467,PDN15
43.14,44.925,0.09145,PDN15
43.1417,44.918,0.0914506,PDN15
43.1433,44.909,0.0914481,PDN15
43.145,44.901,0.0914405,PDN15
43.1467,44.892,0.0914304,PDN15
43.1483,44.883,0.0914207,PDN15
43.15,44.874,0.0914135,PDN15
43.1517,44.867,0.0914115,PDN15
43.1533,44.858,0.0914122,PDN15
43.155,44.849,0.0914153,PDN15
43.1567,44.842,0.0914155,PDN15
43.1583,44.834,0.0914168,PDN15
43.16,44.825,0.0914183,PDN15
43.1617,44.817,0.091418,PDN15
43.1633,44.808,0.0914172,PDN15
43.165,44.801,0.0914108,PDN15
43.1667,44.792,0.091401,PDN15
43.1683,44.783,0.0913917,PDN15
43.17,44.774,0.0913838,PDN15
43.1717,44.767,0.0913829,PDN15
43.1733,44.757,0.0913844,PDN15
43.175,44.75,0.0913863,PDN15
43.1767,44.742,0.0913914,PDN15
43.1783,44.732,0.0913946,PDN15
43.18,44.724,0.0913937,PDN15
43.1817,44.716,0.0913933,PDN15
43.1833,44.708,0.0913893,PDN15
43.185,44.7,0.0913817,PDN15
43.1867,44.692,0.0913722,PDN15
43.1883,44.682,0.0913676,PDN15
43.19,44.675,0.0913691,PDN15
43.1917,44.666,0.0913652,PDN15
43.1933,44.658,0.0913592,PDN15
43.195,44.65,0.0913546,PDN15
43.1967,44.642,0.0913461,PDN15
43.1983,44.633,0.0913383,PDN15
43.2,44.625,0.0913278,PDN15
43.2017,44.617,0.0913132,PDN15
43.2033,44.609,0.0912992,PDN15
43.205,44.6,0.0912879,PDN15
43.2067,44.592,0.0912817,PDN15
43.2083,44.583,0.0912853,PDN15
43.21,44.574,0.091292,PDN15
43.2117,44.567,0.0912971,PDN15
43.2133,44.558,0.0913024,PDN15
43.215,44.55,0.0913078,PDN15
43.2167,44.541,0.091311,PDN15
43.2183,44.533,0.0913117,PDN15
43.22,44.526,0.091308,PDN15
43.2217,44.517,0.0913011,PDN15
43.2233,44.509,0.0912952,PDN15
43.225,44.501,0.0912887,PDN15
43.2267,44.491,0.091282,PDN15
43.2283,44.484,0.0912747,PDN15
43.23,44.475,0.0912646,PDN15
43.2317,44.466,0.0912561,PDN15
43.2333,44.459,0.0912487,PDN15
43.235,44.451,0.0912425,PDN15
43.2367,44.442,0.0912414,PDN15
43.2383,44.433,0.0912436,PDN15
43.24,44.426,0.0912462,PDN15
43.2417,44.417,0.0912499,PDN15
43.2433,44.408,0.0912527,PDN15
43.245,44.399,0.0912562,PDN15
43.2467,44.392,0.0912556,PDN15
43.2483,44.383,0.0912516,PDN15
43.25,44.375,0.0912469,PDN15
43.2517,44.367,0.0912446,PDN15
43.2533,44.358,0.0912438,PDN15
43.255,44.35,0.0912458,PDN15
43.2567,44.343,0.0912479,PDN15
43.2583,44.334,0.0912506,PDN15
43.26,44.325,0.0912534,PDN15
43.2617,44.317,0.0912541,PDN15
43.2633,44.309,0.0912579,PDN15
43.265,44.3,0.0912566,PDN15
43.2667,44.293,0.0912561,PDN15
43.2683,44.284,0.0912502,PDN15
43.27,44.276,0.0912446,PDN15
43.2717,44.267,0.0912345,PDN15
43.2733,44.259,0.0912255,PDN15
43.275,44.251,0.0912152,PDN15
43.2767,44.242,0.0912025,PDN15
43.2783,44.233,0.0911911,PDN15
43.28,44.224,0.0911793,PDN15
43.2817,44.216,0.0911716,PDN15
43.2833,44.208,0.0911681,PDN15
43.285,44.2,0.0911685,PDN15
43.2867,44.192,0.0911684,PDN15
43.2883,44.183,0.0911698,PDN15
43.29,44.175,0.091169,PDN15
43.2917,44.167,0.0911704,PDN15
43.2933,44.158,0.0911714,PDN15
43.295,44.15,0.0911667,PDN15
43.2967,44.143,0.0911583,PDN15
43.2983,44.133,0.0911446,PDN15
43.3,44.125,0.0911309,PDN15
43.3017,44.116,0.0911185,PDN15
43.3033,44.108,0.0911074,PDN15
43.305,44.1,0.0911046,PDN15
43.3067,44.092,0.0911025,PDN15
43.3083,44.084,0.091103,PDN15
43.31,44.075,0.0911021,PDN15
43.3117,44.067,0.0910998,PDN15
43.3133,44.058,0.0910942,PDN15
43.315,44.051,0.0910845,PDN15
43.3167,44.043,0.0910738,PDN15
43.3183,44.034,0.0910644,PDN15
43.32,44.026,0.0910547,PDN15
43.3217,44.017,0.0910517,PDN15
43.3233,44.009,0.0910569,PDN15
43.325,44.001,0.0910636,PDN15
43.3267,43.992,0.091071,PDN15
43.3283,43.984,0.091077,PDN15
43.33,43.976,0.09108,PDN15
43.3317,43.967,0.0910803,PDN15
43.3333,43.959,0.0910797,PDN15
43.335,43.951,0.0910731,PDN15
43.3367,43.941,0.0910635,PDN15
43.3383,43.933,0.091052,PDN15
43.34,43.926,0.091045,PDN15
43.3417,43.917,0.0910426,PDN15
43.3433,43.909,0.0910447,PDN15
43.345,43.9,0.0910481,PDN15
43.3467,43.892,0.0910501,PDN15
43.3483,43.884,0.091055,PDN15
43.35,43.876,0.0910619,PDN15
43.3517,43.867,0.0910705,PDN15
43.3533,43.859,0.091075,PDN15
43.355,43.85,0.0910752,PDN15
43.3567,43.842,0.0910708,PDN15
43.3583,43.834,0.0910651,PDN15
43.36,43.826,0.0910601,PDN15
43.3617,43.818,0.0910561,PDN15
43.3633,43.808,0.0910546,PDN15
43.365,43.801,0.0910563,PDN15
43.3667,43.792,0.0910639,PDN15
43.3683,43.783,0.091077,PDN15
43.37,43.776,0.0910847,PDN15
43.3717,43.767,0.0910872,PDN15
43.3733,43.759,0.0910832,PDN15
43.375,43.75,0.091073,PDN15
43.3767,43.742,0.09105,PDN15
43.3783,43.734,0.0910118,PDN15
43.38,43.725,0.0909559,PDN15
43.3817,43.717,0.0909391,PDN15
43.3833,43.709,0.0909286,PDN15
43.385,43.701,0.0909214,PDN15
43.3867,43.692,0.0909211,PDN15
43.3883,43.685,0.0909236,PDN15
43.39,43.676,0.0909264,PDN15
43.3917,43.667,0.0909259,PDN15
43.3933,43.658,0.0909264,PDN15
43.395,43.652,0.0909278,PDN15
43.3967,43.642,0.090926,PDN15
43.3983,43.634,0.0909245,PDN15
43.4,43.626,0.0909258,PDN15
43.4017,43.618,0.0909271,PDN15
43.4033,43.609,0.0909303,PDN15
43.405,43.601,0.0909327,PDN15
43.4067,43.593,0.0909374,PDN15
43.4083,43.583,0.0909404,PDN15
43.41,43.575,0.0909364,PDN15
43.4117,43.567,0.090927,PDN15
43.4133,43.559,0.0909192,PDN15
43.415,43.551,0.0909094,PDN15
43.4167,43.542,0.0909024,PDN15
43.4183,43.533,0.0908969,PDN15
43.42,43.526,0.0908883,PDN15
43.4217,43.516,0.0908839,PDN15
43.4233,43.509,0.0908854,PDN15
43.425,43.501,0.0908887,PDN15
43.4267,43.492,0.0908929,PDN15
43.4283,43.484,0.0908924,PDN15
43.43,43.475,0.090884,PDN15
43.4317,43.466,0.0908682,PDN15
43.4333,43.46,0.0908549,PDN15
43.435,43.451,0.0908411,PDN15
43.4367,43.442,0.0908326,PDN15
43.4383,43.435,0.0908273,PDN15
43.44,43.426,0.0908227,PDN15
43.4417,43.417,0.0908162,PDN15
43.4433,43.409,0.090814,PDN15
43.445,43.401,0.0908129,PDN15
43.4467,43.392,0.0908114,PDN15
43.4483,43.384,0.0908068,PDN15
43.45,43.375,0.0907988,PDN15
43.4517,43.368,0.0907888,PDN15
43.4533,43.358,0.0907781,PDN15
43.455,43.35,0.0907699,PDN15
43.4567,43.343,0.0907639,PDN15
43.4583,43.333,0.0907637,PDN15
43.46,43.325,0.0907652,PDN15
43.4617,43.317,0.0907653,PDN15
43.4633,43.309,0.0907635,PDN15
43.465,43.3,0.0907609,PDN15
43.4667,43.292,0.0907626,PDN15
43.4683,43.284,0.0907622,PDN15
43.47,43.275,0.0907614,PDN15
43.4717,43.267,0.0907565,PDN15
43.4733,43.259,0.0907515,PDN15
43.475,43.251,0.0907463,PDN15
43.4767,43.242,0.0907433,PDN15
43.4783,43.233,0.0907436,PDN15
43.48,43.226,0.0907437,PDN15
43.4817,43.218,0.0907445,PDN15
43.4833,43.208,0.0907396,PDN15
43.485,43.2,0.090736,PDN15
43.4867,43.191,0.0907287,PDN15
43.4883,43.183,0.0907202,PDN15
43.49,43.177,0.0907116,PDN15
43.4917,43.167,0.0906997,PDN15
43.4933,43.159,0.0906922,PDN15
43.495,43.15,0.0906875,PDN15
43.4967,43.142,0.0906869,PDN15
43.4983,43.134,0.0906886,PDN15
43.5,43.126,0.0906921,PDN15
43.5017,43.118,0.0906947,PDN15
43.5033,43.109,0.0906966,PDN15
43.505,43.101,0.0906974,PDN15
43.5067,43.091,0.0907011,PDN15
43.5083,43.084,0.0906993,PDN15
43.51,43.075,0.0906921,PDN15
43.5117,43.067,0.0906811,PDN15
43.5133,43.058,0.0906675,PDN15
43.515,43.051,0.0906574,PDN15
43.5167,43.041,0.0906497,PDN15
43.5183,43.034,0.0906432,PDN15
43.52,43.025,0.0906398,PDN15
43.5217,43.017,0.0906378,PDN15
43.5233,43.008,0.0906369,PDN15
43.525,43,0.090639,PDN15
43.5267,42.992,0.0906386,PDN15
43.5283,42.984,0.0906348,PDN15
43.53,42.976,0.0906294,PDN15
43.5317,42.966,0.0906201,PDN15
43.5333,42.958,0.0906114,PDN15
43.535,42.95,0.0906082,PDN15
43.5367,42.942,0.0906085,PDN15
43.5383,42.933,0.0906086,PDN15
43.54,42.925,0.090612,PDN15
43.5417,42.917,0.0906125,PDN15
43.5433,42.909,0.0906114,PDN15
43.545,42.9,0.0906084,PDN15
43.5467,42.891,0.0906026,PDN15
43.5483,42.883,0.0905958,PDN15
43.55,42.874,0.0905879,PDN15
43.5517,42.867,0.0905786,PDN15
43.5533,42.858,0.0905712,PDN15
43.555,42.85,0.0905651,PDN15
43.5567,42.843,0.0905573,PDN15
43.5583,42.834,0.0905556,PDN15
43.56,42.825,0.0905538,PDN15
43.5617,42.818,0.0905512,PDN15
43.5633,42.808,0.090547,PDN15
43.565,42.8,0.0905396,PDN15
43.5667,42.792,0.0905318,PDN15
43.5683,42.785,0.0905195,PDN15
43.57,42.775,0.090502,PDN15
43.5717,42.768,0.0904867,PDN15
43.5733,42.76,0.0904742,PDN15
43.575,42.751,0.0904632,PDN15
43.5767,42.743,0.0904574,PDN15
43.5783,42.734,0.0904575,PDN15
43.58,42.726,0.0904631,PDN15
43.5817,42.718,0.0904793,PDN15
43.5833,42.71,0.0904863,PDN15
43.585,42.702,0.0904885,PDN15
43.5867,42.692,0.0904852,PDN15
43.5883,42.684,0.09048,PDN15
43.59,42.676,0.0904717,PDN15
43.5917,42.668,0.0904603,PDN15
43.5933,42.66,0.0904482,PDN15
43.595,42.652,0.0904317,PDN15
43.5967,42.643,0.0904174,PDN15
43.5983,42.634,0.0904054,PDN15
43.6,42.626,0.090399,PDN15
43.6017,42.618,0.0903939,PDN15
43.6033,42.61,0.0903891,PDN15
43.605,42.601,0.0903839,PDN15
43.6067,42.593,0.0903799,PDN15
43.6083,42.584,0.0903778,PDN15
43.61,42.576,0.0903724,PDN15
43.6117,42.567,0.0903676,PDN15
43.6133,42.56,0.090363,PDN15
43.615,42.551,0.0903604,PDN15
43.6167,42.543,0.0903577,PDN15
43.6183,42.534,0.0903555,PDN15
43.62,42.526,0.0903542,PDN15
43.6217,42.518,0.0903559,PDN15
43.6233,42.508,0.0903562,PDN15
43.625,42.5,0.0903547,PDN15
43.6267,42.492,0.0903503,PDN15
43.6283,42.485,0.0903408,PDN15
43.63,42.476,0.090333,PDN15
43.6317,42.467,0.0903251,PDN15
43.6333,42.459,0.0903166,PDN15
43.635,42.451,0.0903051,PDN15
43.6367,42.442,0.090296,PDN15
43.6383,42.434,0.0902868,PDN15
43.64,42.425,0.0902777,PDN15
43.6417,42.418,0.0902659,PDN15
43.6433,42.409,0.0902564,PDN15
43.645,42.4,0.0902464,PDN15
43.6467,42.393,0.0902373,PDN15
43.6483,42.384,0.0902312,PDN15
43.65,42.375,0.0902242,PDN15
43.6517,42.368,0.0902174,PDN15
43.6533,42.359,0.0902105,PDN15
43.655,42.351,0.0902048,PDN15
43.6567,42.343,0.0901974,PDN15
43.6583,42.334,0.0901882,PDN15
43.66,42.325,0.0901782,PDN15
43.6617,42.317,0.090169,PDN15
43.6633,42.31,0.0901616,PDN15
43.665,42.3,0.0901585,PDN15
43.6667,42.292,0.0901625,PDN15
43.6683,42.285,0.0901655,PDN15
43.67,42.276,0.0901688,PDN15
43.6717,42.268,0.0901985,PDN15
43.6733,42.259,0.09023,PDN15
43.675,42.251,0.0902469,PDN15
43.6767,42.243,0.0902618,PDN15
43.6783,42.234,0.0902692,PDN15
43.68,42.226,0.0902723,PDN15
43.6817,42.217,0.0902676,PDN15
43.6833,42.21,0.0902547,PDN15
43.685,42.201,0.0902418,PDN15
43.6867,42.193,0.0902336,PDN15
43.6883,42.184,0.090223,PDN15
43.69,42.176,0.0902164,PDN15
43.6917,42.167,0.0902115,PDN15
43.6933,42.159,0.0902075,PDN15
43.695,42.151,0.0902071,PDN15
43.6967,42.143,0.0902096,PDN15
43.6983,42.134,0.0902146,PDN15
43.7,42.125,0.0902183,PDN15
43.7017,42.116,0.0902179,PDN15
43.7033,42.109,0.0902147,PDN15
43.705,42.1,0.0902121,PDN15
43.7067,42.092,0.0902096,PDN15
43.7083,42.083,0.0902097,PDN15
43.71,42.076,0.0902105,PDN15
43.7117,42.068,0.0902067,PDN15
43.7133,42.059,0.0902029,PDN15
43.715,42.051,0.0901993,PDN15
43.7167,42.043,0.0901995,PDN15
43.7183,42.034,0.0901981,PDN15
43.72,42.026,0.0902011,PDN15
43.7217,42.018,0.0902023,PDN15
43.7233,42.009,0.0902016,PDN15
43.725,42.001,0.0901968,PDN15
43.7267,41.992,0.0901879,PDN15
43.7283,41.983,0.0901777,PDN15
43.73,41.975,0.0901675,PDN15
43.7317,41.967,0.09016,PDN15
43.7333,41.96,0.0901542,PDN15
43.735,41.951,0.0901498,PDN15
43.7367,41.942,0.0901457,PDN15
43.7383,41.934,0.0901455,PDN15
43.74,41.926,0.0901467,PDN15
43.7417,41.917,0.0901478,PDN15
43.7433,41.909,0.0901437,PDN15
43.745,41.9,0.0901297,PDN15
43.7467,41.893,0.0900888,PDN15
43.7483,41.885,0.0900442,PDN15
43.75,41.876,0.0900009,PDN15
43.7517,41.868,0.0899817,PDN15
43.7533,41.859,0.0899567,PDN15
43.755,41.851,0.089941,PDN15
43.7567,41.842,0.0899312,PDN15
43.7583,41.835,0.0899266,PDN15
43.76,41.826,0.0899235,PDN15
43.7617,41.818,0.0899223,PDN15
43.7633,41.809,0.0899188,PDN15
43.765,41.8,0.0899169,PDN15
43.7667,41.792,0.0899158,PDN15
43.7683,41.784,0.0899113,PDN15
43.77,41.776,0.0899072,PDN15
43.7717,41.768,0.0899018,PDN15
43.7733,41.759,0.0898945,PDN15
43.775,41.75,0.0898894,PDN15
43.7767,41.742,0.0898881,PDN15
43.7783,41.735,0.0898881,PDN15
43.78,41.726,0.0898906,PDN15
43.7817,41.717,0.0898934,PDN15
43.7833,41.709,0.0898959,PDN15
43.785,41.702,0.0899035,PDN15
43.7867,41.692,0.0899116,PDN15
43.7883,41.685,0.0899237,PDN15
43.79,41.676,0.0899378,PDN15
43.7917,41.667,0.0899418,PDN15
43.7933,41.659,0.0899459,PDN15
43.795,41.651,0.0899439,PDN15
43.7967,41.643,0.08994,PDN15
43.7983,41.634,0.0899353,PDN15
43.8,41.626,0.0899291,PDN15
43.8017,41.617,0.0899073,PDN15
43.8033,41.61,0.0898869,PDN15
43.805,41.601,0.089855,PDN15
43.8067,41.593,0.0898447,PDN15
43.8083,41.585,0.0898357,PDN15
43.81,41.576,0.0898223,PDN15
43.8117,41.568,0.0898153,PDN15
43.8133,41.56,0.0898089,PDN15
43.815,41.551,0.0898035,PDN15
43.8167,41.543,0.0898035,PDN15
43.8183,41.534,0.0898097,PDN15
43.82,41.525,0.0898087,PDN15
43.8217,41.517,0.0898035,PDN15
43.8233,41.508,0.0897944,PDN15
43.825,41.501,0.0897861,PDN15
43.8267,41.492,0.089781,PDN15
43.8283,41.484,0.0897751,PDN15
43.83,41.476,0.0897722,PDN15
43.8317,41.468,0.0897717,PDN15
43.8333,41.459,0.0897724,PDN15
43.835,41.45,0.0897757,PDN15
43.8367,41.442,0.0897808,PDN15
43.8383,41.434,0.089783,PDN15
43.84,41.427,0.0897814,PDN15
43.8417,41.418,0.089776,PDN15
43.8433,41.409,0.0897697,PDN15
43.845,41.4,0.0897619,PDN15
43.8467,41.393,0.0897549,PDN15
43.8483,41.384,0.0897498,PDN15
43.85,41.376,0.0897459,PDN15
43.8517,41.367,0.0897403,PDN15
43.8533,41.359,0.0897356,PDN15
43.855,41.351,0.0897345,PDN15
43.8567,41.343,0.089737,PDN15
43.8583,41.335,0.0897399,PDN15
43.86,41.326,0.0897407,PDN15
43.8617,41.318,0.089739,PDN15
43.8633,41.31,0.089733,PDN15
43.865,41.302,0.0897234,PDN15
43.8667,41.292,0.0897114,PDN15
43.8683,41.284,0.0896995,PDN15
43.87,41.277,0.0896856,PDN15
43.8717,41.268,0.0896685,PDN15
43.8733,41.26,0.0896548,PDN15
43.875,41.251,0.0896437,PDN15
43.8767,41.243,0.0896355,PDN15
43.8783,41.235,0.0896259,PDN15
43.88,41.226,0.0896157,PDN15
43.8817,41.218,0.0896072,PDN15
43.8833,41.21,0.0896026,PDN15
43.885,41.201,0.089599,PDN15
43.8867,41.193,0.0895936,PDN15
43.8883,41.185,0.0895925,PDN15
43.89,41.177,0.089591,PDN15
43.8917,41.168,0.089594,PDN15
43.8933,41.159,0.0895986,PDN15
43.895,41.151,0.089604,PDN15
43.8967,41.143,0.0896035,PDN15
43.8983,41.135,0.0895986,PDN15
43.9,41.127,0.0895919,PDN15
43.9017,41.119,0.0895878,PDN15
43.9033,41.11,0.0895821,PDN15
43.905,41.102,0.0895724,PDN15
43.9067,41.093,0.089562,PDN15
43.9083,41.085,0.0895574,PDN15
43.91,41.077,0.0895543,PDN15
43.9117,41.069,0.089554,PDN15
43.9133,41.06,0.089555,PDN15
43.915,41.052,0.0895552,PDN15
43.9167,41.043,0.0895511,PDN15
43.9183,41.034,0.0895446,PDN15
43.92,41.025,0.0895402,PDN15
43.9217,41.018,0.0895334,PDN15
43.9233,41.009,0.0895277,PDN15
43.925,41.001,0.0895192,PDN15
43.9267,40.993,0.0895147,PDN15
43.9283,40.985,0.0895086,PDN15
43.93,40.977,0.089501,PDN15
43.9317,40.967,0.0894953,PDN15
43.9333,40.959,0.0894887,PDN15
43.935,40.951,0.0894833,PDN15
43.9367,40.943,0.0894784,PDN15
43.9383,40.934,0.0894794,PDN15
43.94,40.926,0.0894842,PDN15
43.9417,40.918,0.0894888,PDN15
43.9433,40.91,0.0894952,PDN15
43.945,40.901,0.089503,PDN15
43.9467,40.893,0.0895054,PDN15
43.9483,40.885,0.0895048,PDN15
43.95,40.876,0.0895004,PDN15
43.9517,40.868,0.089492,PDN15
43.9533,40.859,0.0894842,PDN15
43.955,40.852,0.0894746,PDN15
43.9567,40.843,0.0894629,PDN15
43.9583,40.834,0.089451,PDN15
43.96,40.826,0.0894367,PDN15
43.9617,40.818,0.0894256,PDN15
43.9633,40.81,0.0894221,PDN15
43.965,40.801,0.0894148,PDN15
43.9667,40.793,0.0894055,PDN15
43.9683,40.785,0.0893966,PDN15
43.97,40.776,0.0893882,PDN15
43.9717,40.768,0.08938,PDN15
43.9733,40.761,0.0893763,PDN15
43.975,40.751,0.0893702,PDN15
43.9767,40.743,0.0893652,PDN15
43.9783,40.735,0.0893589,PDN15
43.98,40.726,0.0893552,PDN15
43.9817,40.719,0.089352,PDN15
43.9833,40.71,0.0893448,PDN15
43.985,40.702,0.0893389,PDN15
43.9867,40.694,0.0893327,PDN15
43.9883,40.685,0.0893277,PDN15
43.99,40.676,0.0893252,PDN15
43.9917,40.668,0.089321,PDN15
43.9933,40.66,0.0893146,PDN15
43.995,40.652,0.0893074,PDN15
43.9967,40.642,0.0892998,PDN15
43.9983,40.635,0.0892961,PDN15
44,40.627,0.0892962,PDN15
44.0017,40.619,0.0892924,PDN15
44.0033,40.609,0.0892936,PDN15
44.005,40.601,0.0892954,PDN15
44.0067,40.594,0.0893012,PDN15
44.0083,40.586,0.0893085,PDN15
44.01,40.576,0.0893108,PDN15
44.0117,40.569,0.0893108,PDN15
44.0133,40.56,0.0893097,PDN15
44.015,40.552,0.0893073,PDN15
44.0167,40.543,0.0893029,PDN15
44.0183,40.535,0.0892998,PDN15
44.02,40.526,0.089293,PDN15
44.0217,40.518,0.089284,PDN15
44.0233,40.51,0.0892753,PDN15
44.025,40.502,0.089271,PDN15
44.0267,40.493,0.0892711,PDN15
44.0283,40.486,0.0892689,PDN15
44.03,40.478,0.0892679,PDN15
44.0317,40.468,0.0892663,PDN15
44.0333,40.46,0.0892655,PDN15
44.035,40.451,0.0892648,PDN15
44.0367,40.443,0.0892628,PDN15
44.0383,40.435,0.0892604,PDN15
44.04,40.428,0.0892539,PDN15
44.0417,40.419,0.0892472,PDN15
44.0433,40.41,0.0892383,PDN15
44.045,40.401,0.0892342,PDN15
44.0467,40.393,0.0892328,PDN15
44.0483,40.385,0.0892289,PDN15
44.05,40.377,0.0892204,PDN15
44.0517,40.368,0.0892113,PDN15
44.0533,40.36,0.0892001,PDN15
44.055,40.352,0.0891911,PDN15
44.0567,40.343,0.0891869,PDN15
44.0583,40.336,0.0891833,PDN15
44.06,40.327,0.0891781,PDN15
44.0617,40.318,0.0891743,PDN15
44.0633,40.31,0.0891749,PDN15
44.065,40.302,0.08918,PDN15
44.0667,40.293,0.0891801,PDN15
44.0683,40.285,0.0891724,PDN15
44.07,40.277,0.0891693,PDN15
44.0717,40.268,0.089164,PDN15
44.0733,40.26,0.0891592,PDN15
44.075,40.252,0.0891554,PDN15
44.0767,40.243,0.0891553,PDN15
44.0783,40.236,0.0891566,PDN15
44.08,40.226,0.0891633,PDN15
44.0817,40.219,0.0891915,PDN15
44.0833,40.21,0.0892204,PDN15
44.085,40.202,0.0892306,PDN15
44.0867,40.194,0.0892362,PDN15
44.0883,40.186,0.0892435,PDN15
44.09,40.177,0.0892468,PDN15
44.0917,40.168,0.0892434,PDN15
44.0933,40.16,0.0892355,PDN15
44.095,40.151,0.0892247,PDN15
44.0967,40.144,0.0892037,PDN15
44.0983,40.135,0.0891793,PDN15
44.1,40.128,0.0891714,PDN15
44.1017,40.119,0.0891634,PDN15
44.1033,40.111,0.0891536,PDN15
44.105,40.102,0.0891508,PDN15
44.1067,40.093,0.0891469,PDN15
44.1083,40.086,0.089145,PDN15
44.11,40.077,0.0891396,PDN15
44.1117,40.069,0.089136,PDN15
44.1133,40.06,0.0891314,PDN15
44.115,40.051,0.0891293,PDN15
44.1167,40.044,0.0891223,PDN15
44.1183,40.035,0.0891169,PDN15
44.12,40.027,0.0891078,PDN15
44.1217,40.018,0.089099,PDN15
44.1233,40.01,0.0890936,PDN15
44.125,40.002,0.0890893,PDN15
44.1267,39.994,0.0890906,PDN15
44.1283,39.986,0.0890905,PDN15
44.13,39.978,0.0890927,PDN15
44.1317,39.969,0.0890926,PDN15
44.1333,39.961,0.0890892,PDN15
44.135,39.952,0.0890871,PDN15
44.1367,39.943,0.08908,PDN15
44.1383,39.935,0.0890695,PDN15
44.14,39.927,0.0890591,PDN15
44.1417,39.918,0.0890492,PDN15
44.1433,39.91,0.0890417,PDN15
44.145,39.901,0.089036,PDN15
44.1467,39.892,0.0890336,PDN15
44.1483,39.885,0.0890332,PDN15
44.15,39.878,0.0890274,PDN15
44.1517,39.868,0.0890156,PDN15
44.1533,39.861,0.0890069,PDN15
44.155,39.852,0.0889957,PDN15
44.1567,39.844,0.0889835,PDN15
44.1583,39.835,0.0889733,PDN15
44.16,39.828,0.0889657,PDN15
44.1617,39.819,0.0889657,PDN15
44.1633,39.81,0.0889672,PDN15
44.165,39.802,0.0889703,PDN15
44.1667,39.794,0.0889721,PDN15
44.1683,39.785,0.0889716,PDN15
44.17,39.776,0.0889691,PDN15
44.1717,39.769,0.0889672,PDN15
44.1733,39.76,0.0889611,PDN15
44.175,39.752,0.0889573,PDN15
44.1767,39.743,0.0889542,PDN15
44.1783,39.736,0.0889546,PDN15
44.18,39.727,0.0889539,PDN15
44.1817,39.719,0.088953,PDN15
44.1833,39.711,0.0889568,PDN15
44.185,39.702,0.0889617,PDN15
44.1867,39.694,0.088962,PDN15
44.1883,39.685,0.088961,PDN15
44.19,39.677,0.0889606,PDN15
44.1917,39.668,0.0889594,PDN15
44.1933,39.661,0.0889597,PDN15
44.195,39.652,0.0889563,PDN15
44.1967,39.644,0.0889497,PDN15
44.1983,39.636,0.088939,PDN15
44.2,39.627,0.0889285,PDN15
44.2017,39.619,0.0889219,PDN15
44.2033,39.61,0.0889138,PDN15
44.205,39.602,0.0889044,PDN15
44.2067,39.593,0.0888967,PDN15
44.2083,39.585,0.088894,PDN15
44.21,39.577,0.0888945,PDN15
44.2117,39.569,0.0889089,PDN15
44.2133,39.56,0.08893,PDN15
44.215,39.553,0.0889374,PDN15
44.2167,39.544,0.0889399,PDN15
44.2183,39.535,0.0889417,PDN15
44.22,39.528,0.0889454,PDN15
44.2217,39.519,0.0889461,PDN15
44.2233,39.511,0.0889451,PDN15
44.225,39.502,0.0889407,PDN15
44.2267,39.494,0.088934,PDN15
44.2283,39.486,0.0889247,PDN15
44.23,39.478,0.088916,PDN15
44.2317,39.468,0.0889098,PDN15
44.2333,39.462,0.088902,PDN15
44.235,39.453,0.0888913,PDN15
44.2367,39.445,0.0888782,PDN15
44.2383,39.436,0.0888674,PDN15
44.24,39.428,0.088856,PDN15
44.2417,39.42,0.0888473,PDN15
44.2433,39.411,0.0888413,PDN15
44.245,39.402,0.08884,PDN15
44.2467,39.394,0.0888382,PDN15
44.2483,39.386,0.0888363,PDN15
44.25,39.378,0.0888359,PDN15
44.2517,39.37,0.0888384,PDN15
44.2533,39.362,0.0888408,PDN15
44.255,39.353,0.0888428,PDN15
44.2567,39.345,0.0888412,PDN15
44.2583,39.336,0.0888328,PDN15
44.26,39.328,0.0888196,PDN15
44.2617,39.32,0.0888079,PDN15
44.2633,39.311,0.0887942,PDN15
44.265,39.302,0.0887862,PDN15
44.2667,39.294,0.0887801,PDN15
44.2683,39.286,0.088776,PDN15
44.27,39.276,0.0887723,PDN15
44.2717,39.269,0.0887718,PDN15
44.2733,39.261,0.0887696,PDN15
44.275,39.252,0.0887663,PDN15
44.2767,39.244,0.0887645,PDN15
44.2783,39.236,0.0887607,PDN15
44.28,39.227,0.0887594,PDN15
44.2817,39.218,0.0887557,PDN15
44.2833,39.211,0.0887543,PDN15
44.285,39.202,0.0887495,PDN15
44.2867,39.195,0.088745,PDN15
44.2883,39.186,0.088737,PDN15
44.29,39.177,0.0887317,PDN15
44.2917,39.169,0.0887216,PDN15
44.2933,39.161,0.0887104,PDN15
44.295,39.151,0.0887037,PDN15
44.2967,39.145,0.0887028,PDN15
44.2983,39.135,0.0887065,PDN15
44.3,39.127,0.0887115,PDN15
44.3017,39.119,0.0887196,PDN15
44.3033,39.111,0.0887332,PDN15
44.305,39.103,0.0887368,PDN15
44.3067,39.094,0.0887332,PDN15
44.3083,39.086,0.0887284,PDN15
44.31,39.078,0.0887223,PDN15
44.3117,39.069,0.0887129,PDN15
44.3133,39.062,0.0886995,PDN15
44.315,39.053,0.0886864,PDN15
44.3167,39.045,0.0886732,PDN15
44.3183,39.037,0.0886652,PDN15
44.32,39.028,0.0886583,PDN15
44.3217,39.02,0.0886585,PDN15
44.3233,39.011,0.0886545,PDN15
44.325,39.002,0.0886447,PDN15
44.3267,38.995,0.0886342,PDN15
44.3283,38.986,0.0886261,PDN15
44.33,38.978,0.088619,PDN15
44.3317,38.969,0.088611,PDN15
44.3333,38.962,0.0886011,PDN15
44.335,38.953,0.0885933,PDN15
44.3367,38.945,0.0885867,PDN15
44.3383,38.936,0.0885838,PDN15
44.34,38.928,0.088583,PDN15
44.3417,38.919,0.0885813,PDN15
44.3433,38.91,0.0885778,PDN15
44.345,38.903,0.0885728,PDN15
44.3467,38.894,0.0885693,PDN15
44.3483,38.886,0.0885688,PDN15
44.35,38.878,0.0885692,PDN15
44.3517,38.869,0.0885708,PDN15
44.3533,38.861,0.0885721,PDN15
44.355,38.852,0.0885742,PDN15
44.3567,38.845,0.0885709,PDN15
44.3583,38.837,0.0885682,PDN15
44.36,38.828,0.0885619,PDN15
44.3617,38.821,0.0885567,PDN15
44.3633,38.812,0.0885522,PDN15
44.365,38.803,0.0885501,PDN15
44.3667,38.795,0.0885478,PDN15
44.3683,38.786,0.0885464,PDN15
44.37,38.778,0.0885489,PDN15
44.3717,38.77,0.0885566,PDN15
44.3733,38.762,0.0885726,PDN15
44.375,38.752,0.0885774,PDN15
44.3767,38.745,0.0885788,PDN15
44.3783,38.737,0.0885763,PDN15
44.38,38.728,0.0885747,PDN15
44.3817,38.72,0.088573,PDN15
44.3833,38.712,0.0885666,PDN15
44.385,38.702,0.0885561,PDN15
44.3867,38.695,0.088543,PDN15
44.3883,38.686,0.0885328,PDN15
44.39,38.677,0.0885286,PDN15
44.3917,38.67,0.0885211,PDN15
44.3933,38.661,0.0885098,PDN15
44.395,38.653,0.0885015,PDN15
44.3967,38.644,0.0884936,PDN15
44.3983,38.637,0.0884854,PDN15
44.4,38.628,0.0884771,PDN15
44.4017,38.619,0.0884668,PDN15
44.4033,38.611,0.088459,PDN15
44.405,38.603,0.0884495,PDN15
44.4067,38.594,0.0884425,PDN15
44.4083,38.585,0.088443,PDN15
44.41,38.578,0.0884395,PDN15
44.4117,38.57,0.0884309,PDN15
44.4133,38.561,0.0884236,PDN15
44.415,38.553,0.0884187,PDN15
44.4167,38.545,0.0884143,PDN15
44.4183,38.536,0.0884075,PDN15
44.42,38.528,0.0883966,PDN15
44.4217,38.52,0.0883917,PDN15
44.4233,38.512,0.0883882,PDN15
44.425,38.503,0.0883848,PDN15
44.4267,38.494,0.0883841,PDN15
44.4283,38.486,0.0883861,PDN15
44.43,38.478,0.0883834,PDN15
44.4317,38.469,0.0883826,PDN15
44.4333,38.461,0.0883848,PDN15
44.435,38.452,0.088387,PDN15
44.4367,38.445,0.0883883,PDN15
44.4383,38.436,0.0883877,PDN15
44.44,38.428,0.0883868,PDN15
44.4417,38.419,0.0883855,PDN15
44.4433,38.41,0.0883827,PDN15
44.445,38.403,0.0883796,PDN15
44.4467,38.395,0.0883759,PDN15
44.4483,38.385,0.0883691,PDN15
44.45,38.377,0.0883614,PDN15
44.4517,38.37,0.0883545,PDN15
44.4533,38.362,0.0883497,PDN15
44.455,38.353,0.0883448,PDN15
44.4567,38.344,0.0883415,PDN15
44.4583,38.336,0.0883396,PDN15
44.46,38.328,0.0883369,PDN15
44.4617,38.32,0.0883332,PDN15
44.4633,38.311,0.0883314,PDN15
44.465,38.303,0.0883271,PDN15
44.4667,38.294,0.0883205,PDN15
44.4683,38.287,0.088313,PDN15
44.47,38.278,0.0883038,PDN15
44.4717,38.27,0.0883002,PDN15
44.4733,38.261,0.0882945,PDN15
44.475,38.253,0.0882905,PDN15
44.4767,38.246,0.0882881,PDN15
44.4783,38.236,0.0882841,PDN15
44.48,38.228,0.0882846,PDN15
44.4817,38.22,0.0882853,PDN15
44.4833,38.212,0.0882866,PDN15
44.485,38.203,0.0882887,PDN15
44.4867,38.194,0.0882918,PDN15
44.4883,38.186,0.0882979,PDN15
44.49,38.177,0.0883011,PDN15
44.4917,38.169,0.0883004,PDN15
44.4933,38.162,0.0882966,PDN15
44.495,38.152,0.0882892,PDN15
44.4967,38.145,0.088277,PDN15
44.4983,38.136,0.0882654,PDN15
44.5,38.128,0.0882542,PDN15
44.5017,38.121,0.0882472,PDN15
44.5033,38.111,0.0882419,PDN15
44.505,38.103,0.0882381,PDN15
44.5067,38.094,0.0882398,PDN15
44.5083,38.087,0.0882431,PDN15
44.51,38.078,0.0882469,PDN15
44.5117,38.069,0.0882472,PDN15
44.5133,38.061,0.0882483,PDN15
44.515,38.053,0.0882476,PDN15
44.5167,38.044,0.0882454,PDN15
44.5183,38.036,0.0882452,PDN15
44.52,38.028,0.0882441,PDN15
44.5217,38.019,0.088245,PDN15
44.5233,38.012,0.0882446,PDN15
44.525,38.003,0.0882409,PDN15
44.5267,37.995,0.0882412,PDN15
44.5283,37.987,0.0882418,PDN15
44.53,37.978,0.0882389,PDN15
44.5317,37.97,0.0882373,PDN15
44.5333,37.962,0.0882372,PDN15
44.535,37.953,0.0882372,PDN15
44.5367,37.945,0.0882363,PDN15
44.5383,37.937,0.0882314,PDN15
44.54,37.928,0.0882259,PDN15
44.5417,37.92,0.0882174,PDN15
44.5433,37.912,0.0882021,PDN15
44.545,37.903,0.0881887,PDN15
44.5467,37.895,0.0881777,PDN15
44.5483,37.886,0.0881685,PDN15
44.55,37.879,0.0881593,PDN15
44.5517,37.869,0.088155,PDN15
44.5533,37.863,0.0881554,PDN15
44.555,37.853,0.0881591,PDN15
44.5567,37.845,0.0881648,PDN15
44.5583,37.837,0.0881687,PDN15
44.56,37.828,0.0881671,PDN15
44.5617,37.82,0.0881634,PDN15
44.5633,37.812,0.0881571,PDN15
44.565,37.803,0.0881493,PDN15
44.5667,37.794,0.0881424,PDN15
44.5683,37.787,0.088131,PDN15
44.57,37.78,0.0881189,PDN15
44.5717,37.771,0.0881051,PDN15
44.5733,37.761,0.088095,PDN15
44.575,37.754,0.0880882,PDN15
44.5767,37.745,0.0880825,PDN15
44.5783,37.737,0.0880798,PDN15
44.58,37.728,0.0880816,PDN15
44.5817,37.72,0.0880872,PDN15
44.5833,37.712,0.0880936,PDN15
44.585,37.703,0.0881049,PDN15
44.5867,37.695,0.0881222,PDN15
44.5883,37.687,0.0881419,PDN15
44.59,37.679,0.088148,PDN15
44.5917,37.67,0.0881471,PDN15
44.5933,37.661,0.0881456,PDN15
44.595,37.654,0.0881381,PDN15
44.5967,37.645,0.0881298,PDN15
44.5983,37.637,0.0881195,PDN15
44.6,37.63,0.0881108,PDN15
44.6017,37.621,0.0880995,PDN15
44.6033,37.612,0.0880872,PDN15
44.605,37.603,0.0880766,PDN15
44.6067,37.596,0.0880702,PDN15
44.6083,37.587,0.0880613,PDN15
44.61,37.579,0.0880513,PDN15
44.6117,37.57,0.0880416,PDN15
44.6133,37.562,0.0880318,PDN15
44.615,37.553,0.0880268,PDN15
44.6167,37.544,0.0880238,PDN15
44.6183,37.537,0.0880244,PDN15
44.62,37.528,0.088026,PDN15
44.6217,37.52,0.0880306,PDN15
44.6233,37.512,0.0880332,PDN15
44.625,37.504,0.0880343,PDN15
44.6267,37.495,0.0880359,PDN15
44.6283,37.487,0.0880389,PDN15
44.63,37.479,0.0880375,PDN15
44.6317,37.47,0.0880363,PDN15
44.6333,37.462,0.0880384,PDN15
44.635,37.454,0.088037,PDN15
44.6367,37.445,0.0880346,PDN15
44.6383,37.436,0.088031,PDN15
44.64,37.429,0.0880263,PDN15
44.6417,37.42,0.0880208,PDN15
44.6433,37.413,0.0880127,PDN15
44.645,37.404,0.0880002,PDN15
44.6467,37.394,0.0879906,PDN15
44.6483,37.386,0.0879837,PDN15
44.65,37.379,0.0879782,PDN15
44.6517,37.37,0.0879779,PDN15
44.6533,37.361,0.0879744,PDN15
44.655,37.353,0.0879717,PDN15
44.6567,37.345,0.0879682,PDN15
44.6583,37.336,0.0879625,PDN15
44.66,37.329,0.0879578,PDN15
44.6617,37.32,0.0879517,PDN15
44.6633,37.311,0.0879416,PDN15
44.665,37.304,0.0879294,PDN15
44.6667,37.295,0.0879219,PDN15
44.6683,37.287,0.0879134,PDN15
44.67,37.278,0.0879095,PDN15
44.6717,37.27,0.0879058,PDN15
44.6733,37.262,0.0879043,PDN15
44.675,37.253,0.087901,PDN15
44.6767,37.245,0.0878955,PDN15
44.6783,37.236,0.0878916,PDN15
44.68,37.229,0.0878884,PDN15
44.6817,37.22,0.087886,PDN15
44.6833,37.212,0.0878778,PDN15
44.685,37.203,0.0878691,PDN15
44.6867,37.196,0.0878557,PDN15
44.6883,37.188,0.0878428,PDN15
44.69,37.178,0.0878311,PDN15
44.6917,37.172,0.0878198,PDN15
44.6933,37.162,0.0878106,PDN15
44.695,37.153,0.087803,PDN15
44.6967,37.145,0.0877977,PDN15
44.6983,37.137,0.0877966,PDN15
44.7,37.128,0.0878009,PDN15
44.7017,37.119,0.0878038,PDN15
44.7033,37.113,0.0878015,PDN15
44.705,37.104,0.087797,PDN15
44.7067,37.095,0.0877921,PDN15
44.7083,37.087,0.0877886,PDN15
44.71,37.078,0.087785,PDN15
44.7117,37.071,0.0877815,PDN15
44.7133,37.063,0.0877769,PDN15
44.715,37.054,0.0877698,PDN15
44.7167,37.046,0.0877667,PDN15
44.7183,37.037,0.087765,PDN15
44.72,37.028,0.0877605,PDN15
44.7217,37.021,0.0877525,PDN15
44.7233,37.013,0.0877477,PDN15
44.725,37.004,0.0877423,PDN15
44.7267,36.997,0.0877414,PDN15
44.7283,36.988,0.0877388,PDN15
44.73,36.979,0.0877341,PDN15
44.7317,36.971,0.0877307,PDN15
44.7333,36.962,0.0877259,PDN15
44.735,36.954,0.0877245,PDN15
44.7367,36.946,0.0877201,PDN15
44.7383,36.937,0.0877132,PDN15
44.74,36.929,0.0877053,PDN15
44.7417,36.921,0.0877024,PDN15
44.7433,36.913,0.0877037,PDN15
44.745,36.905,0.087706,PDN15
44.7467,36.897,0.0877077,PDN15
44.7483,36.887,0.0877107,PDN15
44.75,36.881,0.0877122,PDN15
44.7517,36.87,0.0877114,PDN15
44.7533,36.863,0.0877118,PDN15
44.755,36.854,0.0877054,PDN15
44.7567,36.846,0.0876957,PDN15
44.7583,36.838,0.087683,PDN15
44.76,36.828,0.0876729,PDN15
44.7617,36.82,0.0876612,PDN15
44.7633,36.812,0.0876492,PDN15
44.765,36.804,0.0876389,PDN15
44.7667,36.796,0.0876305,PDN15
44.7683,36.787,0.0876242,PDN15
44.77,36.778,0.0876177,PDN15
44.7717,36.77,0.0876112,PDN15
44.7733,36.762,0.0876009,PDN15
44.775,36.754,0.0875974,PDN15
44.7767,36.745,0.0875929,PDN15
44.7783,36.737,0.0875896,PDN15
44.78,36.729,0.0875851,PDN15
44.7817,36.721,0.0875793,PDN15
44.7833,36.713,0.0875718,PDN15
44.785,36.704,0.0875613,PDN15
44.7867,36.696,0.0875492,PDN15
44.7883,36.687,0.087539,PDN15
44.79,36.679,0.0875306,PDN15
44.7917,36.671,0.0875209,PDN15
44.7933,36.663,0.0875165,PDN15
44.795,36.654,0.087516,PDN15
44.7967,36.645,0.087514,PDN15
44.7983,36.637,0.0875137,PDN15
44.8,36.63,0.0875098,PDN15
44.8017,36.62,0.0875034,PDN15
44.8033,36.612,0.0874924,PDN15
44.805,36.603,0.0874743,PDN15
44.8067,36.595,0.0874583,PDN15
44.8083,36.588,0.0874445,PDN15
44.81,36.579,0.0874366,PDN15
44.8117,36.571,0.087428,PDN15
44.8133,36.563,0.0874249,PDN15
44.815,36.555,0.087428,PDN15
44.8167,36.546,0.0874461,PDN15
44.8183,36.537,0.0874906,PDN15
44.82,36.529,0.0875556,PDN15
44.8217,36.521,0.0875806,PDN15
44.8233,36.511,0.0875887,PDN15
44.825,36.505,0.0875916,PDN15
44.8267,36.496,0.08759,PDN15
44.8283,36.488,0.0875879,PDN15
44.83,36.479,0.0875816,PDN15
44.8317,36.471,0.0875715,PDN15
44.8333,36.464,0.0875608,PDN15
44.835,36.455,0.0875512,PDN15
44.8367,36.446,0.0875415,PDN15
44.8383,36.437,0.0875333,PDN15
44.84,36.429,0.0875187,PDN15
44.8417,36.421,0.0874894,PDN15
44.8433,36.412,0.0874725,PDN15
44.845,36.404,0.0874572,PDN15
44.8467,36.396,0.0874436,PDN15
44.8483,36.387,0.0874344,PDN15
44.85,36.379,0.0874291,PDN15
44.8517,36.372,0.0874243,PDN15
44.8533,36.363,0.087423,PDN15
44.855,36.354,0.0874248,PDN15
44.8567,36.347,0.0874284,PDN15
44.8583,36.337,0.0874344,PDN15
44.86,36.329,0.0874389,PDN15
44.8617,36.32,0.0874495,PDN15
44.8633,36.313,0.0874781,PDN15
44.865,36.304,0.0874943,PDN15
44.8667,36.296,0.0875041,PDN15
44.8683,36.288,0.087511,PDN15
44.87,36.278,0.0875127,PDN15
44.8717,36.271,0.0875108,PDN15
44.8733,36.262,0.087506,PDN15
44.875,36.254,0.0874963,PDN15
44.8767,36.246,0.0874834,PDN15
44.8783,36.238,0.0874613,PDN15
44.88,36.229,0.0874302,PDN15
44.8817,36.221,0.0874161,PDN15
44.8833,36.212,0.0874061,PDN15
44.885,36.204,0.0873977,PDN15
44.8867,36.196,0.0873888,PDN15
44.8883,36.188,0.0873816,PDN15
44.89,36.18,0.0873741,PDN15
44.8917,36.172,0.0873699,PDN15
44.8933,36.162,0.0873668,PDN15
44.895,36.154,0.0873659,PDN15
44.8967,36.146,0.0873637,PDN15
44.8983,36.138,0.0873604,PDN15
44.9,36.129,0.0873569,PDN15
44.9017,36.122,0.0873512,PDN15
44.9033,36.113,0.0873422,PDN15
44.905,36.105,0.0873282,PDN15
44.9067,36.095,0.087313,PDN15
44.9083,36.088,0.0872999,PDN15
44.91,36.079,0.0872908,PDN15
44.9117,36.071,0.087283,PDN15
44.9133,36.062,0.0872769,PDN15
44.915,36.054,0.087281,PDN15
44.9167,36.046,0.0872833,PDN15
44.9183,36.038,0.0872891,PDN15
44.92,36.029,0.087294,PDN15
44.9217,36.021,0.0873004,PDN15
44.9233,36.013,0.087302,PDN15
44.925,36.004,0.0872995,PDN15
44.9267,35.996,0.0872966,PDN15
44.9283,35.988,0.0872928,PDN15
44.93,35.979,0.0872835,PDN15
44.9317,35.972,0.0872777,PDN15
44.9333,35.964,0.0872762,PDN15
44.935,35.956,0.0872716,PDN15
44.9367,35.947,0.0872647,PDN15
44.9383,35.937,0.0872582,PDN15
44.94,35.93,0.0872532,PDN15
44.9417,35.922,0.0872503,PDN15
44.9433,35.914,0.0872445,PDN15
44.945,35.905,0.0872392,PDN15
44.9467,35.896,0.0872341,PDN15
44.9483,35.887,0.0872298,PDN15
44.95,35.879,0.0872286,PDN15
44.9517,35.872,0.0872307,PDN15
44.9533,35.862,0.0872368,PDN15
44.955,35.855,0.0872391,PDN15
44.9567,35.845,0.0872375,PDN15
44.9583,35.837,0.0872338,PDN15
44.96,35.828,0.0872263,PDN15
44.9617,35.821,0.087216,PDN15
44.9633,35.813,0.0872054,PDN15
44.965,35.804,0.0871921,PDN15
44.9667,35.796,0.0871819,PDN15
44.9683,35.788,0.0871715,PDN15
44.97,35.78,0.0871651,PDN15
44.9717,35.771,0.0871632,PDN15
44.9733,35.763,0.087161,PDN15
44.975,35.754,0.0871565,PDN15
44.9767,35.746,0.087153,PDN15
44.9783,35.738,0.0871508,PDN15
44.98,35.73,0.0871468,PDN15
44.9817,35.721,0.0871424,PDN15
44.9833,35.713,0.0871382,PDN15
44.985,35.705,0.0871308,PDN15
44.9867,35.695,0.0871218,PDN15
44.9883,35.687,0.0871116,PDN15
44.99,35.679,0.0871044,PDN15
44.9917,35.671,0.0870985,PDN15
44.9933,35.664,0.0870947,PDN15
44.995,35.654,0.0870939,PDN15
44.9967,35.645,0.0870919,PDN15
44.9983,35.638,0.0870919,PDN15
45,35.629,0.0870918,PDN15
45.0017,35.621,0.0870953,PDN15
45.0033,35.613,0.0871004,PDN15
45.005,35.604,0.0871021,PDN15
45.0067,35.597,0.0871003,PDN15
45.0083,35.589,0.087094,PDN15
45.01,35.579,0.0870898,PDN15
45.0117,35.572,0.0870844,PDN15
45.0133,35.563,0.0870826,PDN15
45.015,35.555,0.0870785,PDN15
45.0167,35.546,0.0870736,PDN15
45.0183,35.537,0.0870675,PDN15
45.02,35.529,0.0870622,PDN15
45.0217,35.521,0.0870617,PDN15
45.0233,35.512,0.0870612,PDN15
45.025,35.504,0.0870639,PDN15
45.0267,35.497,0.0870664,PDN15
45.0283,35.487,0.0870715,PDN15
45.03,35.479,0.0870734,PDN15
45.0317,35.471,0.0870758,PDN15
45.0333,35.464,0.0870761,PDN15
45.035,35.455,0.0870722,PDN15
45.0367,35.446,0.0870708,PDN15
45.0383,35.438,0.0870665,PDN15
45.04,35.431,0.0870645,PDN15
45.0417,35.421,0.0870608,PDN15
45.0433,35.413,0.0870559,PDN15
45.045,35.405,0.0870508,PDN15
45.0467,35.396,0.08705,PDN15
45.0483,35.388,0.0870433,PDN15
45.05,35.38,0.0870346,PDN15
45.0517,35.372,0.0870214,PDN15
45.0533,35.362,0.0869956,PDN15
45.055,35.354,0.08698,PDN15
45.0567,35.346,0.0869675,PDN15
45.0583,35.337,0.0869558,PDN15
45.06,35.33,0.0869433,PDN15
45.0617,35.321,0.0869304,PDN15
45.0633,35.312,0.0869222,PDN15
45.065,35.305,0.0869181,PDN15
45.0667,35.297,0.0869111,PDN15
45.0683,35.288,0.0869006,PDN15
45.07,35.279,0.0868889,PDN15
45.0717,35.272,0.0868782,PDN15
45.0733,35.263,0.0868664,PDN15
45.075,35.255,0.086856,PDN15
45.0767,35.245,0.0868508,PDN15
45.0783,35.238,0.0868518,PDN15
45.08,35.23,0.0868555,PDN15
45.0817,35.222,0.0868777,PDN15
45.0833,35.213,0.0868948,PDN15
45.085,35.205,0.0869181,PDN15
45.0867,35.197,0.0869325,PDN15
45.0883,35.188,0.0869456,PDN15
45.09,35.18,0.0869538,PDN15
45.0917,35.171,0.0869604,PDN15
45.0933,35.164,0.0869664,PDN15
45.095,35.155,0.086966,PDN15
45.0967,35.147,0.0869666,PDN15
45.0983,35.138,0.0869667,PDN15
45.1,35.129,0.0869633,PDN15
45.1017,35.122,0.0869586,PDN15
45.1033,35.113,0.086953,PDN15
45.105,35.105,0.086944,PDN15
45.1067,35.096,0.0869331,PDN15
45.1083,35.088,0.0869217,PDN15
45.11,35.08,0.086912,PDN15
45.1117,35.071,0.0869011,PDN15
45.1133,35.063,0.0868864,PDN15
45.115,35.055,0.0868644,PDN15
45.1167,35.046,0.0868522,PDN15
45.1183,35.038,0.086843,PDN15
45.12,35.029,0.0868363,PDN15
45.1217,35.021,0.0868324,PDN15
45.1233,35.014,0.0868273,PDN15
45.125,35.005,0.0868216,PDN15
45.1267,34.997,0.0868198,PDN15
45.1283,34.989,0.0868188,PDN15
45.13,34.979,0.0868181,PDN15
45.1317,34.971,0.0868148,PDN15
45.1333,34.964,0.086807,PDN15
45.135,34.955,0.086797,PDN15
45.1367,34.945,0.0867871,PDN15
45.1383,34.939,0.0867765,PDN15
45.14,34.93,0.0867629,PDN15
45.1417,34.922,0.0867517,PDN15
45.1433,34.913,0.0867397,PDN15
45.145,34.904,0.0867336,PDN15
45.1467,34.897,0.0867271,PDN15
45.1483,34.889,0.0867267,PDN15
45.15,34.88,0.0867295,PDN15
45.1517,34.872,0.0867326,PDN15
45.1533,34.864,0.0867345,PDN15
45.155,34.855,0.0867316,PDN15
45.1567,34.846,0.0867269,PDN15
45.1583,34.839,0.0867209,PDN15
45.16,34.829,0.0867167,PDN15
45.1617,34.822,0.0867122,PDN15
45.1633,34.813,0.0867091,PDN15
45.165,34.804,0.0867054,PDN15
45.1667,34.797,0.0867084,PDN15
45.1683,34.789,0.0867176,PDN15
45.17,34.78,0.0867236,PDN15
45.1717,34.772,0.0867253,PDN15
45.1733,34.764,0.0867248,PDN15
45.175,34.756,0.0867215,PDN15
45.1767,34.746,0.0867157,PDN15
45.1783,34.739,0.0867074,PDN15
45.18,34.73,0.0867003,PDN15
45.1817,34.722,0.0866897,PDN15
45.1833,34.714,0.0866774,PDN15
45.185,34.705,0.0866671,PDN15
45.1867,34.696,0.0866585,PDN15
45.1883,34.689,0.0866455,PDN15
45.19,34.681,0.0866343,PDN15
45.1917,34.673,0.0866248,PDN15
45.1933,34.664,0.0866174,PDN15
45.195,34.655,0.0866125,PDN15
45.1967,34.647,0.0866108,PDN15
45.1983,34.639,0.0866067,PDN15
45.2,34.631,0.0866009,PDN15
45.2017,34.622,0.0865963,PDN15
45.2033,34.615,0.0865909,PDN15
45.205,34.605,0.0865896,PDN15
45.2067,34.598,0.0865906,PDN15
45.2083,34.588,0.086593,PDN15
45.21,34.58,0.086595,PDN15
45.2117,34.572,0.0865978,PDN15
45.2133,34.564,0.0865988,PDN15
45.215,34.556,0.0865993,PDN15
45.2167,34.547,0.0866023,PDN15
45.2183,34.54,0.0866033,PDN15
45.22,34.53,0.0865993,PDN15
45.2217,34.522,0.0865892,PDN15
45.2233,34.514,0.0865785,PDN15
45.225,34.505,0.0865683,PDN15
45.2267,34.497,0.0865579,PDN15
45.2283,34.488,0.0865466,PDN15
45.23,34.481,0.0865374,PDN15
45.2317,34.473,0.0865274,PDN15
45.2333,34.464,0.0865179,PDN15
45.235,34.455,0.086513,PDN15
45.2367,34.447,0.0865115,PDN15
45.2383,34.44,0.0865145,PDN15
45.24,34.431,0.0865168,PDN15
45.2417,34.422,0.0865181,PDN15
45.2433,34.414,0.086519,PDN15
45.245,34.405,0.0865148,PDN15
45.2467,34.398,0.0865106,PDN15
45.2483,34.389,0.0865054,PDN15
45.25,34.381,0.0865015,PDN15
45.2517,34.373,0.0864964,PDN15
45.2533,34.364,0.0864908,PDN15
45.255,34.355,0.0864835,PDN15
45.2567,34.348,0.0864821,PDN15
45.2583,34.338,0.0864848,PDN15
45.26,34.331,0.0864887,PDN15
45.2617,34.322,0.0864897,PDN15
45.2633,34.314,0.086488,PDN15
45.265,34.306,0.0864857,PDN15
45.2667,34.297,0.0864803,PDN15
45.2683,34.289,0.0864699,PDN15
45.27,34.28,0.08646,PDN15
45.2717,34.272,0.0864498,PDN15
45.2733,34.264,0.0864226,PDN15
45.275,34.255,0.0864025,PDN15
45.2767,34.247,0.086391,PDN15
45.2783,34.239,0.0863829,PDN15
45.28,34.231,0.0863748,PDN15
45.2817,34.223,0.0863677,PDN15
45.2833,34.215,0.0863628,PDN15
45.285,34.206,0.086363,PDN15
45.2867,34.197,0.086362,PDN15
45.2883,34.189,0.0863575,PDN15
45.29,34.18,0.0863557,PDN15
45.2917,34.172,0.0863511,PDN15
45.2933,34.164,0.0863422,PDN15
45.295,34.155,0.0863325,PDN15
45.2967,34.147,0.0863218,PDN15
45.2983,34.139,0.0863087,PDN15
45.3,34.13,0.0862963,PDN15
45.3017,34.122,0.0862886,PDN15
45.3033,34.113,0.0862844,PDN15
45.305,34.105,0.086284,PDN15
45.3067,34.097,0.0862816,PDN15
45.3083,34.089,0.0862838,PDN15
45.31,34.08,0.0862852,PDN15
45.3117,34.072,0.0862886,PDN15
45.3133,34.063,0.0862899,PDN15
45.315,34.055,0.086285,PDN15
45.3167,34.047,0.0862731,PDN15
45.3183,34.039,0.0862578,PDN15
45.32,34.03,0.086233,PDN15
45.3217,34.021,0.0862197,PDN15
45.3233,34.014,0.0862112,PDN15
45.325,34.006,0.0862042,PDN15
45.3267,33.997,0.086206,PDN15
45.3283,33.988,0.0862067,PDN15
45.33,33.981,0.0862154,PDN15
45.3317,33.973,0.0862579,PDN15
45.3333,33.966,0.0862748,PDN15
45.335,33.956,0.0862811,PDN15
45.3367,33.948,0.0862824,PDN15
45.3383,33.939,0.0862755,PDN15
45.34,33.93,0.0862645,PDN15
45.3417,33.923,0.0862546,PDN15
45.3433,33.914,0.0862439,PDN15
45.345,33.905,0.0862377,PDN15
45.3467,33.898,0.0862329,PDN15
45.3483,33.889,0.0862268,PDN15
45.35,33.88,0.0862242,PDN15
45.3517,33.873,0.0862238,PDN15
45.3533,33.864,0.0862224,PDN15
45.355,33.856,0.0862198,PDN15
45.3567,33.848,0.0862134,PDN15
45.3583,33.84,0.0862055,PDN15
45.36,33.831,0.0861932,PDN15
45.3617,33.823,0.0861813,PDN15
45.3633,33.814,0.0861685,PDN15
45.365,33.806,0.0861596,PDN15
45.3667,33.798,0.0861526,PDN15
45.3683,33.789,0.0861494,PDN15
45.37,33.781,0.0861478,PDN15
45.3717,33.773,0.0861425,PDN15
45.3733,33.764,0.086141,PDN15
45.375,33.756,0.086138,PDN15
45.3767,33.748,0.086136,PDN15
45.3783,33.739,0.086132,PDN15
45.38,33.732,0.0861241,PDN15
45.3817,33.722,0.0861138,PDN15
45.3833,33.714,0.0861007,PDN15
45.385,33.706,0.0860933,PDN15
45.3867,33.697,0.0860883,PDN15
45.3883,33.689,0.0860837,PDN15
45.39,33.681,0.0860822,PDN15
45.3917,33.673,0.0860878,PDN15
45.3933,33.664,0.0860933,PDN15
45.395,33.656,0.0860996,PDN15
45.3967,33.648,0.0861226,PDN15
45.3983,33.639,0.0861302,PDN15
45.4,33.632,0.0861364,PDN15
45.4017,33.623,0.0861377,PDN15
45.4033,33.615,0.0861372,PDN15
45.405,33.606,0.0861328,PDN15
45.4067,33.598,0.086125,PDN15
45.4083,33.59,0.0861196,PDN15
45.41,33.581,0.0861179,PDN15
45.4117,33.573,0.0861161,PDN15
45.4133,33.564,0.086115,PDN15
45.415,33.556,0.0861131,PDN15
45.4167,33.547,0.0861114,PDN15
45.4183,33.539,0.0861052,PDN15
45.42,33.532,0.086094,PDN15
45.4217,33.523,0.0860765,PDN15
45.4233,33.514,0.0860619,PDN15
45.425,33.506,0.0860487,PDN15
45.4267,33.498,0.0860361,PDN15
45.4283,33.489,0.0860292,PDN15
45.43,33.481,0.0860289,PDN15
45.4317,33.473,0.0860272,PDN15
45.4333,33.464,0.0860233,PDN15
45.435,33.456,0.0860216,PDN15
45.4367,33.448,0.0860195,PDN15
45.4383,33.439,0.0860162,PDN15
45.44,33.431,0.0860177,PDN15
45.4417,33.422,0.0860171,PDN15
45.4433,33.413,0.0860189,PDN15
45.445,33.406,0.0860155,PDN15
45.4467,33.398,0.0860119,PDN15
45.4483,33.389,0.0860092,PDN15
45.45,33.38,0.0860048,PDN15
45.4517,33.373,0.0859957,PDN15
45.4533,33.364,0.0859824,PDN15
45.455,33.356,0.0859689,PDN15
45.4567,33.347,0.0859597,PDN15
45.4583,33.339,0.0859535,PDN15
45.46,33.33,0.0859477,PDN15
45.4617,33.323,0.0859417,PDN15
45.4633,33.315,0.085937,PDN15
45.465,33.305,0.0859291,PDN15
45.4667,33.297,0.0859236,PDN15
45.4683,33.289,0.0859182,PDN15
45.47,33.28,0.085913,PDN15
45.4717,33.272,0.0859032,PDN15
45.4733,33.264,0.0858934,PDN15
45.475,33.256,0.0858918,PDN15
45.4767,33.247,0.0858904,PDN15
45.4783,33.239,0.085889,PDN15
45.48,33.23,0.0858826,PDN15
45.4817,33.222,0.0858778,PDN15
45.4833,33.214,0.0858739,PDN15
45.485,33.206,0.0858714,PDN15
45.4867,33.198,0.0858674,PDN15
45.4883,33.189,0.0858675,PDN15
45.49,33.181,0.0858676,PDN15
45.4917,33.173,0.085866,PDN15
45.4933,33.163,0.0858675,PDN15
45.495,33.156,0.0858691,PDN15
45.4967,33.147,0.0858675,PDN15
45.4983,33.139,0.0858642,PDN15
45.5,33.131,0.0858608,PDN15
45.5017,33.122,0.0858609,PDN15
45.5033,33.114,0.0858654,PDN15
45.505,33.105,0.0858675,PDN15
45.5067,33.098,0.0858685,PDN15
45.5083,33.089,0.0858661,PDN15
45.51,33.081,0.0858601,PDN15
45.5117,33.073,0.085853,PDN15
45.5133,33.064,0.0858426,PDN15
45.515,33.056,0.0858322,PDN15
45.5167,33.048,0.0858197,PDN15
45.5183,33.038,0.0858042,PDN15
45.52,33.031,0.0857935,PDN15
45.5217,33.021,0.0857841,PDN15
45.5233,33.013,0.0857787,PDN15
45.525,33.005,0.0857735,PDN15
45.5267,32.997,0.0857674,PDN15
45.5283,32.988,0.0857554,PDN15
45.53,32.98,0.0857471,PDN15
45.5317,32.972,0.0857436,PDN15
45.5333,32.963,0.0857489,PDN15
45.535,32.954,0.0857606,PDN15
45.5367,32.947,0.0857686,PDN15
45.5383,32.94,0.0857805,PDN15
45.54,32.931,0.0857907,PDN15
45.5417,32.922,0.0858001,PDN15
45.5433,32.914,0.0858111,PDN15
45.545,32.906,0.0858186,PDN15
45.5467,32.897,0.0858167,PDN15
45.5483,32.89,0.0858125,PDN15
45.55,32.881,0.0858066,PDN15
45.5517,32.873,0.0858016,PDN15
45.5533,32.865,0.0857979,PDN15
45.555,32.856,0.0857938,PDN15
45.5567,32.847,0.0857904,PDN15
45.5583,32.84,0.0857909,PDN15
45.56,32.832,0.0857896,PDN15
45.5617,32.823,0.0857922,PDN15
45.5633,32.814,0.0857919,PDN15
45.565,32.806,0.0857937,PDN15
45.5667,32.798,0.0857938,PDN15
45.5683,32.788,0.0857921,PDN15
45.57,32.78,0.0857921,PDN15
45.5717,32.773,0.0857892,PDN15
45.5733,32.764,0.0857875,PDN15
45.575,32.756,0.0857854,PDN15
45.5767,32.747,0.0857863,PDN15
45.5783,32.741,0.0857846,PDN15
45.58,32.731,0.0857823,PDN15
45.5817,32.723,0.0857774,PDN15
45.5833,32.714,0.0857713,PDN15
45.585,32.706,0.0857663,PDN15
45.5867,32.698,0.0857579,PDN15
45.5883,32.689,0.085753,PDN15
45.59,32.681,0.0857455,PDN15
45.5917,32.672,0.0857385,PDN15
45.5933,32.663,0.0857303,PDN15
45.595,32.656,0.0857246,PDN15
45.5967,32.648,0.0857204,PDN15
45.5983,32.639,0.0857151,PDN15
45.6,32.631,0.0857046,PDN15
45.6017,32.622,0.0856947,PDN15
45.6033,32.614,0.0856868,PDN15
45.605,32.606,0.0856794,PDN15
45.6067,32.598,0.0856768,PDN15
45.6083,32.59,0.0856732,PDN15
45.61,32.58,0.0856693,PDN15
45.6117,32.572,0.0856652,PDN15
45.6133,32.565,0.0856635,PDN15
45.615,32.556,0.085663,PDN15
45.6167,32.548,0.085663,PDN15
45.6183,32.541,0.085667,PDN15
45.62,32.531,0.0856708,PDN15
45.6217,32.523,0.085673,PDN15
45.6233,32.515,0.085673,PDN15
45.625,32.506,0.08567,PDN15
45.6267,32.497,0.0856618,PDN15
45.6283,32.49,0.0856498,PDN15
45.63,32.481,0.0856312,PDN15
45.6317,32.473,0.0856157,PDN15
45.6333,32.465,0.085601,PDN15
45.635,32.456,0.0855883,PDN15
45.6367,32.448,0.0855809,PDN15
45.6383,32.439,0.0855804,PDN15
45.64,32.431,0.0855857,PDN15
45.6417,32.423,0.0855932,PDN15
45.6433,32.414,0.0855998,PDN15
45.645,32.405,0.0856056,PDN15
45.6467,32.397,0.0856087,PDN15
45.6483,32.39,0.085612,PDN15
45.65,32.38,0.0856156,PDN15
45.6517,32.374,0.0856115,PDN15
45.6533,32.365,0.085602,PDN15
45.655,32.356,0.0855834,PDN15
45.6567,32.349,0.0855536,PDN15
45.6583,32.339,0.0855345,PDN15
45.66,32.331,0.085523,PDN15
45.6617,32.323,0.0855184,PDN15
45.6633,32.314,0.0855172,PDN15
45.665,32.306,0.0855173,PDN15
45.6667,32.298,0.0855223,PDN15
45.6683,32.291,0.0855277,PDN15
45.67,32.281,0.0855289,PDN15
45.6717,32.272,0.0855277,PDN15
45.6733,32.265,0.0855189,PDN15
45.675,32.257,0.0854904,PDN15
45.6767,32.249,0.0854642,PDN15
45.6783,32.241,0.0854515,PDN15
45.68,32.232,0.0854434,PDN15
45.6817,32.223,0.0854385,PDN15
45.6833,32.215,0.085437,PDN15
45.685,32.206,0.0854368,PDN15
45.6867,32.198,0.0854337,PDN15
45.6883,32.189,0.0854322,PDN15
45.69,32.181,0.0854351,PDN15
45.6917,32.173,0.0854354,PDN15
45.6933,32.165,0.0854307,PDN15
45.695,32.157,0.0854258,PDN15
45.6967,32.146,0.0854193,PDN15
45.6983,32.139,0.0854163,PDN15
45.7,32.13,0.0854106,PDN15
45.7017,32.123,0.0854037,PDN15
45.7033,32.115,0.0853936,PDN15
45.705,32.106,0.085381,PDN15
45.7067,32.098,0.0853679,PDN15
45.7083,32.089,0.085359,PDN15
45.71,32.081,0.0853488,PDN15
45.7117,32.073,0.0853357,PDN15
45.7133,32.065,0.0853271,PDN15
45.715,32.057,0.0853194,PDN15
45.7167,32.048,0.0853167,PDN15
45.7183,32.04,0.0853111,PDN15
45.72,32.031,0.085307,PDN15
45.7217,32.023,0.0853043,PDN15
45.7233,32.014,0.0853042,PDN15
45.725,32.006,0.0853032,PDN15
45.7267,31.998,0.0853059,PDN15
45.7283,31.989,0.0853091,PDN15
45.73,31.981,0.0853106,PDN15
45.7317,31.972,0.0853152,PDN15
45.7333,31.965,0.0853172,PDN15
45.735,31.956,0.0853171,PDN15
45.7367,31.948,0.0853132,PDN15
45.7383,31.939,0.0853071,PDN15
45.74,31.932,0.085296,PDN15
45.7417,31.922,0.0852878,PDN15
45.7433,31.914,0.0852769,PDN15
45.745,31.907,0.0852734,PDN15
45.7467,31.897,0.0852711,PDN15
45.7483,31.889,0.0852681,PDN15
45.75,31.88,0.0852655,PDN15
45.7517,31.873,0.0852686,PDN15
45.7533,31.864,0.0852703,PDN15
45.755,31.857,0.0852706,PDN15
45.7567,31.848,0.0852696,PDN15
45.7583,31.84,0.0852591,PDN15
45.76,31.831,0.0852489,PDN15
45.7617,31.823,0.0852331,PDN15
45.7633,31.814,0.0852194,PDN15
45.765,31.806,0.085198,PDN15
45.7667,31.798,0.0851684,PDN15
45.7683,31.79,0.0851417,PDN15
45.77,31.782,0.085134,PDN15
45.7717,31.773,0.0851342,PDN15
45.7733,31.765,0.0851394,PDN15
45.775,31.756,0.0851668,PDN15
45.7767,31.748,0.0851794,PDN15
45.7783,31.739,0.0851893,PDN15
45.78,31.732,0.0851957,PDN15
45.7817,31.723,0.0851981,PDN15
45.7833,31.715,0.0851925,PDN15
45.785,31.706,0.0851821,PDN15
45.7867,31.698,0.08517,PDN15
45.7883,31.69,0.0851593,PDN15
45.79,31.682,0.0851487,PDN15
45.7917,31.673,0.0851368,PDN15
45.7933,31.665,0.085127,PDN15
45.795,31.657,0.0851207,PDN15
45.7967,31.649,0.0851191,PDN15
45.7983,31.64,0.0851195,PDN15
45.8,31.632,0.0851176,PDN15
45.8017,31.622,0.0851169,PDN15
45.8033,31.614,0.085116,PDN15
45.805,31.607,0.0851161,PDN15
45.8067,31.598,0.085112,PDN15
45.8083,31.59,0.0851076,PDN15
45.81,31.581,0.085102,PDN15
45.8117,31.573,0.0850913,PDN15
45.8133,31.565,0.0850821,PDN15
45.815,31.556,0.0850761,PDN15
45.8167,31.548,0.0850726,PDN15
45.8183,31.54,0.0850696,PDN15
45.82,31.531,0.0850692,PDN15
45.8217,31.523,0.0850743,PDN15
45.8233,31.514,0.0850822,PDN15
45.825,31.506,0.0850879,PDN15
45.8267,31.498,0.0850863,PDN15
45.8283,31.489,0.0850831,PDN15
45.83,31.481,0.0850765,PDN15
45.8317,31.473,0.0850682,PDN15
45.8333,31.465,0.0850615,PDN15
45.835,31.456,0.0850575,PDN15
45.8367,31.449,0.0850489,PDN15
45.8383,31.44,0.0850397,PDN15
45.84,31.432,0.0850336,PDN15
45.8417,31.423,0.0850317,PDN15
45.8433,31.415,0.0850315,PDN15
45.845,31.407,0.0850257,PDN15
45.8467,31.399,0.0850145,PDN15
45.8483,31.39,0.0850049,PDN15
45.85,31.381,0.0849924,PDN15
45.8517,31.372,0.0849773,PDN15
45.8533,31.365,0.0849655,PDN15
45.855,31.357,0.0849553,PDN15
45.8567,31.349,0.0849438,PDN15
45.8583,31.339,0.0849347,PDN15
45.86,31.331,0.0849286,PDN15
45.8617,31.323,0.0849275,PDN15
45.8633,31.315,0.0849274,PDN15
45.865,31.306,0.0849279,PDN15
45.8667,31.298,0.0849323,PDN15
45.8683,31.289,0.0849353,PDN15
45.87,31.283,0.0849308,PDN15
45.8717,31.274,0.0849259,PDN15
45.8733,31.264,0.0849217,PDN15
45.875,31.257,0.0849159,PDN15
45.8767,31.249,0.0849054,PDN15
45.8783,31.24,0.0848935,PDN15
45.88,31.232,0.0848828,PDN15
45.8817,31.223,0.0848764,PDN15
45.8833,31.215,0.0848705,PDN15
45.885,31.206,0.0848688,PDN15
45.8867,31.199,0.0848706,PDN15
45.8883,31.189,0.0848688,PDN15
45.89,31.182,0.0848653,PDN15
45.8917,31.173,0.084857,PDN15
45.8933,31.165,0.0848491,PDN15
45.895,31.157,0.0848419,PDN15
45.8967,31.149,0.0848358,PDN15
45.8983,31.14,0.0848292,PDN15
45.9,31.131,0.0848273,PDN15
45.9017,31.124,0.084829,PDN15
45.9033,31.115,0.0848319,PDN15
45.905,31.107,0.0848386,PDN15
45.9067,31.099,0.0848426,PDN15
45.9083,31.09,0.0848447,PDN15
45.91,31.081,0.0848448,PDN15
45.9117,31.073,0.0848425,PDN15
45.9133,31.066,0.0848356,PDN15
45.915,31.057,0.0848302,PDN15
45.9167,31.049,0.0848204,PDN15
45.9183,31.041,0.0848127,PDN15
45.92,31.032,0.0848098,PDN15
45.9217,31.023,0.0848068,PDN15
45.9233,31.015,0.0848051,PDN15
45.925,31.006,0.0848021,PDN15
45.9267,30.998,0.0847956,PDN15
45.9283,30.991,0.0847908,PDN15
45.93,30.982,0.0847879,PDN15
45.9317,30.973,0.0847866,PDN15
45.9333,30.965,0.0847819,PDN15
45.935,30.957,0.0847714,PDN15
45.9367,30.948,0.0847569,PDN15
45.9383,30.941,0.0847458,PDN15
45.94,30.932,0.0847316,PDN15
45.9417,30.923,0.0847189,PDN15
45.9433,30.916,0.0847045,PDN15
45.945,30.906,0.0846892,PDN15
45.9467,30.898,0.0846735,PDN15
45.9483,30.89,0.084662,PDN15
45.95,30.882,0.0846584,PDN15
45.9517,30.873,0.0846578,PDN15
45.9533,30.866,0.0846528,PDN15
45.955,30.858,0.0846443,PDN15
45.9567,30.849,0.0846385,PDN15
45.9583,30.841,0.0846336,PDN15
45.96,30.832,0.084626,PDN15
45.9617,30.823,0.0846209,PDN15
45.9633,30.815,0.0846124,PDN15
45.965,30.807,0.0845986,PDN15
45.9667,30.799,0.084588,PDN15
45.9683,30.79,0.0845816,PDN15
45.97,30.782,0.0845751,PDN15
45.9717,30.775,0.0845638,PDN15
45.9733,30.766,0.0845521,PDN15
45.975,30.756,0.0845426,PDN15
45.9767,30.75,0.0845371,PDN15
45.9783,30.741,0.084533,PDN15
45.98,30.733,0.0845298,PDN15
45.9817,30.724,0.0845277,PDN15
45.9833,30.716,0.084528,PDN15
45.985,30.707,0.0845333,PDN15
45.9867,30.699,0.0845415,PDN15
45.9883,30.691,0.0845459,PDN15
45.99,30.683,0.0845446,PDN15
45.9917,30.674,0.0845403,PDN15
45.9933,30.665,0.084536,PDN15
45.995,30.657,0.0845347,PDN15
45.9967,30.649,0.0845328,PDN15
45.9983,30.641,0.0845251,PDN15
46,30.631,0.0845136,PDN15
46.0017,30.624,0.0845024,PDN15
46.0033,30.615,0.0844934,PDN15
46.005,30.607,0.0844874,PDN15
46.0067,30.599,0.0844815,PDN15
46.0083,30.591,0.0844759,PDN15
46.01,30.582,0.0844672,PDN15
46.0117,30.573,0.0844584,PDN15
46.0133,30.566,0.0844582,PDN15
46.015,30.557,0.0844599,PDN15
46.0167,30.549,0.0844617,PDN15
46.0183,30.54,0.0844578,PDN15
46.02,30.532,0.0844552,PDN15
46.0217,30.525,0.084456,PDN15
46.0233,30.515,0.0844589,PDN15
46.025,30.507,0.0844613,PDN15
46.0267,30.499,0.0844626,PDN15
46.0283,30.49,0.0844581,PDN15
46.03,30.483,0.0844518,PDN15
46.0317,30.474,0.0844467,PDN15
46.0333,30.465,0.0844419,PDN15
46.035,30.457,0.0844361,PDN15
46.0367,30.448,0.0844264,PDN15
46.0383,30.439,0.0844211,PDN15
46.04,30.432,0.0844221,PDN15
46.0417,30.423,0.0844262,PDN15
46.0433,30.416,0.0844375,PDN15
46.045,30.406,0.0844511,PDN15
46.0467,30.399,0.0844622,PDN15
46.0483,30.39,0.0844676,PDN15
46.05,30.382,0.0844708,PDN15
46.0517,30.374,0.0844703,PDN15
46.0533,30.365,0.0844606,PDN15
46.055,30.357,0.0844405,PDN15
46.0567,30.349,0.0844178,PDN15
46.0583,30.34,0.0844051,PDN15
46.06,30.332,0.084386,PDN15
46.0617,30.324,0.084374,PDN15
46.0633,30.316,0.0843532,PDN15
46.065,30.307,0.0843379,PDN15
46.0667,30.298,0.0843207,PDN15
46.0683,30.29,0.0843058,PDN15
46.07,30.283,0.0842961,PDN15
46.0717,30.274,0.0842846,PDN15
46.0733,30.265,0.0842738,PDN15
46.075,30.256,0.0842675,PDN15
46.0767,30.248,0.084265,PDN15
46.0783,30.241,0.0842671,PDN15
46.08,30.231,0.0842704,PDN15
46.0817,30.224,0.084274,PDN15
46.0833,30.216,0.0842763,PDN15
46.085,30.207,0.0842734,PDN15
46.0867,30.199,0.0842684,PDN15
46.0883,30.191,0.0842635,PDN15
46.09,30.183,0.0842562,PDN15
46.0917,30.173,0.0842452,PDN15
46.0933,30.165,0.084236,PDN15
46.095,30.156,0.0842318,PDN15
46.0967,30.149,0.084228,PDN15
46.0983,30.14,0.0842226,PDN15
46.1,30.133,0.0842216,PDN15
46.1017,30.123,0.0842251,PDN15
46.1033,30.116,0.0842302,PDN15
46.105,30.107,0.0842347,PDN15
46.1067,30.099,0.0842402,PDN15
46.1083,30.091,0.0842459,PDN15
46.11,30.081,0.0842488,PDN15
46.1117,30.074,0.0842481,PDN15
46.1133,30.065,0.0842499,PDN15
46.115,30.058,0.0842521,PDN15
46.1167,30.048,0.0842565,PDN15
46.1183,30.041,0.0842576,PDN15
46.12,30.032,0.0842587,PDN15
46.1217,30.023,0.0842575,PDN15
46.1233,30.016,0.0842555,PDN15
46.125,30.007,0.0842554,PDN15
46.1267,29.999,0.0842554,PDN15
46.1283,29.99,0.0842527,PDN15
46.13,29.982,0.0842493,PDN15
46.1317,29.974,0.0842447,PDN15
46.1333,29.965,0.0842412,PDN15
46.135,29.957,0.084239,PDN15
46.1367,29.949,0.0842351,PDN15
46.1383,29.941,0.084228,PDN15
46.14,29.933,0.0842176,PDN15
46.1417,29.923,0.0842075,PDN15
46.1433,29.915,0.0841974,PDN15
46.145,29.907,0.0841873,PDN15
46.1467,29.9,0.0841798,PDN15
46.1483,29.89,0.0841752,PDN15
46.15,29.883,0.0841723,PDN15
46.1517,29.875,0.0841715,PDN15
46.1533,29.867,0.0841685,PDN15
46.155,29.857,0.084167,PDN15
46.1567,29.848,0.0841653,PDN15
46.1583,29.842,0.0841638,PDN15
46.16,29.833,0.0841592,PDN15
46.1617,29.825,0.0841546,PDN15
46.1633,29.816,0.0841465,PDN15
46.165,29.808,0.0841367,PDN15
46.1667,29.799,0.0841255,PDN15
46.1683,29.791,0.0841152,PDN15
46.17,29.783,0.0841056,PDN15
46.1717,29.775,0.084094,PDN15
46.1733,29.766,0.0840843,PDN15
46.175,29.757,0.0840777,PDN15
46.1767,29.749,0.0840765,PDN15
46.1783,29.741,0.0840741,PDN15
46.18,29.733,0.0840721,PDN15
46.1817,29.725,0.0840716,PDN15
46.1833,29.718,0.0840702,PDN15
46.185,29.708,0.0840691,PDN15
46.1867,29.7,0.0840711,PDN15
46.1883,29.692,0.0840774,PDN15
46.19,29.683,0.0840792,PDN15
46.1917,29.675,0.0840819,PDN15
46.1933,29.667,0.0840832,PDN15
46.195,29.658,0.0840852,PDN15
46.1967,29.649,0.0840873,PDN15
46.1983,29.642,0.0840875,PDN15
46.2,29.633,0.0840837,PDN15
46.2017,29.624,0.0840817,PDN15
46.2033,29.615,0.0840751,PDN15
46.205,29.608,0.0840657,PDN15
46.2067,29.6,0.0840567,PDN15
46.2083,29.591,0.084047,PDN15
46.21,29.583,0.0840353,PDN15
46.2117,29.575,0.0840235,PDN15
46.2133,29.567,0.0840138,PDN15
46.215,29.557,0.084006,PDN15
46.2167,29.55,0.0839988,PDN15
46.2183,29.541,0.0839933,PDN15
46.22,29.533,0.0839849,PDN15
46.2217,29.524,0.0839806,PDN15
46.2233,29.517,0.0839757,PDN15
46.225,29.508,0.0839721,PDN15
46.2267,29.5,0.0839718,PDN15
46.2283,29.492,0.0839743,PDN15
46.23,29.483,0.0839799,PDN15
46.2317,29.474,0.0839953,PDN15
46.2333,29.466,0.0840027,PDN15
46.235,29.457,0.0840087,PDN15
46.2367,29.45,0.0840125,PDN15
46.2383,29.441,0.0840099,PDN15
46.24,29.433,0.0840038,PDN15
46.2417,29.424,0.083995,PDN15
46.2433,29.416,0.0839868,PDN15
46.245,29.407,0.0839746,PDN15
46.2467,29.4,0.0839614,PDN15
46.2483,29.392,0.0839518,PDN15
46.25,29.383,0.0839438,PDN15
46.2517,29.374,0.0839343,PDN15
46.2533,29.366,0.0839283,PDN15
46.255,29.358,0.0839236,PDN15
46.2567,29.349,0.0839207,PDN15
46.2583,29.341,0.0839228,PDN15
46.26,29.333,0.0839256,PDN15
46.2617,29.324,0.0839333,PDN15
46.2633,29.316,0.0839396,PDN15
46.265,29.308,0.0839493,PDN15
46.2667,29.299,0.0839616,PDN15
46.2683,29.292,0.0839708,PDN15
46.27,29.282,0.0839755,PDN15
46.2717,29.275,0.0839773,PDN15
46.2733,29.266,0.0839738,PDN15
46.275,29.257,0.0839695,PDN15
46.2767,29.249,0.0839641,PDN15
46.2783,29.242,0.0839573,PDN15
46.28,29.233,0.0839516,PDN15
46.2817,29.224,0.0839462,PDN15
46.2833,29.217,0.0839384,PDN15
46.285,29.208,0.0839314,PDN15
46.2867,29.2,0.0839229,PDN15
46.2883,29.191,0.0839113,PDN15
46.29,29.184,0.0839007,PDN15
46.2917,29.175,0.0838902,PDN15
46.2933,29.167,0.0838829,PDN15
46.295,29.157,0.0838775,PDN15
46.2967,29.15,0.0838715,PDN15
46.2983,29.141,0.0838689,PDN15
46.3,29.133,0.0838672,PDN15
46.3017,29.123,0.0838638,PDN15
46.3033,29.116,0.0838639,PDN15
46.305,29.107,0.0838623,PDN15
46.3067,29.099,0.0838572,PDN15
46.3083,29.091,0.0838564,PDN15
46.31,29.083,0.083856,PDN15
46.3117,29.074,0.0838601,PDN15
46.3133,29.067,0.0838635,PDN15
46.315,29.058,0.0838613,PDN15
46.3167,29.049,0.0838591,PDN15
46.3183,29.042,0.0838606,PDN15
46.32,29.033,0.0838622,PDN15
46.3217,29.025,0.0838636,PDN15
46.3233,29.015,0.0838607,PDN15
46.325,29.009,0.0838573,PDN15
46.3267,29,0.0838567,PDN15
46.3283,28.992,0.0838582,PDN15
46.33,28.984,0.0838604,PDN15
46.3317,28.976,0.0838606,PDN15
46.3333,28.967,0.0838587,PDN15
46.335,28.957,0.0838559,PDN15
46.3367,28.95,0.0838506,PDN15
46.3383,28.941,0.0838479,PDN15
46.34,28.933,0.0838447,PDN15
46.3417,28.925,0.0838381,PDN15
46.3433,28.916,0.0838294,PDN15
46.345,28.908,0.0838203,PDN15
46.3467,28.899,0.0838133,PDN15
46.3483,28.892,0.0838014,PDN15
46.35,28.884,0.0837871,PDN15
46.3517,28.875,0.0837725,PDN15
46.3533,28.866,0.0837584,PDN15
46.355,28.859,0.0837342,PDN15
46.3567,28.849,0.0837178,PDN15
46.3583,28.841,0.0837018,PDN15
46.36,28.832,0.0836877,PDN15
46.3617,28.825,0.0836779,PDN15
46.3633,28.817,0.0836713,PDN15
46.365,28.808,0.0836648,PDN15
46.3667,28.8,0.083656,PDN15
46.3683,28.791,0.083648,PDN15
46.37,28.784,0.083635,PDN15
46.3717,28.775,0.0836203,PDN15
46.3733,28.767,0.0835969,PDN15
46.375,28.758,0.0835848,PDN15
46.3767,28.75,0.0835767,PDN15
46.3783,28.742,0.0835711,PDN15
46.38,28.733,0.0835718,PDN15
46.3817,28.725,0.0835872,PDN15
46.3833,28.716,0.0836097,PDN15
46.385,28.709,0.0836303,PDN15
46.3867,28.699,0.0836627,PDN15
46.3883,28.69,0.083674,PDN15
46.39,28.683,0.0836786,PDN15
46.3917,28.675,0.0836738,PDN15
46.3933,28.667,0.0836649,PDN15
46.395,28.658,0.0836563,PDN15
46.3967,28.65,0.0836471,PDN15
46.3983,28.642,0.0836408,PDN15
46.4,28.633,0.0836376,PDN15
46.4017,28.625,0.0836352,PDN15
46.4033,28.617,0.0836349,PDN15
46.405,28.609,0.0836308,PDN15
46.4067,28.6,0.0836224,PDN15
46.4083,28.592,0.0836107,PDN15
46.41,28.583,0.0836005,PDN15
46.4117,28.575,0.0835885,PDN15
46.4133,28.566,0.0835736,PDN15
46.415,28.559,0.0835621,PDN15
46.4167,28.551,0.0835533,PDN15
46.4183,28.542,0.0835451,PDN15
46.42,28.534,0.0835448,PDN15
46.4217,28.525,0.0835499,PDN15
46.4233,28.516,0.0835531,PDN15
46.425,28.508,0.083554,PDN15
46.4267,28.5,0.0835535,PDN15
46.4283,28.491,0.0835554,PDN15
46.43,28.483,0.0835584,PDN15
46.4317,28.476,0.0835533,PDN15
46.4333,28.466,0.0835498,PDN15
46.435,28.459,0.0835527,PDN15
46.4367,28.45,0.0835535,PDN15
46.4383,28.442,0.083556,PDN15
46.44,28.433,0.0835595,PDN15
46.4417,28.424,0.0835621,PDN15
46.4433,28.416,0.0835626,PDN15
46.445,28.408,0.0835618,PDN15
46.4467,28.4,0.0835571,PDN15
46.4483,28.393,0.0835522,PDN15
46.45,28.383,0.0835465,PDN15
46.4517,28.376,0.0835342,PDN15
46.4533,28.367,0.0835239,PDN15
46.455,28.359,0.0835131,PDN15
46.4567,28.351,0.0835044,PDN15
46.4583,28.341,0.0834975,PDN15
46.46,28.333,0.0834932,PDN15
46.4617,28.324,0.0834916,PDN15
46.4633,28.316,0.0834877,PDN15
46.465,28.308,0.0834834,PDN15
46.4667,28.299,0.0834768,PDN15
46.4683,28.291,0.0834703,PDN15
46.47,28.283,0.0834576,PDN15
46.4717,28.275,0.0834449,PDN15
46.4733,28.265,0.0834351,PDN15
46.475,28.258,0.0834272,PDN15
46.4767,28.251,0.0834209,PDN15
46.4783,28.242,0.0834128,PDN15
46.48,28.233,0.0834104,PDN15
46.4817,28.225,0.0834083,PDN15
46.4833,28.216,0.0834078,PDN15
46.485,28.209,0.0834115,PDN15
46.4867,28.2,0.0834151,PDN15
46.4883,28.192,0.0834182,PDN15
46.49,28.184,0.0834208,PDN15
46.4917,28.175,0.0834258,PDN15
46.4933,28.167,0.0834287,PDN15
46.495,28.159,0.0834314,PDN15
46.4967,28.149,0.0834304,PDN15
46.4983,28.142,0.0834265,PDN15
46.5,28.134,0.0834174,PDN15
46.5017,28.124,0.0834087,PDN15
46.5033,28.116,0.0833995,PDN15
46.505,28.109,0.083395,PDN15
46.5067,28.1,0.0833908,PDN15
46.5083,28.092,0.0833892,PDN15
46.51,28.083,0.0833874,PDN15
46.5117,28.075,0.0833849,PDN15
46.5133,28.066,0.0833825,PDN15
46.515,28.058,0.0833793,PDN15
46.5167,28.05,0.0833703,PDN15
46.5183,28.041,0.0833576,PDN15
46.52,28.034,0.0833459,PDN15
46.5217,28.025,0.0833345,PDN15
46.5233,28.016,0.083325,PDN15
46.525,28.008,0.0833186,PDN15
46.5267,28.001,0.0833212,PDN15
46.5283,27.992,0.0833233,PDN15
46.53,27.984,0.0833294,PDN15
46.5317,27.975,0.0833383,PDN15
46.5333,27.966,0.0833579,PDN15
46.535,27.958,0.0833669,PDN15
46.5367,27.95,0.0833718,PDN15
46.5383,27.941,0.0833739,PDN15
46.54,27.933,0.0833726,PDN15
46.5417,27.926,0.0833655,PDN15
46.5433,27.916,0.083357,PDN15
46.545,27.908,0.0833504,PDN15
46.5467,27.9,0.083344,PDN15
46.5483,27.892,0.0833392,PDN15
46.55,27.883,0.0833331,PDN15
46.5517,27.875,0.0833305,PDN15
46.5533,27.866,0.0833237,PDN15
46.555,27.858,0.0833156,PDN15
46.5567,27.849,0.0833083,PDN15
46.5583,27.842,0.0833004,PDN15
46.56,27.833,0.0832917,PDN15
46.5617,27.825,0.0832837,PDN15
46.5633,27.817,0.0832768,PDN15
46.565,27.809,0.083273,PDN15
46.5667,27.8,0.0832701,PDN15
46.5683,27.792,0.083267,PDN15
46.57,27.784,0.0832638,PDN15
46.5717,27.775,0.0832602,PDN15
46.5733,27.766,0.0832557,PDN15
46.575,27.759,0.0832528,PDN15
46.5767,27.75,0.0832507,PDN15
46.5783,27.741,0.0832476,PDN15
46.58,27.733,0.0832412,PDN15
46.5817,27.725,0.0832368,PDN15
46.5833,27.717,0.0832325,PDN15
46.585,27.709,0.0832289,PDN15
46.5867,27.701,0.0832247,PDN15
46.5883,27.692,0.0832188,PDN15
46.59,27.684,0.083215,PDN15
46.5917,27.675,0.083212,PDN15
46.5933,27.667,0.0832109,PDN15
46.595,27.659,0.0832097,PDN15
46.5967,27.651,0.0832081,PDN15
46.5983,27.642,0.083206,PDN15
46.6,27.634,0.0832043,PDN15
46.6017,27.625,0.0832026,PDN15
46.6033,27.618,0.0832002,PDN15
46.605,27.609,0.0831913,PDN15
46.6067,27.6,0.0831846,PDN15
46.6083,27.592,0.0831746,PDN15
46.61,27.583,0.0831596,PDN15
46.6117,27.574,0.0831374,PDN15
46.6133,27.567,0.0831192,PDN15
46.615,27.558,0.0831058,PDN15
46.6167,27.549,0.0830986,PDN15
46.6183,27.543,0.0830954,PDN15
46.62,27.532,0.0830934,PDN15
46.6217,27.525,0.0830936,PDN15
46.6233,27.517,0.0830927,PDN15
46.625,27.508,0.0830931,PDN15
46.6267,27.5,0.0830939,PDN15
46.6283,27.492,0.0830926,PDN15
46.63,27.483,0.0830868,PDN15
46.6317,27.476,0.0830751,PDN15
46.6333,27.467,0.0830641,PDN15
46.635,27.458,0.0830531,PDN15
46.6367,27.45,0.0830463,PDN15
46.6383,27.441,0.0830418,PDN15
46.64,27.434,0.0830374,PDN15
46.6417,27.425,0.0830328,PDN15
46.6433,27.417,0.08303,PDN15
46.645,27.409,0.0830318,PDN15
46.6467,27.401,0.08304,PDN15
46.6483,27.392,0.0830576,PDN15
46.65,27.384,0.0830658,PDN15
46.6517,27.375,0.0830699,PDN15
46.6533,27.368,0.0830698,PDN15
46.655,27.359,0.0830696,PDN15
46.6567,27.351,0.0830653,PDN15
46.6583,27.343,0.0830559,PDN15
46.66,27.334,0.0830379,PDN15
46.6617,27.327,0.0830144,PDN15
46.6633,27.318,0.0829999,PDN15
46.665,27.31,0.0829872,PDN15
46.6667,27.301,0.0829768,PDN15
46.6683,27.292,0.0829738,PDN15
46.67,27.284,0.0829745,PDN15
46.6717,27.275,0.0829742,PDN15
46.6733,27.267,0.0829785,PDN15
46.675,27.259,0.0829817,PDN15
46.6767,27.251,0.082979,PDN15
46.6783,27.242,0.082973,PDN15
46.68,27.234,0.0829667,PDN15
46.6817,27.226,0.082959,PDN15
46.6833,27.216,0.0829482,PDN15
46.685,27.209,0.082938,PDN15
46.6867,27.2,0.08293,PDN15
46.6883,27.193,0.0829265,PDN15
46.69,27.184,0.0829236,PDN15
46.6917,27.175,0.0829253,PDN15
46.6933,27.168,0.0829313,PDN15
46.695,27.159,0.082938,PDN15
46.6967,27.15,0.0829443,PDN15
46.6983,27.143,0.0829472,PDN15
46.7,27.134,0.0829451,PDN15
46.7017,27.126,0.0829379,PDN15
46.7033,27.117,0.0829244,PDN15
46.705,27.109,0.0828935,PDN15
46.7067,27.1,0.0828779,PDN15
46.7083,27.092,0.0828636,PDN15
46.71,27.085,0.0828458,PDN15
46.7117,27.076,0.0828349,PDN15
46.7133,27.067,0.0828265,PDN15
46.715,27.059,0.0828217,PDN15
46.7167,27.05,0.0828197,PDN15
46.7183,27.041,0.0828191,PDN15
46.72,27.034,0.0828182,PDN15
46.7217,27.025,0.0828181,PDN15
46.7233,27.017,0.0828166,PDN15
46.725,27.009,0.0828186,PDN15
46.7267,27.001,0.0828229,PDN15
46.7283,26.992,0.0828252,PDN15
46.73,26.985,0.082827,PDN15
46.7317,26.975,0.0828269,PDN15
46.7333,26.967,0.0828202,PDN15
46.735,26.96,0.0828072,PDN15
46.7367,26.95,0.0827982,PDN15
46.7383,26.941,0.0827889,PDN15
46.74,26.934,0.0827804,PDN15
46.7417,26.925,0.0827696,PDN15
46.7433,26.916,0.0827578,PDN15
46.745,26.908,0.0827434,PDN15
46.7467,26.901,0.08273,PDN15
46.7483,26.89,0.0827181,PDN15
46.75,26.885,0.0827086,PDN15
46.7517,26.876,0.0826988,PDN15
46.7533,26.867,0.0826893,PDN15
46.755,26.859,0.0826834,PDN15
46.7567,26.851,0.0826822,PDN15
46.7583,26.843,0.0826869,PDN15
46.76,26.834,0.0826914,PDN15
46.7617,26.826,0.0826964,PDN15
46.7633,26.817,0.0827002,PDN15
46.765,26.809,0.0826998,PDN15
46.7667,26.801,0.0826951,PDN15
46.7683,26.793,0.0826896,PDN15
46.77,26.784,0.082682,PDN15
46.7717,26.775,0.0826749,PDN15
46.7733,26.768,0.0826705,PDN15
46.775,26.759,0.0826678,PDN15
46.7767,26.751,0.0826712,PDN15
46.7783,26.743,0.0826742,PDN15
46.78,26.734,0.0826719,PDN15
46.7817,26.727,0.0826674,PDN15
46.7833,26.718,0.0826636,PDN15
46.785,26.71,0.0826569,PDN15
46.7867,26.701,0.0826529,PDN15
46.7883,26.693,0.0826447,PDN15
46.79,26.685,0.0826366,PDN15
46.7917,26.676,0.0826292,PDN15
46.7933,26.668,0.0826253,PDN15
46.795,26.659,0.0826245,PDN15
46.7967,26.652,0.0826269,PDN15
46.7983,26.644,0.0826233,PDN15
46.8,26.636,0.0826186,PDN15
46.8017,26.626,0.0826125,PDN15
46.8033,26.618,0.0826055,PDN15
46.805,26.61,0.0826011,PDN15
46.8067,26.602,0.0825955,PDN15
46.8083,26.592,0.0825916,PDN15
46.81,26.584,0.0825897,PDN15
46.8117,26.576,0.0825847,PDN15
46.8133,26.567,0.0825802,PDN15
46.815,26.56,0.082578,PDN15
46.8167,26.551,0.0825758,PDN15
46.8183,26.543,0.0825678,PDN15
46.82,26.534,0.0825564,PDN15
46.8217,26.526,0.0825437,PDN15
46.8233,26.518,0.0825318,PDN15
46.825,26.51,0.0825213,PDN15
46.8267,26.501,0.0825115,PDN15
46.8283,26.493,0.0825013,PDN15
46.83,26.484,0.0824929,PDN15
46.8317,26.476,0.0824907,PDN15
46.8333,26.467,0.0824934,PDN15
46.835,26.46,0.0824989,PDN15
46.8367,26.452,0.0825051,PDN15
46.8383,26.442,0.0825148,PDN15
46.84,26.435,0.0825213,PDN15
46.8417,26.427,0.0825248,PDN15
46.8433,26.418,0.0825242,PDN15
46.845,26.41,0.0825192,PDN15
46.8467,26.402,0.0825086,PDN15
46.8483,26.393,0.0824981,PDN15
46.85,26.384,0.0824907,PDN15
46.8517,26.377,0.0824872,PDN15
46.8533,26.367,0.0824837,PDN15
46.855,26.359,0.0824813,PDN15
46.8567,26.35,0.0824843,PDN15
46.8583,26.342,0.0824876,PDN15
46.86,26.334,0.0824875,PDN15
46.8617,26.326,0.0824843,PDN15
46.8633,26.317,0.0824795,PDN15
46.865,26.309,0.0824701,PDN15
46.8667,26.301,0.0824584,PDN15
46.8683,26.292,0.0824473,PDN15
46.87,26.285,0.0824357,PDN15
46.8717,26.276,0.082428,PDN15
46.8733,26.267,0.0824199,PDN15
46.875,26.26,0.082416,PDN15
46.8767,26.252,0.0824117,PDN15
46.8783,26.243,0.082405,PDN15
46.88,26.234,0.0824023,PDN15
46.8817,26.226,0.0824001,PDN15
46.8833,26.218,0.0823957,PDN15
46.885,26.209,0.0823888,PDN15
46.8867,26.201,0.0823809,PDN15
46.8883,26.193,0.0823726,PDN15
46.89,26.184,0.082366,PDN15
46.8917,26.177,0.0823573,PDN15
46.8933,26.167,0.0823473,PDN15
46.895,26.16,0.082338,PDN15
46.8967,26.151,0.082329,PDN15
46.8983,26.143,0.082323,PDN15
46.9,26.135,0.0823214,PDN15
46.9017,26.127,0.0823188,PDN15
46.9033,26.118,0.0823165,PDN15
46.905,26.109,0.082317,PDN15
46.9067,26.101,0.0823162,PDN15
46.9083,26.093,0.0823158,PDN15
46.91,26.084,0.0823151,PDN15
46.9117,26.076,0.0823131,PDN15
46.9133,26.067,0.0823086,PDN15
46.915,26.06,0.0823055,PDN15
46.9167,26.05,0.0823033,PDN15
46.9183,26.042,0.0823013,PDN15
46.92,26.034,0.0823008,PDN15
46.9217,26.026,0.0823029,PDN15
46.9233,26.016,0.0823057,PDN15
46.925,26.009,0.0823082,PDN15
46.9267,26.002,0.0823087,PDN15
46.9283,25.993,0.0823095,PDN15
46.93,25.985,0.0823108,PDN15
46.9317,25.975,0.0823102,PDN15
46.9333,25.968,0.0823135,PDN15
46.935,25.96,0.0823147,PDN15
46.9367,25.952,0.0823128,PDN15
46.9383,25.944,0.0823088,PDN15
46.94,25.934,0.0823039,PDN15
46.9417,25.926,0.0822973,PDN15
46.9433,25.918,0.0822924,PDN15
46.945,25.91,0.0822825,PDN15
46.9467,25.902,0.0822709,PDN15
46.9483,25.893,0.0822595,PDN15
46.95,25.885,0.0822496,PDN15
46.9517,25.876,0.0822455,PDN15
46.9533,25.868,0.0822453,PDN15
46.955,25.859,0.082249,PDN15
46.9567,25.852,0.0822541,PDN15
46.9583,25.843,0.0822583,PDN15
46.96,25.836,0.0822599,PDN15
46.9617,25.826,0.0822628,PDN15
46.9633,25.819,0.0822639,PDN15
46.965,25.81,0.0822622,PDN15
46.9667,25.802,0.0822582,PDN15
46.9683,25.793,0.0822524,PDN15
46.97,25.784,0.0822452,PDN15
46.9717,25.776,0.0822379,PDN15
46.9733,25.768,0.0822305,PDN15
46.975,25.761,0.0822271,PDN15
46.9767,25.752,0.0822269,PDN15
46.9783,25.744,0.0822263,PDN15
46.98,25.736,0.082225,PDN15
46.9817,25.726,0.0822267,PDN15
46.9833,25.718,0.0822261,PDN15
46.985,25.71,0.0822218,PDN15
46.9867,25.702,0.0822174,PDN15
46.9883,25.693,0.0822122,PDN15
46.99,25.685,0.0822051,PDN15
46.9917,25.677,0.0821986,PDN15
46.9933,25.668,0.0821925,PDN15
46.995,25.66,0.0821863,PDN15
46.9967,25.651,0.0821806,PDN15
46.9983,25.644,0.0821777,PDN15
47,25.635,0.0821756,PDN15
47.0017,25.627,0.0821712,PDN15
47.0033,25.619,0.0821627,PDN15
47.005,25.61,0.0821537,PDN15
47.0067,25.603,0.0821452,PDN15
47.0083,25.592,0.0821346,PDN15
47.01,25.586,0.0821253,PDN15
47.0117,25.577,0.0821227,PDN15
47.0133,25.569,0.0821187,PDN15
47.015,25.56,0.0821144,PDN15
47.0167,25.552,0.0821107,PDN15
47.0183,25.544,0.082106,PDN15
47.02,25.535,0.0821011,PDN15
47.0217,25.528,0.0820936,PDN15
47.0233,25.518,0.0820891,PDN15
47.025,25.511,0.0820857,PDN15
47.0267,25.501,0.0820816,PDN15
47.0283,25.492,0.0820748,PDN15
47.03,25.485,0.0820753,PDN15
47.0317,25.477,0.0820766,PDN15
47.0333,25.468,0.0820766,PDN15
47.035,25.46,0.0820751,PDN15
47.0367,25.452,0.0820662,PDN15
47.0383,25.444,0.0820558,PDN15
47.04,25.435,0.0820363,PDN15
47.0417,25.426,0.0820238,PDN15
47.0433,25.419,0.0820099,PDN15
47.045,25.411,0.0819983,PDN15
47.0467,25.403,0.0819898,PDN15
47.0483,25.394,0.081985,PDN15
47.05,25.385,0.0819857,PDN15
47.0517,25.376,0.0819857,PDN15
47.0533,25.369,0.0819849,PDN15
47.055,25.36,0.0819818,PDN15
47.0567,25.353,0.0819771,PDN15
47.0583,25.343,0.0819713,PDN15
47.06,25.335,0.081965,PDN15
47.0617,25.327,0.0819575,PDN15
47.0633,25.319,0.0819512,PDN15
47.065,25.31,0.0819473,PDN15
47.0667,25.303,0.0819514,PDN15
47.0683,25.295,0.0819591,PDN15
47.07,25.285,0.0819651,PDN15
47.0717,25.277,0.081966,PDN15
47.0733,25.269,0.081966,PDN15
47.075,25.259,0.0819592,PDN15
47.0767,25.252,0.0819522,PDN15
47.0783,25.244,0.0819438,PDN15
47.08,25.235,0.0819375,PDN15
47.0817,25.226,0.0819293,PDN15
47.0833,25.219,0.0819262,PDN15
47.085,25.211,0.0819263,PDN15
47.0867,25.202,0.0819259,PDN15
47.0883,25.194,0.0819282,PDN15
47.09,25.186,0.0819297,PDN15
47.0917,25.178,0.0819315,PDN15
47.0933,25.169,0.0819308,PDN15
47.095,25.159,0.0819263,PDN15
47.0967,25.153,0.0819223,PDN15
47.0983,25.143,0.0819201,PDN15
47.1,25.136,0.0819223,PDN15
47.1017,25.127,0.081923,PDN15
47.1033,25.119,0.0819219,PDN15
47.105,25.111,0.0819155,PDN15
47.1067,25.102,0.0819098,PDN15
47.1083,25.093,0.0819046,PDN15
47.11,25.086,0.0819004,PDN15
47.1117,25.077,0.0818935,PDN15
47.1133,25.068,0.0818776,PDN15
47.115,25.06,0.0818616,PDN15
47.1167,25.052,0.0818365,PDN15
47.1183,25.043,0.0818266,PDN15
47.12,25.035,0.0818192,PDN15
47.1217,25.027,0.0818159,PDN15
47.1233,25.019,0.0818148,PDN15
47.125,25.01,0.0818157,PDN15
47.1267,25.003,0.081822,PDN15
47.1283,24.993,0.0818328,PDN15
47.13,24.984,0.0818683,PDN15
47.1317,24.977,0.0818762,PDN15
47.1333,24.969,0.0818777,PDN15
47.135,24.96,0.0818741,PDN15
47.1367,24.952,0.0818668,PDN15
47.1383,24.943,0.0818601,PDN15
47.14,24.934,0.0818556,PDN15
47.1417,24.928,0.0818506,PDN15
47.1433,24.918,0.0818449,PDN15
47.145,24.91,0.0818383,PDN15
47.1467,24.901,0.0818301,PDN15
47.1483,24.893,0.0818266,PDN15
47.15,24.885,0.0818212,PDN15
47.1517,24.877,0.0818111,PDN15
47.1533,24.869,0.0818026,PDN15
47.155,24.861,0.0817884,PDN15
47.1567,24.853,0.0817739,PDN15
47.1583,24.844,0.0817595,PDN15
47.16,24.835,0.0817477,PDN15
47.1617,24.827,0.0817409,PDN15
47.1633,24.819,0.0817404,PDN15
47.165,24.811,0.0817422,PDN15
47.1667,24.802,0.0817546,PDN15
47.1683,24.794,0.0817759,PDN15
47.17,24.786,0.081799,PDN15
47.1717,24.777,0.0818183,PDN15
47.1733,24.769,0.0818246,PDN15
47.175,24.761,0.0818245,PDN15
47.1767,24.752,0.0818139,PDN15
47.1783,24.743,0.081803,PDN15
47.18,24.735,0.0817894,PDN15
47.1817,24.727,0.0817771,PDN15
47.1833,24.719,0.0817639,PDN15
47.185,24.71,0.0817531,PDN15
47.1867,24.702,0.0817469,PDN15
47.1883,24.694,0.0817388,PDN15
47.19,24.685,0.0817308,PDN15
47.1917,24.677,0.0817241,PDN15
47.1933,24.67,0.0817189,PDN15
47.195,24.662,0.0817095,PDN15
47.1967,24.652,0.0817046,PDN15
47.1983,24.645,0.0817024,PDN15
47.2,24.636,0.0816999,PDN15
47.2017,24.628,0.0817011,PDN15
47.2033,24.619,0.0817061,PDN15
47.205,24.611,0.081711,PDN15
47.2067,24.602,0.0817096,PDN15
47.2083,24.594,0.0817091,PDN15
47.21,24.585,0.0817075,PDN15
47.2117,24.577,0.081709,PDN15
47.2133,24.569,0.081711,PDN15
47.215,24.56,0.0817176,PDN15
47.2167,24.553,0.0817271,PDN15
47.2183,24.544,0.081731,PDN15
47.22,24.536,0.081735,PDN15
47.2217,24.526,0.0817382,PDN15
47.2233,24.518,0.0817368,PDN15
47.225,24.51,0.0817316,PDN15
47.2267,24.502,0.0817225,PDN15
47.2283,24.493,0.0817096,PDN15
47.23,24.485,0.0816974,PDN15
47.2317,24.477,0.0816869,PDN15
47.2333,24.469,0.0816781,PDN15
47.235,24.461,0.0816706,PDN15
47.2367,24.452,0.0816637,PDN15
47.2383,24.444,0.08166,PDN15
47.24,24.437,0.0816541,PDN15
47.2417,24.428,0.0816481,PDN15
47.2433,24.419,0.0816453,PDN15
47.245,24.411,0.0816372,PDN15
47.2467,24.402,0.081626,PDN15
47.2483,24.393,0.0816117,PDN15
47.25,24.386,0.0815982,PDN15
47.2517,24.377,0.0815843,PDN15
47.2533,24.369,0.081571,PDN15
47.255,24.361,0.0815604,PDN15
47.2567,24.352,0.0815537,PDN15
47.2583,24.344,0.0815476,PDN15
47.26,24.335,0.0815404,PDN15
47.2617,24.327,0.081537,PDN15
47.2633,24.319,0.0815345,PDN15
47.265,24.31,0.0815326,PDN15
47.2667,24.303,0.0815266,PDN15
47.2683,24.294,0.0815212,PDN15
47.27,24.286,0.0815146,PDN15
47.2717,24.278,0.0815091,PDN15
47.2733,24.269,0.0815022,PDN15
47.275,24.261,0.0814934,PDN15
47.2767,24.253,0.0814857,PDN15
47.2783,24.245,0.0814746,PDN15
47.28,24.235,0.0814643,PDN15
47.2817,24.228,0.0814545,PDN15
47.2833,24.22,0.081447,PDN15
47.285,24.211,0.0814392,PDN15
47.2867,24.203,0.0814345,PDN15
47.2883,24.195,0.0814294,PDN15
47.29,24.185,0.0814263,PDN15
47.2917,24.178,0.0814263,PDN15
47.2933,24.17,0.0814266,PDN15
47.295,24.162,0.0814288,PDN15
47.2967,24.153,0.0814274,PDN15
47.2983,24.145,0.0814247,PDN15
47.3,24.135,0.0814228,PDN15
47.3017,24.128,0.0814203,PDN15
47.3033,24.12,0.0814148,PDN15
47.305,24.111,0.0814109,PDN15
47.3067,24.103,0.0814061,PDN15
47.3083,24.094,0.0813992,PDN15
47.31,24.086,0.0813896,PDN15
47.3117,24.076,0.0813771,PDN15
47.3133,24.07,0.0813674,PDN15
47.315,24.061,0.081354,PDN15
47.3167,24.052,0.0813401,PDN15
47.3183,24.044,0.0813248,PDN15
47.32,24.036,0.0813133,PDN15
47.3217,24.028,0.0813002,PDN15
47.3233,24.018,0.0812895,PDN15
47.325,24.011,0.0812882,PDN15
47.3267,24.003,0.0812855,PDN15
47.3283,23.994,0.0812815,PDN15
47.33,23.985,0.0812777,PDN15
47.3317,23.978,0.0812729,PDN15
47.3333,23.969,0.0812673,PDN15
47.335,23.961,0.0812583,PDN15
47.3367,23.952,0.0812495,PDN15
47.3383,23.945,0.0812389,PDN15
47.34,23.936,0.0812297,PDN15
47.3417,23.927,0.0812207,PDN15
47.3433,23.92,0.0812162,PDN15
47.345,23.91,0.0812094,PDN15
47.3467,23.902,0.0811995,PDN15
47.3483,23.894,0.0811931,PDN15
47.35,23.887,0.0811909,PDN15
47.3517,23.878,0.0811909,PDN15
47.3533,23.869,0.0811884,PDN15
47.355,23.861,0.0811846,PDN15
47.3567,23.853,0.0811859,PDN15
47.3583,23.845,0.0811847,PDN15
47.36,23.836,0.0811845,PDN15
47.3617,23.828,0.0811857,PDN15
47.3633,23.819,0.0811832,PDN15
47.365,23.811,0.0811826,PDN15
47.3667,23.802,0.0811815,PDN15
47.3683,23.794,0.081181,PDN15
47.37,23.786,0.0811827,PDN15
47.3717,23.778,0.081182,PDN15
47.3733,23.77,0.0811763,PDN15
47.375,23.762,0.0811729,PDN15
47.3767,23.753,0.0811667,PDN15
47.3783,23.744,0.0811596,PDN15
47.38,23.736,0.0811479,PDN15
47.3817,23.728,0.0811338,PDN15
47.3833,23.72,0.0811062,PDN15
47.385,23.712,0.081092,PDN15
47.3867,23.704,0.0810798,PDN15
47.3883,23.695,0.0810692,PDN15
47.39,23.687,0.0810636,PDN15
47.3917,23.678,0.0810584,PDN15
47.3933,23.67,0.0810556,PDN15
47.395,23.662,0.0810563,PDN15
47.3967,23.653,0.0810581,PDN15
47.3983,23.644,0.0810574,PDN15
47.4,23.636,0.0810516,PDN15
47.4017,23.627,0.081044,PDN15
47.4033,23.619,0.0810331,PDN15
47.405,23.612,0.0810214,PDN15
47.4067,23.602,0.0810001,PDN15
47.4083,23.595,0.080985,PDN15
47.41,23.586,0.0809697,PDN15
47.4117,23.579,0.0809566,PDN15
47.4133,23.571,0.0809472,PDN15
47.415,23.562,0.0809421,PDN15
47.4167,23.553,0.0809423,PDN15
47.4183,23.544,0.0809438,PDN15
47.42,23.537,0.0809489,PDN15
47.4217,23.528,0.0809548,PDN15
47.4233,23.52,0.0809608,PDN15
47.425,23.511,0.080962,PDN15
47.4267,23.503,0.0809612,PDN15
47.4283,23.495,0.0809576,PDN15
47.43,23.487,0.0809481,PDN15
47.4317,23.478,0.0809388,PDN15
47.4333,23.47,0.0809319,PDN15
47.435,23.461,0.0809263,PDN15
47.4367,23.454,0.080919,PDN15
47.4383,23.445,0.0809124,PDN15
47.44,23.436,0.0809137,PDN15
47.4417,23.427,0.0809173,PDN15
47.4433,23.419,0.0809189,PDN15
47.445,23.411,0.0809169,PDN15
47.4467,23.402,0.0809102,PDN15
47.4483,23.394,0.0809004,PDN15
47.45,23.386,0.0808914,PDN15
47.4517,23.378,0.0808861,PDN15
47.4533,23.369,0.080886,PDN15
47.455,23.361,0.0808829,PDN15
47.4567,23.352,0.0808809,PDN15
47.4583,23.344,0.0808807,PDN15
47.46,23.337,0.0808818,PDN15
47.4617,23.327,0.080884,PDN15
47.4633,23.319,0.080882,PDN15
47.465,23.311,0.0808784,PDN15
47.4667,23.303,0.0808717,PDN15
47.4683,23.294,0.0808716,PDN15
47.47,23.286,0.0808724,PDN15
47.4717,23.278,0.0808791,PDN15
47.4733,23.269,0.0808838,PDN15
47.475,23.261,0.080887,PDN15
47.4767,23.253,0.0808913,PDN15
47.4783,23.245,0.0808941,PDN15
47.48,23.236,0.0809011,PDN15
47.4817,23.228,0.0809085,PDN15
47.4833,23.22,0.0809136,PDN15
47.485,23.211,0.0809141,PDN15
47.4867,23.203,0.0809142,PDN15
47.4883,23.195,0.0809139,PDN15
47.49,23.186,0.0809131,PDN15
47.4917,23.178,0.0809087,PDN15
47.4933,23.169,0.0808988,PDN15
47.495,23.161,0.0808898,PDN15
47.4967,23.153,0.0808774,PDN15
47.4983,23.144,0.0808681,PDN15
47.5,23.136,0.0808608,PDN15
47.5017,23.128,0.0808517,PDN15
47.5033,23.119,0.0808429,PDN15
47.505,23.111,0.0808384,PDN15
47.5067,23.102,0.0808333,PDN15
47.5083,23.095,0.0808323,PDN15
47.51,23.087,0.0808338,PDN15
47.5117,23.078,0.0808353,PDN15
47.5133,23.07,0.080837,PDN15
47.515,23.061,0.0808328,PDN15
47.5167,23.052,0.0808276,PDN15
47.5183,23.045,0.0808218,PDN15
47.52,23.036,0.0808187,PDN15
47.5217,23.028,0.0808161,PDN15
47.5233,23.02,0.0808161,PDN15
47.525,23.011,0.0808154,PDN15
47.5267,23.002,0.0808161,PDN15
47.5283,22.995,0.0808226,PDN15
47.53,22.986,0.0808328,PDN15
47.5317,22.978,0.0808432,PDN15
47.5333,22.97,0.080848,PDN15
47.535,22.961,0.0808512,PDN15
47.5367,22.954,0.0808497,PDN15
47.5383,22.944,0.0808499,PDN15
47.54,22.937,0.0808481,PDN15
47.5417,22.928,0.080849,PDN15
47.5433,22.919,0.0808433,PDN15
47.545,22.912,0.0808352,PDN15
47.5467,22.902,0.0808256,PDN15
47.5483,22.895,0.0808205,PDN15
47.55,22.887,0.080815,PDN15
47.5517,22.878,0.0808147,PDN15
47.5533,22.869,0.0808141,PDN15
47.555,22.861,0.0808128,PDN15
47.5567,22.853,0.0808114,PDN15
47.5583,22.844,0.0808104,PDN15
47.56,22.836,0.0808101,PDN15
47.5617,22.828,0.0808036,PDN15
47.5633,22.82,0.0807988,PDN15
47.565,22.811,0.080793,PDN15
47.5667,22.803,0.0807869,PDN15
47.5683,22.794,0.0807823,PDN15
47.57,22.785,0.0807823,PDN15
47.5717,22.777,0.0807799,PDN15
47.5733,22.77,0.0807779,PDN15
47.575,22.761,0.0807804,PDN15
47.5767,22.754,0.0807884,PDN15
47.5783,22.744,0.0807933,PDN15
47.58,22.736,0.0807922,PDN15
47.5817,22.728,0.0807893,PDN15
47.5833,22.72,0.0807842,PDN15
47.585,22.711,0.0807769,PDN15
47.5867,22.703,0.0807648,PDN15
47.5883,22.694,0.080755,PDN15
47.59,22.687,0.0807415,PDN15
47.5917,22.677,0.0807293,PDN15
47.5933,22.67,0.0807217,PDN15
47.595,22.661,0.080722,PDN15
47.5967,22.653,0.080718,PDN15
47.5983,22.644,0.0807137,PDN15
47.6,22.636,0.0807077,PDN15
47.6017,22.628,0.0807023,PDN15
47.6033,22.62,0.0806937,PDN15
47.605,22.611,0.0806867,PDN15
47.6067,22.603,0.0806805,PDN15
47.6083,22.595,0.0806777,PDN15
47.61,22.586,0.0806793,PDN15
47.6117,22.579,0.0806856,PDN15
47.6133,22.57,0.0806922,PDN15
47.615,22.562,0.0806925,PDN15
47.6167,22.552,0.0806919,PDN15
47.6183,22.544,0.0806883,PDN15
47.62,22.537,0.0806859,PDN15
47.6217,22.528,0.0806823,PDN15
47.6233,22.519,0.0806766,PDN15
47.625,22.511,0.0806716,PDN15
47.6267,22.503,0.0806694,PDN15
47.6283,22.495,0.0806707,PDN15
47.63,22.486,0.0806775,PDN15
47.6317,22.478,0.0806843,PDN15
47.6333,22.47,0.0806881,PDN15
47.635,22.461,0.0806875,PDN15
47.6367,22.452,0.0806817,PDN15
47.6383,22.445,0.0806728,PDN15
47.64,22.438,0.0806591,PDN15
47.6417,22.428,0.0806333,PDN15
47.6433,22.42,0.0806061,PDN15
47.645,22.412,0.0805785,PDN15
47.6467,22.403,0.0805651,PDN15
47.6483,22.394,0.0805578,PDN15
47.65,22.387,0.0805533,PDN15
47.6517,22.379,0.0805547,PDN15
47.6533,22.37,0.0805597,PDN15
47.655,22.361,0.0805618,PDN15
47.6567,22.354,0.0805613,PDN15
47.6583,22.345,0.0805586,PDN15
47.66,22.336,0.0805508,PDN15
47.6617,22.329,0.0805414,PDN15
47.6633,22.32,0.0805356,PDN15
47.665,22.312,0.0805296,PDN15
47.6667,22.304,0.0805256,PDN15
47.6683,22.295,0.0805179,PDN15
47.67,22.287,0.0805122,PDN15
47.6717,22.279,0.0805062,PDN15
47.6733,22.27,0.0805018,PDN15
47.675,22.262,0.0804994,PDN15
47.6767,22.254,0.0804973,PDN15
47.6783,22.244,0.0804924,PDN15
47.68,22.237,0.0804876,PDN15
47.6817,22.228,0.080486,PDN15
47.6833,22.221,0.0804879,PDN15
47.685,22.211,0.0804901,PDN15
47.6867,22.203,0.080495,PDN15
47.6883,22.195,0.0804986,PDN15
47.69,22.187,0.0805002,PDN15
47.6917,22.18,0.0804966,PDN15
47.6933,22.171,0.080486,PDN15
47.695,22.162,0.0804754,PDN15
47.6967,22.153,0.0804644,PDN15
47.6983,22.145,0.0804512,PDN15
47.7,22.138,0.0804393,PDN15
47.7017,22.129,0.0804293,PDN15
47.7033,22.121,0.0804178,PDN15
47.705,22.112,0.0804113,PDN15
47.7067,22.104,0.0804093,PDN15
47.7083,22.095,0.0804083,PDN15
47.71,22.086,0.0804066,PDN15
47.7117,22.079,0.0803996,PDN15
47.7133,22.07,0.0803955,PDN15
47.715,22.062,0.0803922,PDN15
47.7167,22.054,0.0803894,PDN15
47.7183,22.045,0.0803919,PDN15
47.72,22.036,0.0803949,PDN15
47.7217,22.028,0.0803977,PDN15
47.7233,22.02,0.0803983,PDN15
47.725,22.012,0.0803969,PDN15
47.7267,22.003,0.080394,PDN15
47.7283,21.995,0.0803892,PDN15
47.73,21.987,0.080382,PDN15
47.7317,21.978,0.080371,PDN15
47.7333,21.97,0.0803616,PDN15
47.735,21.962,0.0803522,PDN15
47.7367,21.953,0.0803464,PDN15
47.7383,21.946,0.0803437,PDN15
47.74,21.937,0.0803382,PDN15
47.7417,21.928,0.0803334,PDN15
47.7433,21.92,0.0803292,PDN15
47.745,21.911,0.0803272,PDN15
47.7467,21.903,0.0803255,PDN15
47.7483,21.894,0.0803218,PDN15
47.75,21.887,0.0803169,PDN15
47.7517,21.878,0.0803098,PDN15
47.7533,21.869,0.0803027,PDN15
47.755,21.862,0.0803,PDN15
47.7567,21.852,0.0803018,PDN15
47.7583,21.845,0.0803025,PDN15
47.76,21.837,0.0803039,PDN15
47.7617,21.828,0.0803062,PDN15
47.7633,21.82,0.0803048,PDN15
47.765,21.812,0.0802997,PDN15
47.7667,21.803,0.0802927,PDN15
47.7683,21.796,0.0802818,PDN15
47.77,21.787,0.0802521,PDN15
47.7717,21.779,0.0802321,PDN15
47.7733,21.77,0.0802213,PDN15
47.775,21.761,0.080213,PDN15
47.7767,21.752,0.0802085,PDN15
47.7783,21.745,0.0802084,PDN15
47.78,21.737,0.080207,PDN15
47.7817,21.729,0.080207,PDN15
47.7833,21.72,0.0802079,PDN15
47.785,21.713,0.0802095,PDN15
47.7867,21.703,0.080208,PDN15
47.7883,21.695,0.0802028,PDN15
47.79,21.687,0.0801975,PDN15
47.7917,21.679,0.0801914,PDN15
47.7933,21.671,0.0801843,PDN15
47.795,21.662,0.0801774,PDN15
47.7967,21.654,0.0801696,PDN15
47.7983,21.646,0.0801609,PDN15
47.8,21.637,0.0801508,PDN15
47.8017,21.628,0.0801416,PDN15
47.8033,21.621,0.0801342,PDN15
47.805,21.611,0.0801306,PDN15
47.8067,21.603,0.0801266,PDN15
47.8083,21.596,0.0801235,PDN15
47.81,21.586,0.0801224,PDN15
47.8117,21.579,0.080124,PDN15
47.8133,21.57,0.0801245,PDN15
47.815,21.562,0.080125,PDN15
47.8167,21.553,0.0801311,PDN15
47.8183,21.545,0.0801349,PDN15
47.82,21.536,0.0801313,PDN15
47.8217,21.529,0.080127,PDN15
47.8233,21.52,0.0801242,PDN15
47.825,21.512,0.0801185,PDN15
47.8267,21.503,0.0801096,PDN15
47.8283,21.494,0.0800959,PDN15
47.83,21.486,0.0800807,PDN15
47.8317,21.479,0.0800689,PDN15
47.8333,21.47,0.0800605,PDN15
47.835,21.461,0.080057,PDN15
47.8367,21.453,0.0800539,PDN15
47.8383,21.444,0.0800476,PDN15
47.84,21.437,0.0800428,PDN15
47.8417,21.429,0.0800391,PDN15
47.8433,21.42,0.0800373,PDN15
47.845,21.411,0.080031,PDN15
47.8467,21.403,0.0800233,PDN15
47.8483,21.395,0.0800105,PDN15
47.85,21.388,0.0799992,PDN15
47.8517,21.378,0.0799926,PDN15
47.8533,21.369,0.0799917,PDN15
47.855,21.362,0.0799885,PDN15
47.8567,21.353,0.0799892,PDN15
47.8583,21.344,0.0799899,PDN15
47.86,21.337,0.0799866,PDN15
47.8617,21.328,0.0799808,PDN15
47.8633,21.32,0.0799726,PDN15
47.865,21.313,0.0799644,PDN15
47.8667,21.303,0.0799528,PDN15
47.8683,21.295,0.0799416,PDN15
47.87,21.287,0.0799317,PDN15
47.8717,21.279,0.0799232,PDN15
47.8733,21.27,0.0799161,PDN15
47.875,21.262,0.0799148,PDN15
47.8767,21.254,0.0799207,PDN15
47.8783,21.245,0.0799289,PDN15
47.88,21.235,0.0799338,PDN15
47.8817,21.229,0.0799361,PDN15
47.8833,21.22,0.0799358,PDN15
47.885,21.213,0.0799328,PDN15
47.8867,21.203,0.079924,PDN15
47.8883,21.195,0.0799151,PDN15
47.89,21.187,0.079895,PDN15
47.8917,21.178,0.0798614,PDN15
47.8933,21.17,0.0798464,PDN15
47.895,21.163,0.0798387,PDN15
47.8967,21.153,0.0798353,PDN15
47.8983,21.145,0.0798377,PDN15
47.9,21.137,0.0798413,PDN15
47.9017,21.129,0.0798454,PDN15
47.9033,21.12,0.07985,PDN15
47.905,21.112,0.0798527,PDN15
47.9067,21.103,0.0798529,PDN15
47.9083,21.094,0.0798477,PDN15
47.91,21.087,0.0798367,PDN15
47.9117,21.078,0.0798244,PDN15
47.9133,21.07,0.079813,PDN15
47.915,21.061,0.0798002,PDN15
47.9167,21.053,0.0797856,PDN15
47.9183,21.044,0.0797668,PDN15
47.92,21.035,0.0797536,PDN15
47.9217,21.029,0.0797456,PDN15
47.9233,21.02,0.0797427,PDN15
47.925,21.011,0.0797389,PDN15
47.9267,21.003,0.0797344,PDN15
47.9283,20.995,0.079731,PDN15
47.93,20.986,0.0797283,PDN15
47.9317,20.979,0.0797273,PDN15
47.9333,20.969,0.0797264,PDN15
47.935,20.961,0.0797245,PDN15
47.9367,20.954,0.0797234,PDN15
47.9383,20.945,0.0797214,PDN15
47.94,20.937,0.0797177,PDN15
47.9417,20.929,0.0797174,PDN15
47.9433,20.92,0.0797165,PDN15
47.945,20.912,0.0797137,PDN15
47.9467,20.904,0.0797122,PDN15
47.9483,20.896,0.0797095,PDN15
47.95,20.888,0.0797058,PDN15
47.9517,20.879,0.0797007,PDN15
47.9533,20.87,0.0796968,PDN15
47.955,20.863,0.0796938,PDN15
47.9567,20.853,0.0796899,PDN15
47.9583,20.845,0.079686,PDN15
47.96,20.837,0.0796831,PDN15
47.9617,20.829,0.0796838,PDN15
47.9633,20.819,0.0796867,PDN15
47.965,20.812,0.0796887,PDN15
47.9667,20.804,0.0796919,PDN15
47.9683,20.795,0.079693,PDN15
47.97,20.787,0.0796886,PDN15
47.9717,20.779,0.079684,PDN15
47.9733,20.771,0.0796762,PDN15
47.975,20.762,0.079663,PDN15
47.9767,20.754,0.0796185,PDN15
47.9783,20.746,0.0795814,PDN15
47.98,20.738,0.0795606,PDN15
47.9817,20.73,0.0795519,PDN15
47.9833,20.721,0.0795457,PDN15
47.985,20.712,0.079545,PDN15
47.9867,20.704,0.079547,PDN15
47.9883,20.696,0.0795497,PDN15
47.99,20.688,0.0795499,PDN15
47.9917,20.679,0.0795481,PDN15
47.9933,20.671,0.0795437,PDN15
47.995,20.663,0.0795345,PDN15
47.9967,20.654,0.0795277,PDN15
47.9983,20.646,0.0795209,PDN15
48,20.637,0.0795127,PDN15
48.0017,20.628,0.0795035,PDN15
48.0033,20.621,0.0794963,PDN15
48.005,20.613,0.0794904,PDN15
48.0067,20.604,0.0794889,PDN15
48.0083,20.595,0.0794813,PDN15
48.01,20.587,0.0794755,PDN15
48.0117,20.58,0.0794681,PDN15
48.0133,20.571,0.0794628,PDN15
48.015,20.563,0.0794675,PDN15
48.0167,20.554,0.0794748,PDN15
48.0183,20.545,0.0794787,PDN15
48.02,20.536,0.0794798,PDN15
48.0217,20.529,0.0794798,PDN15
48.0233,20.521,0.0794792,PDN15
48.025,20.513,0.0794786,PDN15
48.0267,20.504,0.0794743,PDN15
48.0283,20.495,0.0794703,PDN15
48.03,20.487,0.0794635,PDN15
48.0317,20.479,0.0794533,PDN15
48.0333,20.471,0.0794459,PDN15
48.035,20.463,0.0794414,PDN15
48.0367,20.455,0.0794382,PDN15
48.0383,20.446,0.0794317,PDN15
48.04,20.438,0.0794225,PDN15
48.0417,20.429,0.0794161,PDN15
48.0433,20.421,0.0794092,PDN15
48.045,20.413,0.0794013,PDN15
48.0467,20.404,0.0793929,PDN15
48.0483,20.396,0.0793872,PDN15
48.05,20.388,0.0793857,PDN15
48.0517,20.38,0.0793839,PDN15
48.0533,20.371,0.0793806,PDN15
48.055,20.363,0.0793746,PDN15
48.0567,20.353,0.0793688,PDN15
48.0583,20.345,0.0793598,PDN15
48.06,20.337,0.0793525,PDN15
48.0617,20.329,0.0793403,PDN15
48.0633,20.32,0.0793281,PDN15
48.065,20.312,0.0793162,PDN15
48.0667,20.303,0.0793075,PDN15
48.0683,20.296,0.0793006,PDN15
48.07,20.287,0.0792953,PDN15
48.0717,20.279,0.0792904,PDN15
48.0733,20.27,0.0792872,PDN15
48.075,20.262,0.0792878,PDN15
48.0767,20.255,0.0792945,PDN15
48.0783,20.247,0.0793015,PDN15
48.08,20.238,0.0793036,PDN15
48.0817,20.229,0.0793038,PDN15
48.0833,20.222,0.079305,PDN15
48.085,20.213,0.0793022,PDN15
48.0867,20.205,0.0792969,PDN15
48.0883,20.196,0.0792912,PDN15
48.09,20.189,0.0792827,PDN15
48.0917,20.18,0.0792737,PDN15
48.0933,20.171,0.0792656,PDN15
48.095,20.163,0.0792653,PDN15
48.0967,20.155,0.0792649,PDN15
48.0983,20.146,0.0792591,PDN15
48.1,20.138,0.0792501,PDN15
48.1017,20.13,0.079241,PDN15
48.1033,20.121,0.0792299,PDN15
48.105,20.112,0.0792206,PDN15
48.1067,20.104,0.0792102,PDN15
48.1083,20.096,0.0792005,PDN15
48.11,20.089,0.0791907,PDN15
48.1117,20.079,0.079184,PDN15
48.1133,20.072,0.0791854,PDN15
48.115,20.062,0.0791901,PDN15
48.1167,20.055,0.0791919,PDN15
48.1183,20.046,0.0791921,PDN15
48.12,20.037,0.0791883,PDN15
48.1217,20.029,0.0791789,PDN15
48.1233,20.022,0.0791705,PDN15
48.125,20.013,0.0791625,PDN15
48.1267,20.005,0.0791526,PDN15
48.1283,19.996,0.0791407,PDN15
48.13,19.988,0.0791323,PDN15
48.1317,19.979,0.0791271,PDN15
48.1333,19.972,0.0791209,PDN15
48.135,19.963,0.0791081,PDN15
48.1367,19.955,0.0790998,PDN15
48.1383,19.947,0.0790913,PDN15
48.14,19.938,0.0790797,PDN15
48.1417,19.93,0.0790668,PDN15
48.1433,19.921,0.0790585,PDN15
48.145,19.913,0.0790517,PDN15
48.1467,19.906,0.0790482,PDN15
48.1483,19.897,0.0790477,PDN15
48.15,19.889,0.0790438,PDN15
48.1517,19.88,0.0790406,PDN15
48.1533,19.872,0.0790318,PDN15
48.155,19.863,0.0790218,PDN15
48.1567,19.853,0.0790102,PDN15
48.1583,19.847,0.0789984,PDN15
48.16,19.838,0.0789868,PDN15
48.1617,19.83,0.0789755,PDN15
48.1633,19.821,0.0789657,PDN15
48.165,19.813,0.0789613,PDN15
48.1667,19.805,0.0789615,PDN15
48.1683,19.796,0.0789635,PDN15
48.17,19.788,0.0789641,PDN15
48.1717,19.779,0.0789603,PDN15
48.1733,19.771,0.0789558,PDN15
48.175,19.762,0.0789475,PDN15
48.1767,19.755,0.078936,PDN15
48.1783,19.746,0.0789257,PDN15
48.18,19.738,0.0789178,PDN15
48.1817,19.729,0.0789146,PDN15
48.1833,19.721,0.0789133,PDN15
48.185,19.714,0.0789131,PDN15
48.1867,19.705,0.0789214,PDN15
48.1883,19.697,0.0789287,PDN15
48.19,19.687,0.0789315,PDN15
48.1917,19.68,0.0789309,PDN15
48.1933,19.671,0.0789298,PDN15
48.195,19.663,0.0789298,PDN15
48.1967,19.654,0.0789301,PDN15
48.1983,19.646,0.0789301,PDN15
48.2,19.638,0.0789329,PDN15
48.2017,19.629,0.0789401,PDN15
48.2033,19.622,0.0789467,PDN15
48.205,19.612,0.0789483,PDN15
48.2067,19.604,0.0789474,PDN15
48.2083,19.596,0.0789412,PDN15
48.21,19.587,0.0789279,PDN15
48.2117,19.579,0.0789141,PDN15
48.2133,19.572,0.078898,PDN15
48.215,19.563,0.0788822,PDN15
48.2167,19.555,0.0788671,PDN15
48.2183,19.547,0.078856,PDN15
48.22,19.537,0.0788509,PDN15
48.2217,19.529,0.0788497,PDN15
48.2233,19.521,0.0788463,PDN15
48.225,19.512,0.0788458,PDN15
48.2267,19.505,0.0788478,PDN15
48.2283,19.496,0.0788511,PDN15
48.23,19.488,0.0788628,PDN15
48.2317,19.479,0.0788694,PDN15
48.2333,19.471,0.0788707,PDN15
48.235,19.463,0.0788686,PDN15
48.2367,19.455,0.0788627,PDN15
48.2383,19.446,0.0788578,PDN15
48.24,19.437,0.0788564,PDN15
48.2417,19.43,0.0788527,PDN15
48.2433,19.422,0.0788466,PDN15
48.245,19.412,0.0788384,PDN15
48.2467,19.405,0.0788328,PDN15
48.2483,19.397,0.0788307,PDN15
48.25,19.388,0.0788234,PDN15
48.2517,19.38,0.0788159,PDN15
48.2533,19.371,0.0788086,PDN15
48.255,19.362,0.0787992,PDN15
48.2567,19.355,0.078786,PDN15
48.2583,19.346,0.078778,PDN15
48.26,19.338,0.0787687,PDN15
48.2617,19.329,0.0787594,PDN15
48.2633,19.321,0.0787515,PDN15
48.265,19.313,0.0787512,PDN15
48.2667,19.305,0.078752,PDN15
48.2683,19.296,0.0787509,PDN15
48.27,19.288,0.0787522,PDN15
48.2717,19.28,0.0787524,PDN15
48.2733,19.272,0.0787535,PDN15
48.275,19.263,0.0787521,PDN15
48.2767,19.254,0.0787461,PDN15
48.2783,19.246,0.0787359,PDN15
48.28,19.238,0.0787252,PDN15
48.2817,19.229,0.0787156,PDN15
48.2833,19.222,0.078706,PDN15
48.285,19.213,0.0786928,PDN15
48.2867,19.205,0.0786801,PDN15
48.2883,19.196,0.0786694,PDN15
48.29,19.189,0.0786612,PDN15
48.2917,19.18,0.0786524,PDN15
48.2933,19.172,0.0786481,PDN15
48.295,19.163,0.0786435,PDN15
48.2967,19.154,0.0786365,PDN15
48.2983,19.147,0.0786318,PDN15
48.3,19.139,0.0786305,PDN15
48.3017,19.13,0.0786268,PDN15
48.3033,19.122,0.0786203,PDN15
48.305,19.113,0.0786173,PDN15
48.3067,19.105,0.0786145,PDN15
48.3083,19.097,0.0786105,PDN15
48.31,19.088,0.0786082,PDN15
48.3117,19.08,0.078608,PDN15
48.3133,19.072,0.078607,PDN15
48.315,19.064,0.0786043,PDN15
48.3167,19.055,0.0786008,PDN15
48.3183,19.046,0.0785991,PDN15
48.32,19.038,0.0785951,PDN15
48.3217,19.03,0.0785872,PDN15
48.3233,19.021,0.0785833,PDN15
48.325,19.013,0.0785806,PDN15
48.3267,19.005,0.0785772,PDN15
48.3283,18.997,0.0785751,PDN15
48.33,18.987,0.0785703,PDN15
48.3317,18.98,0.078565,PDN15
48.3333,18.971,0.0785605,PDN15
48.335,18.962,0.0785539,PDN15
48.3367,18.954,0.078549,PDN15
48.3383,18.945,0.0785486,PDN15
48.34,18.937,0.0785491,PDN15
48.3417,18.93,0.0785493,PDN15
48.3433,18.92,0.0785541,PDN15
48.345,18.913,0.0785548,PDN15
48.3467,18.905,0.0785502,PDN15
48.3483,18.896,0.0785426,PDN15
48.35,18.888,0.078531,PDN15
48.3517,18.88,0.0785194,PDN15
48.3533,18.871,0.0785047,PDN15
48.355,18.863,0.0784895,PDN15
48.3567,18.855,0.0784762,PDN15
48.3583,18.846,0.0784644,PDN15
48.36,18.838,0.0784533,PDN15
48.3617,18.83,0.078444,PDN15
48.3633,18.821,0.0784329,PDN15
48.365,18.813,0.0784213,PDN15
48.3667,18.805,0.0784103,PDN15
48.3683,18.796,0.078401,PDN15
48.37,18.788,0.078394,PDN15
48.3717,18.78,0.0783895,PDN15
48.3733,18.771,0.0783879,PDN15
48.375,18.762,0.0783836,PDN15
48.3767,18.755,0.0783808,PDN15
48.3783,18.746,0.0783821,PDN15
48.38,18.738,0.0783859,PDN15
48.3817,18.729,0.0783864,PDN15
48.3833,18.722,0.0783891,PDN15
48.385,18.713,0.0783961,PDN15
48.3867,18.704,0.0784017,PDN15
48.3883,18.696,0.078409,PDN15
48.39,18.687,0.0784175,PDN15
48.3917,18.68,0.0784212,PDN15
48.3933,18.672,0.0784196,PDN15
48.395,18.663,0.0784137,PDN15
48.3967,18.656,0.0784081,PDN15
48.3983,18.647,0.0784014,PDN15
48.4,18.638,0.0783886,PDN15
48.4017,18.629,0.0783757,PDN15
48.4033,18.621,0.078368,PDN15
48.405,18.613,0.0783606,PDN15
48.4067,18.606,0.0783556,PDN15
48.4083,18.595,0.0783521,PDN15
48.41,18.589,0.078348,PDN15
48.4117,18.58,0.0783424,PDN15
48.4133,18.571,0.0783355,PDN15
48.415,18.564,0.0783315,PDN15
48.4167,18.555,0.0783313,PDN15
48.4183,18.548,0.0783288,PDN15
48.42,18.538,0.0783307,PDN15
48.4217,18.53,0.078335,PDN15
48.4233,18.522,0.0783401,PDN15
48.425,18.513,0.0783459,PDN15
48.4267,18.505,0.0783513,PDN15
48.4283,18.496,0.0783525,PDN15
48.43,18.489,0.0783473,PDN15
48.4317,18.48,0.0783391,PDN15
48.4333,18.471,0.0783269,PDN15
48.435,18.463,0.0783152,PDN15
48.4367,18.455,0.078299,PDN15
48.4383,18.447,0.0782877,PDN15
48.44,18.439,0.0782779,PDN15
48.4417,18.43,0.0782678,PDN15
48.4433,18.421,0.0782624,PDN15
48.445,18.414,0.0782614,PDN15
48.4467,18.405,0.0782616,PDN15
48.4483,18.397,0.0782606,PDN15
48.45,18.389,0.0782607,PDN15
48.4517,18.381,0.0782597,PDN15
48.4533,18.373,0.0782577,PDN15
48.455,18.364,0.0782574,PDN15
48.4567,18.354,0.0782616,PDN15
48.4583,18.347,0.0782652,PDN15
48.46,18.339,0.0782673,PDN15
48.4617,18.33,0.0782679,PDN15
48.4633,18.322,0.0782726,PDN15
48.465,18.314,0.0782765,PDN15
48.4667,18.306,0.0782796,PDN15
48.4683,18.297,0.0782766,PDN15
48.47,18.288,0.0782686,PDN15
48.4717,18.28,0.0782584,PDN15
48.4733,18.272,0.0782452,PDN15
48.475,18.264,0.0782352,PDN15
48.4767,18.255,0.0782243,PDN15
48.4783,18.246,0.0782158,PDN15
48.48,18.24,0.0782145,PDN15
48.4817,18.231,0.0782149,PDN15
48.4833,18.222,0.0782094,PDN15
48.485,18.213,0.0781986,PDN15
48.4867,18.205,0.0781868,PDN15
48.4883,18.197,0.0781801,PDN15
48.49,18.189,0.0781756,PDN15
48.4917,18.18,0.0781683,PDN15
48.4933,18.173,0.0781597,PDN15
48.495,18.164,0.0781497,PDN15
48.4967,18.155,0.0781377,PDN15
48.4983,18.146,0.0781292,PDN15
48.5,18.139,0.0781199,PDN15
48.5017,18.13,0.0781097,PDN15
48.5033,18.122,0.0780929,PDN15
48.505,18.115,0.078077,PDN15
48.5067,18.105,0.078069,PDN15
48.5083,18.098,0.0780679,PDN15
48.51,18.089,0.0780646,PDN15
48.5117,18.08,0.0780623,PDN15
48.5133,18.072,0.0780634,PDN15
48.515,18.064,0.0780662,PDN15
48.5167,18.054,0.0780673,PDN15
48.5183,18.047,0.0780694,PDN15
48.52,18.038,0.0780736,PDN15
48.5217,18.029,0.0780811,PDN15
48.5233,18.022,0.078091,PDN15
48.525,18.015,0.0780932,PDN15
48.5267,18.005,0.0780947,PDN15
48.5283,17.996,0.0780907,PDN15
48.53,17.988,0.0780833,PDN15
48.5317,17.979,0.0780726,PDN15
48.5333,17.971,0.0780605,PDN15
48.535,17.963,0.0780471,PDN15
48.5367,17.956,0.0780363,PDN15
48.5383,17.947,0.0780246,PDN15
48.54,17.939,0.0780197,PDN15
48.5417,17.93,0.0780197,PDN15
48.5433,17.921,0.0780173,PDN15
48.545,17.914,0.0780099,PDN15
48.5467,17.906,0.0780038,PDN15
48.5483,17.897,0.0779963,PDN15
48.55,17.888,0.0779894,PDN15
48.5517,17.88,0.0779824,PDN15
48.5533,17.872,0.0779751,PDN15
48.555,17.864,0.077966,PDN15
48.5567,17.855,0.0779554,PDN15
48.5583,17.847,0.0779423,PDN15
48.56,17.838,0.0779332,PDN15
48.5617,17.829,0.0779263,PDN15
48.5633,17.821,0.0779173,PDN15
48.565,17.813,0.0779079,PDN15
48.5667,17.805,0.0779013,PDN15
48.5683,17.797,0.0778931,PDN15
48.57,17.789,0.077886,PDN15
48.5717,17.781,0.077883,PDN15
48.5733,17.772,0.077888,PDN15
48.575,17.764,0.0778891,PDN15
48.5767,17.756,0.0778861,PDN15
48.5783,17.748,0.0778859,PDN15
48.58,17.738,0.0778836,PDN15
48.5817,17.73,0.0778808,PDN15
48.5833,17.722,0.0778755,PDN15
48.585,17.714,0.0778681,PDN15
48.5867,17.705,0.0778629,PDN15
48.5883,17.698,0.077853,PDN15
48.59,17.689,0.0778427,PDN15
48.5917,17.681,0.0778343,PDN15
48.5933,17.673,0.0778254,PDN15
48.595,17.664,0.0778171,PDN15
48.5967,17.654,0.0778095,PDN15
48.5983,17.647,0.0778047,PDN15
48.6,17.639,0.0777982,PDN15
48.6017,17.631,0.0777887,PDN15
48.6033,17.622,0.0777782,PDN15
48.605,17.614,0.0777702,PDN15
48.6067,17.605,0.0777643,PDN15
48.6083,17.597,0.0777589,PDN15
48.61,17.589,0.0777583,PDN15
48.6117,17.58,0.0777551,PDN15
48.6133,17.572,0.0777538,PDN15
48.615,17.564,0.0777558,PDN15
48.6167,17.555,0.077757,PDN15
48.6183,17.548,0.0777579,PDN15
48.62,17.538,0.0777581,PDN15
48.6217,17.532,0.0777554,PDN15
48.6233,17.523,0.0777526,PDN15
48.625,17.514,0.0777513,PDN15
48.6267,17.506,0.0777468,PDN15
48.6283,17.498,0.0777428,PDN15
48.63,17.49,0.0777401,PDN15
48.6317,17.481,0.0777372,PDN15
48.6333,17.473,0.0777351,PDN15
48.635,17.464,0.0777314,PDN15
48.6367,17.456,0.0777313,PDN15
48.6383,17.447,0.0777334,PDN15
48.64,17.439,0.0777337,PDN15
48.6417,17.431,0.0777328,PDN15
48.6433,17.422,0.0777323,PDN15
48.645,17.414,0.0777292,PDN15
48.6467,17.407,0.0777239,PDN15
48.6483,17.397,0.0777153,PDN15
48.65,17.39,0.077707,PDN15
48.6517,17.38,0.077693,PDN15
48.6533,17.372,0.0776813,PDN15
48.655,17.364,0.077672,PDN15
48.6567,17.355,0.0776641,PDN15
48.6583,17.347,0.0776566,PDN15
48.66,17.339,0.0776499,PDN15
48.6617,17.331,0.0776462,PDN15
48.6633,17.322,0.0776456,PDN15
48.665,17.314,0.0776457,PDN15
48.6667,17.305,0.0776412,PDN15
48.6683,17.297,0.0776365,PDN15
48.67,17.289,0.0776298,PDN15
48.6717,17.28,0.0776213,PDN15
48.6733,17.272,0.0776155,PDN15
48.675,17.264,0.0776096,PDN15
48.6767,17.256,0.0776002,PDN15
48.6783,17.247,0.0775935,PDN15
48.68,17.238,0.0775835,PDN15
48.6817,17.231,0.0775729,PDN15
48.6833,17.222,0.0775665,PDN15
48.685,17.214,0.0775584,PDN15
48.6867,17.207,0.077551,PDN15
48.6883,17.198,0.0775455,PDN15
48.69,17.188,0.0775417,PDN15
48.6917,17.181,0.0775386,PDN15
48.6933,17.171,0.077536,PDN15
48.695,17.164,0.0775385,PDN15
48.6967,17.156,0.077541,PDN15
48.6983,17.147,0.0775368,PDN15
48.7,17.139,0.0775279,PDN15
48.7017,17.13,0.0775222,PDN15
48.7033,17.122,0.0775191,PDN15
48.705,17.114,0.0775223,PDN15
48.7067,17.107,0.077525,PDN15
48.7083,17.097,0.0775305,PDN15
48.71,17.089,0.0775356,PDN15
48.7117,17.081,0.0775373,PDN15
48.7133,17.072,0.0775379,PDN15
48.715,17.064,0.0775366,PDN15
48.7167,17.055,0.0775286,PDN15
48.7183,17.048,0.0775176,PDN15
48.72,17.039,0.0775079,PDN15
48.7217,17.031,0.0775024,PDN15
48.7233,17.022,0.0775013,PDN15
48.725,17.013,0.0774999,PDN15
48.7267,17.006,0.0774987,PDN15
48.7283,16.997,0.0774998,PDN15
48.73,16.989,0.0775029,PDN15
48.7317,16.981,0.0775019,PDN15
48.7333,16.972,0.0774997,PDN15
48.735,16.963,0.0774921,PDN15
48.7367,16.955,0.0774797,PDN15
48.7383,16.947,0.0774559,PDN15
48.74,16.939,0.0774162,PDN15
48.7417,16.93,0.0773836,PDN15
48.7433,16.922,0.0773558,PDN15
48.745,16.914,0.07734,PDN15
48.7467,16.906,0.0773322,PDN15
48.7483,16.897,0.0773295,PDN15
48.75,16.889,0.0773284,PDN15
48.7517,16.881,0.0773335,PDN15
48.7533,16.872,0.077339,PDN15
48.755,16.864,0.0773456,PDN15
48.7567,16.855,0.0773492,PDN15
48.7583,16.847,0.0773457,PDN15
48.76,16.839,0.0773357,PDN15
48.7617,16.831,0.0773232,PDN15
48.7633,16.823,0.0773099,PDN15
48.765,16.815,0.0773015,PDN15
48.7667,16.806,0.0772968,PDN15
48.7683,16.797,0.0772907,PDN15
48.77,16.79,0.0772816,PDN15
48.7717,16.781,0.077271,PDN15
48.7733,16.773,0.0772618,PDN15
48.775,16.763,0.0772525,PDN15
48.7767,16.755,0.0772447,PDN15
48.7783,16.747,0.0772329,PDN15
48.78,16.739,0.0772168,PDN15
48.7817,16.731,0.0771895,PDN15
48.7833,16.722,0.0771755,PDN15
48.785,16.714,0.0771693,PDN15
48.7867,16.707,0.0771662,PDN15
48.7883,16.697,0.0771634,PDN15
48.79,16.689,0.0771585,PDN15
48.7917,16.681,0.0771541,PDN15
48.7933,16.672,0.0771476,PDN15
48.795,16.664,0.0771474,PDN15
48.7967,16.656,0.0771452,PDN15
48.7983,16.647,0.077138,PDN15
48.8,16.64,0.0771295,PDN15
48.8017,16.63,0.0771195,PDN15
48.8033,16.623,0.0771139,PDN15
48.805,16.615,0.0771076,PDN15
48.8067,16.606,0.0771055,PDN15
48.8083,16.598,0.0771052,PDN15
48.81,16.59,0.0771048,PDN15
48.8117,16.581,0.0771049,PDN15
48.8133,16.572,0.0771107,PDN15
48.815,16.564,0.077115,PDN15
48.8167,16.556,0.0771174,PDN15
48.8183,16.548,0.077116,PDN15
48.82,16.539,0.0771129,PDN15
48.8217,16.53,0.0771078,PDN15
48.8233,16.523,0.0771004,PDN15
48.825,16.515,0.0770962,PDN15
48.8267,16.506,0.0770967,PDN15
48.8283,16.497,0.0770999,PDN15
48.83,16.489,0.0771133,PDN15
48.8317,16.481,0.0771296,PDN15
48.8333,16.473,0.0771431,PDN15
48.835,16.464,0.0771492,PDN15
48.8367,16.456,0.0771507,PDN15
48.8383,16.448,0.0771529,PDN15
48.84,16.44,0.0771466,PDN15
48.8417,16.431,0.0771387,PDN15
48.8433,16.423,0.0771291,PDN15
48.845,16.414,0.0771187,PDN15
48.8467,16.405,0.0770987,PDN15
48.8483,16.398,0.0770857,PDN15
48.85,16.389,0.0770713,PDN15
48.8517,16.381,0.0770565,PDN15
48.8533,16.372,0.0770298,PDN15
48.855,16.364,0.0770101,PDN15
48.8567,16.356,0.0769998,PDN15
48.8583,16.348,0.0769935,PDN15
48.86,16.339,0.0769926,PDN15
48.8617,16.332,0.0769933,PDN15
48.8633,16.322,0.0769945,PDN15
48.865,16.314,0.0769934,PDN15
48.8667,16.306,0.0769899,PDN15
48.8683,16.297,0.0769868,PDN15
48.87,16.29,0.0769815,PDN15
48.8717,16.28,0.0769724,PDN15
48.8733,16.273,0.0769644,PDN15
48.875,16.264,0.0769592,PDN15
48.8767,16.256,0.0769564,PDN15
48.8783,16.246,0.0769553,PDN15
48.88,16.239,0.0769548,PDN15
48.8817,16.231,0.0769563,PDN15
48.8833,16.222,0.0769562,PDN15
48.885,16.214,0.0769561,PDN15
48.8867,16.207,0.076958,PDN15
48.8883,16.197,0.0769619,PDN15
48.89,16.189,0.0769661,PDN15
48.8917,16.18,0.0769694,PDN15
48.8933,16.172,0.0769705,PDN15
48.895,16.164,0.0769752,PDN15
48.8967,16.155,0.076977,PDN15
48.8983,16.148,0.0769742,PDN15
48.9,16.139,0.0769708,PDN15
48.9017,16.13,0.0769682,PDN15
48.9033,16.122,0.0769623,PDN15
48.905,16.114,0.076959,PDN15
48.9067,16.105,0.0769559,PDN15
48.9083,16.096,0.076951,PDN15
48.91,16.09,0.0769487,PDN15
48.9117,16.081,0.0769478,PDN15
48.9133,16.073,0.0769512,PDN15
48.915,16.065,0.0769524,PDN15
48.9167,16.056,0.0769475,PDN15
48.9183,16.048,0.0769374,PDN15
48.92,16.039,0.0769247,PDN15
48.9217,16.031,0.0769127,PDN15
48.9233,16.022,0.0769041,PDN15
48.925,16.014,0.0768923,PDN15
48.9267,16.005,0.07688,PDN15
48.9283,15.997,0.0768747,PDN15
48.93,15.989,0.0768724,PDN15
48.9317,15.98,0.076872,PDN15
48.9333,15.972,0.0768732,PDN15
48.935,15.963,0.0768705,PDN15
48.9367,15.956,0.0768639,PDN15
48.9383,15.947,0.0768576,PDN15
48.94,15.939,0.0768544,PDN15
48.9417,15.93,0.0768533,PDN15
48.9433,15.923,0.0768523,PDN15
48.945,15.915,0.0768564,PDN15
48.9467,15.906,0.076862,PDN15
48.9483,15.898,0.0768659,PDN15
48.95,15.889,0.0768657,PDN15
48.9517,15.881,0.0768682,PDN15
48.9533,15.871,0.0768664,PDN15
48.955,15.864,0.0768599,PDN15
48.9567,15.855,0.0768481,PDN15
48.9583,15.848,0.0768331,PDN15
48.96,15.839,0.0768201,PDN15
48.9617,15.831,0.0768057,PDN15
48.9633,15.823,0.0767957,PDN15
48.965,15.814,0.0767884,PDN15
48.9667,15.806,0.0767855,PDN15
48.9683,15.798,0.0767877,PDN15
48.97,15.789,0.0767913,PDN15
48.9717,15.78,0.0767944,PDN15
48.9733,15.772,0.0767998,PDN15
48.975,15.765,0.0768041,PDN15
48.9767,15.755,0.0768053,PDN15
48.9783,15.748,0.0768048,PDN15
48.98,15.739,0.0768039,PDN15
48.9817,15.731,0.0768005,PDN15
48.9833,15.723,0.076798,PDN15
48.985,15.714,0.0767977,PDN15
48.9867,15.706,0.0768001,PDN15
48.9883,15.698,0.0767975,PDN15
48.99,15.689,0.0767919,PDN15
48.9917,15.68,0.0767793,PDN15
48.9933,15.672,0.0767685,PDN15
48.995,15.664,0.0767541,PDN15
48.9967,15.656,0.0767386,PDN15
48.9983,15.648,0.0767292,PDN15
49,15.639,0.0767247,PDN15
49.0017,15.632,0.0767212,PDN15
49.0033,15.622,0.0767196,PDN15
49.005,15.614,0.0767222,PDN15
49.0067,15.606,0.0767252,PDN15
49.0083,15.597,0.0767327,PDN15
49.01,15.589,0.0767369,PDN15
49.0117,15.582,0.0767422,PDN15
49.0133,15.573,0.0767413,PDN15
49.015,15.564,0.0767373,PDN15
49.0167,15.556,0.0767324,PDN15
49.0183,15.548,0.0767278,PDN15
49.02,15.54,0.0767184,PDN15
49.0217,15.531,0.0767045,PDN15
49.0233,15.522,0.0766911,PDN15
49.025,15.516,0.0766787,PDN15
49.0267,15.506,0.0766666,PDN15
49.0283,15.497,0.0766584,PDN15
49.03,15.49,0.0766552,PDN15
49.0317,15.481,0.0766484,PDN15
49.0333,15.473,0.0766426,PDN15
49.035,15.464,0.0766375,PDN15
49.0367,15.455,0.0766336,PDN15
49.0383,15.448,0.076625,PDN15
49.04,15.441,0.0766134,PDN15
49.0417,15.431,0.0766018,PDN15
49.0433,15.424,0.0765894,PDN15
49.045,15.415,0.0765747,PDN15
49.0467,15.407,0.0765608,PDN15
49.0483,15.398,0.0765486,PDN15
49.05,15.39,0.0765364,PDN15
49.0517,15.382,0.076525,PDN15
49.0533,15.373,0.0765138,PDN15
49.055,15.365,0.076506,PDN15
49.0567,15.357,0.0764966,PDN15
49.0583,15.347,0.0764894,PDN15
49.06,15.34,0.0764813,PDN15
49.0617,15.332,0.0764743,PDN15
49.0633,15.323,0.0764671,PDN15
49.065,15.314,0.076469,PDN15
49.0667,15.307,0.0764779,PDN15
49.0683,15.298,0.0764949,PDN15
49.07,15.29,0.0765134,PDN15
49.0717,15.282,0.0765205,PDN15
49.0733,15.275,0.0765238,PDN15
49.075,15.266,0.0765245,PDN15
49.0767,15.257,0.0765209,PDN15
49.0783,15.248,0.0765131,PDN15
49.08,15.24,0.0765014,PDN15
49.0817,15.231,0.0764877,PDN15
49.0833,15.224,0.0764806,PDN15
49.085,15.215,0.0764726,PDN15
49.0867,15.207,0.0764666,PDN15
49.0883,15.198,0.0764635,PDN15
49.09,15.188,0.0764618,PDN15
49.0917,15.182,0.0764628,PDN15
49.0933,15.173,0.0764673,PDN15
49.095,15.164,0.0764716,PDN15
49.0967,15.157,0.0764732,PDN15
49.0983,15.148,0.0764709,PDN15
49.1,15.139,0.0764672,PDN15
49.1017,15.131,0.0764609,PDN15
49.1033,15.123,0.0764536,PDN15
49.105,15.115,0.0764487,PDN15
49.1067,15.107,0.0764444,PDN15
49.1083,15.098,0.0764443,PDN15
49.11,15.089,0.076448,PDN15
49.1117,15.083,0.0764553,PDN15
49.1133,15.073,0.0764627,PDN15
49.115,15.065,0.0764675,PDN15
49.1167,15.057,0.0764667,PDN15
49.1183,15.048,0.0764606,PDN15
49.12,15.04,0.0764478,PDN15
49.1217,15.032,0.0764216,PDN15
49.1233,15.024,0.0763963,PDN15
49.125,15.015,0.0763775,PDN15
49.1267,15.007,0.0763656,PDN15
49.1283,14.998,0.0763593,PDN15
49.13,14.99,0.0763562,PDN15
49.1317,14.981,0.0763516,PDN15
49.1333,14.973,0.0763496,PDN15
49.135,14.965,0.0763485,PDN15
49.1367,14.956,0.0763449,PDN15
49.1383,14.948,0.0763425,PDN15
49.14,14.941,0.0763373,PDN15
49.1417,14.932,0.0763333,PDN15
49.1433,14.923,0.0763298,PDN15
49.145,14.916,0.0763226,PDN15
49.1467,14.906,0.0763172,PDN15
49.1483,14.898,0.076315,PDN15
49.15,14.89,0.0763127,PDN15
49.1517,14.881,0.0763126,PDN15
49.1533,14.873,0.0763104,PDN15
49.155,14.865,0.076303,PDN15
49.1567,14.857,0.0763002,PDN15
49.1583,14.849,0.0762989,PDN15
49.16,14.84,0.0763017,PDN15
49.1617,14.832,0.0763081,PDN15
49.1633,14.823,0.076317,PDN15
49.165,14.816,0.0763254,PDN15
49.1667,14.807,0.0763385,PDN15
49.1683,14.798,0.0763554,PDN15
49.17,14.789,0.0763651,PDN15
49.1717,14.781,0.0763681,PDN15
49.1733,14.773,0.0763643,PDN15
49.175,14.767,0.0763526,PDN15
49.1767,14.757,0.0763226,PDN15
49.1783,14.749,0.0762881,PDN15
49.18,14.74,0.0762518,PDN15
49.1817,14.732,0.0762335,PDN15
49.1833,14.723,0.0762097,PDN15
49.185,14.715,0.0761902,PDN15
49.1867,14.707,0.0761655,PDN15
49.1883,14.698,0.0761554,PDN15
49.19,14.69,0.0761507,PDN15
49.1917,14.682,0.076151,PDN15
49.1933,14.674,0.0761568,PDN15
49.195,14.665,0.0761607,PDN15
49.1967,14.656,0.0761655,PDN15
49.1983,14.648,0.0761746,PDN15
49.2,14.64,0.0761857,PDN15
49.2017,14.632,0.0761928,PDN15
49.2033,14.623,0.0761932,PDN15
49.205,14.615,0.0761873,PDN15
49.2067,14.606,0.0761791,PDN15
49.2083,14.598,0.0761723,PDN15
49.21,14.591,0.0761652,PDN15
49.2117,14.582,0.0761577,PDN15
49.2133,14.573,0.0761496,PDN15
49.215,14.565,0.0761391,PDN15
49.2167,14.556,0.0761298,PDN15
49.2183,14.549,0.0761222,PDN15
49.22,14.54,0.0761126,PDN15
49.2217,14.533,0.0761024,PDN15
49.2233,14.524,0.0760931,PDN15
49.225,14.516,0.0760849,PDN15
49.2267,14.507,0.0760755,PDN15
49.2283,14.499,0.0760709,PDN15
49.23,14.49,0.0760678,PDN15
49.2317,14.482,0.0760661,PDN15
49.2333,14.474,0.0760662,PDN15
49.235,14.465,0.0760644,PDN15
49.2367,14.457,0.0760597,PDN15
49.2383,14.448,0.0760527,PDN15
49.24,14.44,0.0760373,PDN15
49.2417,14.432,0.0760217,PDN15
49.2433,14.423,0.0760105,PDN15
49.245,14.415,0.0759999,PDN15
49.2467,14.407,0.0759946,PDN15
49.2483,14.398,0.0759918,PDN15
49.25,14.39,0.0759945,PDN15
49.2517,14.383,0.0760005,PDN15
49.2533,14.373,0.0760046,PDN15
49.255,14.365,0.0760051,PDN15
49.2567,14.357,0.0760008,PDN15
49.2583,14.349,0.0759927,PDN15
49.26,14.34,0.0759795,PDN15
49.2617,14.332,0.0759638,PDN15
49.2633,14.322,0.0759481,PDN15
49.265,14.316,0.0759211,PDN15
49.2667,14.306,0.0759055,PDN15
49.2683,14.298,0.0758963,PDN15
49.27,14.291,0.0758891,PDN15
49.2717,14.281,0.0758829,PDN15
49.2733,14.274,0.0758799,PDN15
49.275,14.265,0.0758763,PDN15
49.2767,14.257,0.0758731,PDN15
49.2783,14.248,0.075869,PDN15
49.28,14.241,0.0758654,PDN15
49.2817,14.232,0.0758671,PDN15
49.2833,14.224,0.0758653,PDN15
49.285,14.216,0.0758684,PDN15
49.2867,14.207,0.0758718,PDN15
49.2883,14.2,0.0758782,PDN15
49.29,14.19,0.0758817,PDN15
49.2917,14.182,0.0758839,PDN15
49.2933,14.175,0.0758837,PDN15
49.295,14.165,0.0758784,PDN15
49.2967,14.158,0.0758748,PDN15
49.2983,14.149,0.0758746,PDN15
49.3,14.14,0.0758737,PDN15
49.3017,14.132,0.0758681,PDN15
49.3033,14.123,0.075868,PDN15
49.305,14.116,0.0758673,PDN15
49.3067,14.107,0.0758656,PDN15
49.3083,14.099,0.0758614,PDN15
49.31,14.091,0.0758589,PDN15
49.3117,14.082,0.0758516,PDN15
49.3133,14.075,0.0758378,PDN15
49.315,14.066,0.0758269,PDN15
49.3167,14.058,0.0758202,PDN15
49.3183,14.049,0.0758133,PDN15
49.32,14.041,0.0758064,PDN15
49.3217,14.034,0.075802,PDN15
49.3233,14.023,0.0757991,PDN15
49.325,14.016,0.0757896,PDN15
49.3267,14.008,0.0757802,PDN15
49.3283,13.998,0.0757757,PDN15
49.33,13.99,0.0757694,PDN15
49.3317,13.982,0.0757597,PDN15
49.3333,13.974,0.0757471,PDN15
49.335,13.965,0.0757347,PDN15
49.3367,13.956,0.0757243,PDN15
49.3383,13.949,0.0757155,PDN15
49.34,13.941,0.0757054,PDN15
49.3417,13.933,0.0756966,PDN15
49.3433,13.924,0.0756868,PDN15
49.345,13.915,0.0756802,PDN15
49.3467,13.907,0.0756792,PDN15
49.3483,13.9,0.0756831,PDN15
49.35,13.89,0.0756887,PDN15
49.3517,13.883,0.0756915,PDN15
49.3533,13.875,0.0756964,PDN15
49.355,13.865,0.0757015,PDN15
49.3567,13.857,0.0757063,PDN15
49.3583,13.85,0.0757065,PDN15
49.36,13.84,0.0757059,PDN15
49.3617,13.832,0.0757051,PDN15
49.3633,13.824,0.0757003,PDN15
49.365,13.816,0.0756966,PDN15
49.3667,13.807,0.0756945,PDN15
49.3683,13.799,0.0756957,PDN15
49.37,13.791,0.0756923,PDN15
49.3717,13.782,0.0756868,PDN15
49.3733,13.774,0.075677,PDN15
49.375,13.765,0.0756651,PDN15
49.3767,13.758,0.075654,PDN15
49.3783,13.749,0.0756471,PDN15
49.38,13.741,0.0756435,PDN15
49.3817,13.733,0.0756374,PDN15
49.3833,13.724,0.0756348,PDN15
49.385,13.716,0.0756342,PDN15
49.3867,13.708,0.0756319,PDN15
49.3883,13.699,0.0756263,PDN15
49.39,13.691,0.0756169,PDN15
49.3917,13.683,0.0756067,PDN15
49.3933,13.674,0.0755976,PDN15
49.395,13.666,0.075589,PDN15
49.3967,13.658,0.0755857,PDN15
49.3983,13.649,0.0755826,PDN15
49.4,13.641,0.0755801,PDN15
49.4017,13.634,0.0755791,PDN15
49.4033,13.625,0.075576,PDN15
49.405,13.617,0.0755697,PDN15
49.4067,13.608,0.0755623,PDN15
49.4083,13.599,0.0755507,PDN15
49.41,13.591,0.0755383,PDN15
49.4117,13.583,0.075525,PDN15
49.4133,13.575,0.0755131,PDN15
49.415,13.565,0.0755057,PDN15
49.4167,13.558,0.0754968,PDN15
49.4183,13.548,0.0754896,PDN15
49.42,13.541,0.0754855,PDN15
49.4217,13.531,0.0754805,PDN15
49.4233,13.523,0.0754787,PDN15
49.425,13.515,0.0754773,PDN15
49.4267,13.507,0.0754744,PDN15
49.4283,13.499,0.0754691,PDN15
49.43,13.491,0.0754621,PDN15
49.4317,13.483,0.0754564,PDN15
49.4333,13.474,0.0754527,PDN15
49.435,13.466,0.0754528,PDN15
49.4367,13.456,0.0754564,PDN15
49.4383,13.45,0.0754587,PDN15
49.44,13.44,0.0754596,PDN15
49.4417,13.432,0.0754598,PDN15
49.4433,13.424,0.0754553,PDN15
49.445,13.415,0.075446,PDN15
49.4467,13.406,0.0754339,PDN15
49.4483,13.398,0.0754224,PDN15
49.45,13.391,0.0754131,PDN15
49.4517,13.382,0.0754061,PDN15
49.4533,13.373,0.0754015,PDN15
49.455,13.366,0.075399,PDN15
49.4567,13.357,0.0753952,PDN15
49.4583,13.348,0.0753938,PDN15
49.46,13.341,0.0753912,PDN15
49.4617,13.333,0.0753887,PDN15
49.4633,13.323,0.0753845,PDN15
49.465,13.316,0.075382,PDN15
49.4667,13.307,0.0753785,PDN15
49.4683,13.299,0.0753752,PDN15
49.47,13.291,0.0753777,PDN15
49.4717,13.283,0.0753816,PDN15
49.4733,13.274,0.0753875,PDN15
49.475,13.267,0.0753873,PDN15
49.4767,13.257,0.075388,PDN15
49.4783,13.249,0.0753854,PDN15
49.48,13.241,0.0753821,PDN15
49.4817,13.233,0.0753805,PDN15
49.4833,13.224,0.0753776,PDN15
49.485,13.217,0.0753711,PDN15
49.4867,13.207,0.0753622,PDN15
49.4883,13.2,0.0753539,PDN15
49.49,13.191,0.0753454,PDN15
49.4917,13.183,0.0753421,PDN15
49.4933,13.175,0.0753384,PDN15
49.495,13.166,0.0753312,PDN15
49.4967,13.158,0.0753217,PDN15
49.4983,13.149,0.0753096,PDN15
49.5,13.141,0.0752913,PDN15
49.5017,13.132,0.0752765,PDN15
49.5033,13.124,0.0752646,PDN15
49.505,13.116,0.0752563,PDN15
49.5067,13.108,0.0752547,PDN15
49.5083,13.099,0.07526,PDN15
49.51,13.092,0.0753008,PDN15
49.5117,13.084,0.0753425,PDN15
49.5133,13.074,0.0753647,PDN15
49.515,13.066,0.0753807,PDN15
49.5167,13.058,0.0753911,PDN15
49.5183,13.049,0.0753917,PDN15
49.52,13.041,0.0753878,PDN15
49.5217,13.033,0.0753839,PDN15
49.5233,13.023,0.0753768,PDN15
49.525,13.016,0.0753634,PDN15
49.5267,13.008,0.0753509,PDN15
49.5283,13,0.0753407,PDN15
49.53,12.992,0.0753315,PDN15
49.5317,12.983,0.0753244,PDN15
49.5333,12.976,0.0753187,PDN15
49.535,12.967,0.0753131,PDN15
49.5367,12.959,0.0753037,PDN15
49.5383,12.95,0.0752958,PDN15
49.54,12.942,0.0752898,PDN15
49.5417,12.932,0.0752835,PDN15
49.5433,12.924,0.0752768,PDN15
49.545,12.917,0.0752696,PDN15
49.5467,12.908,0.0752635,PDN15
49.5483,12.9,0.075259,PDN15
49.55,12.891,0.0752573,PDN15
49.5517,12.883,0.0752571,PDN15
49.5533,12.874,0.075256,PDN15
49.555,12.866,0.0752528,PDN15
49.5567,12.859,0.075253,PDN15
49.5583,12.85,0.0752501,PDN15
49.56,12.842,0.0752433,PDN15
49.5617,12.834,0.075234,PDN15
49.5633,12.825,0.0752224,PDN15
49.565,12.817,0.0752113,PDN15
49.5667,12.808,0.0751973,PDN15
49.5683,12.799,0.0751723,PDN15
49.57,12.792,0.0751562,PDN15
49.5717,12.783,0.0751448,PDN15
49.5733,12.776,0.0751364,PDN15
49.575,12.766,0.0751294,PDN15
49.5767,12.758,0.0751271,PDN15
49.5783,12.75,0.0751287,PDN15
49.58,12.741,0.075132,PDN15
49.5817,12.734,0.075135,PDN15
49.5833,12.725,0.0751339,PDN15
49.585,12.717,0.0751302,PDN15
49.5867,12.708,0.0751247,PDN15
49.5883,12.7,0.0751169,PDN15
49.59,12.693,0.0751138,PDN15
49.5917,12.684,0.0751101,PDN15
49.5933,12.675,0.075103,PDN15
49.595,12.667,0.0750951,PDN15
49.5967,12.659,0.0750886,PDN15
49.5983,12.65,0.0750826,PDN15
49.6,12.642,0.0750841,PDN15
49.6017,12.633,0.0750827,PDN15
49.6033,12.624,0.0750787,PDN15
49.605,12.617,0.0750747,PDN15
49.6067,12.608,0.0750717,PDN15
49.6083,12.6,0.0750736,PDN15
49.61,12.592,0.0750758,PDN15
49.6117,12.584,0.0750782,PDN15
49.6133,12.576,0.0750824,PDN15
49.615,12.567,0.0750851,PDN15
49.6167,12.559,0.0750831,PDN15
49.6183,12.551,0.0750787,PDN15
49.62,12.542,0.0750719,PDN15
49.6217,12.534,0.0750633,PDN15
49.6233,12.525,0.0750501,PDN15
49.625,12.517,0.0750389,PDN15
49.6267,12.509,0.0750305,PDN15
49.6283,12.5,0.0750214,PDN15
49.63,12.492,0.0750151,PDN15
49.6317,12.484,0.0750114,PDN15
49.6333,12.475,0.0750093,PDN15
49.635,12.467,0.0750081,PDN15
49.6367,12.458,0.0750048,PDN15
49.6383,12.45,0.0750001,PDN15
49.64,12.442,0.0749944,PDN15
49.6417,12.433,0.0749907,PDN15
49.6433,12.425,0.0749909,PDN15
49.645,12.418,0.0749856,PDN15
49.6467,12.409,0.0749797,PDN15
49.6483,12.4,0.074975,PDN15
49.65,12.393,0.0749679,PDN15
49.6517,12.384,0.0749589,PDN15
49.6533,12.375,0.0749476,PDN15
49.655,12.367,0.0749397,PDN15
49.6567,12.358,0.0749314,PDN15
49.6583,12.351,0.0749243,PDN15
49.66,12.343,0.0749183,PDN15
49.6617,12.334,0.0749119,PDN15
49.6633,12.326,0.0749046,PDN15
49.665,12.318,0.0748985,PDN15
49.6667,12.31,0.0748946,PDN15
49.6683,12.299,0.0748929,PDN15
49.67,12.292,0.0748922,PDN15
49.6717,12.283,0.07489,PDN15
49.6733,12.276,0.0748927,PDN15
49.675,12.267,0.074897,PDN15
49.6767,12.26,0.0749127,PDN15
49.6783,12.251,0.0749311,PDN15
49.68,12.242,0.0749403,PDN15
49.6817,12.234,0.0749461,PDN15
49.6833,12.226,0.0749488,PDN15
49.685,12.217,0.0749473,PDN15
49.6867,12.209,0.0749417,PDN15
49.6883,12.201,0.0749345,PDN15
49.69,12.192,0.0749268,PDN15
49.6917,12.184,0.0749135,PDN15
49.6933,12.176,0.0748848,PDN15
49.695,12.167,0.0748705,PDN15
49.6967,12.16,0.0748619,PDN15
49.6983,12.151,0.0748576,PDN15
49.7,12.142,0.0748574,PDN15
49.7017,12.134,0.0748581,PDN15
49.7033,12.125,0.0748555,PDN15
49.705,12.117,0.0748549,PDN15
49.7067,12.109,0.0748556,PDN15
49.7083,12.1,0.0748552,PDN15
49.71,12.092,0.0748528,PDN15
49.7117,12.083,0.0748525,PDN15
49.7133,12.076,0.074852,PDN15
49.715,12.067,0.0748544,PDN15
49.7167,12.059,0.0748534,PDN15
49.7183,12.051,0.0748548,PDN15
49.72,12.042,0.0748546,PDN15
49.7217,12.034,0.0748522,PDN15
49.7233,12.026,0.0748559,PDN15
49.725,12.017,0.0748577,PDN15
49.7267,12.009,0.0748582,PDN15
49.7283,12,0.0748564,PDN15
49.73,11.992,0.0748556,PDN15
49.7317,11.984,0.0748632,PDN15
49.7333,11.975,0.0748675,PDN15
49.735,11.968,0.0748664,PDN15
49.7367,11.959,0.0748677,PDN15
49.7383,11.952,0.0748659,PDN15
49.74,11.943,0.0748612,PDN15
49.7417,11.934,0.0748543,PDN15
49.7433,11.926,0.074843,PDN15
49.745,11.917,0.0748172,PDN15
49.7467,11.909,0.0748045,PDN15
49.7483,11.901,0.074795,PDN15
49.75,11.892,0.0747922,PDN15
49.7517,11.884,0.0747923,PDN15
49.7533,11.876,0.0747989,PDN15
49.755,11.866,0.0748151,PDN15
49.7567,11.86,0.0748235,PDN15
49.7583,11.85,0.0748311,PDN15
49.76,11.843,0.0748316,PDN15
49.7617,11.835,0.074822,PDN15
49.7633,11.825,0.0748015,PDN15
49.765,11.816,0.0747628,PDN15
49.7667,11.809,0.0747225,PDN15
49.7683,11.8,0.074709,PDN15
49.77,11.792,0.0746952,PDN15
49.7717,11.783,0.0746845,PDN15
49.7733,11.776,0.0746789,PDN15
49.775,11.767,0.0746716,PDN15
49.7767,11.759,0.0746693,PDN15
49.7783,11.752,0.0746683,PDN15
49.78,11.743,0.0746671,PDN15
49.7817,11.734,0.0746713,PDN15
49.7833,11.725,0.0746788,PDN15
49.785,11.717,0.0746868,PDN15
49.7867,11.709,0.0747024,PDN15
49.7883,11.701,0.074722,PDN15
49.79,11.693,0.0747307,PDN15
49.7917,11.684,0.0747322,PDN15
49.7933,11.676,0.0747283,PDN15
49.795,11.668,0.074726,PDN15
49.7967,11.659,0.0747174,PDN15
49.7983,11.651,0.0747037,PDN15
49.8,11.642,0.0746943,PDN15
49.8017,11.635,0.0746876,PDN15
49.8033,11.625,0.0746832,PDN15
49.805,11.618,0.0746801,PDN15
49.8067,11.61,0.0746814,PDN15
49.8083,11.601,0.0746855,PDN15
49.81,11.593,0.0746839,PDN15
49.8117,11.586,0.0746829,PDN15
49.8133,11.577,0.0746841,PDN15
49.815,11.568,0.0746857,PDN15
49.8167,11.559,0.0746845,PDN15
49.8183,11.551,0.0746797,PDN15
49.82,11.543,0.074674,PDN15
49.8217,11.535,0.0746697,PDN15
49.8233,11.526,0.074663,PDN15
49.825,11.518,0.0746588,PDN15
49.8267,11.51,0.0746549,PDN15
49.8283,11.501,0.0746499,PDN15
49.83,11.492,0.0746436,PDN15
49.8317,11.485,0.0746383,PDN15
49.8333,11.476,0.0746337,PDN15
49.835,11.467,0.0746267,PDN15
49.8367,11.459,0.0746162,PDN15
49.8383,11.451,0.0746053,PDN15
49.84,11.443,0.0745955,PDN15
49.8417,11.434,0.0745856,PDN15
49.8433,11.427,0.0745795,PDN15
49.845,11.418,0.074576,PDN15
49.8467,11.409,0.0745722,PDN15
49.8483,11.401,0.0745711,PDN15
49.85,11.393,0.0745726,PDN15
49.8517,11.383,0.0745719,PDN15
49.8533,11.376,0.0745709,PDN15
49.855,11.368,0.0745709,PDN15
49.8567,11.36,0.0745688,PDN15
49.8583,11.352,0.0745677,PDN15
49.86,11.343,0.0745672,PDN15
49.8617,11.334,0.0745689,PDN15
49.8633,11.326,0.0745697,PDN15
49.865,11.318,0.0745692,PDN15
49.8667,11.309,0.0745679,PDN15
49.8683,11.3,0.0745691,PDN15
49.87,11.292,0.0745694,PDN15
49.8717,11.284,0.0745728,PDN15
49.8733,11.276,0.0745787,PDN15
49.875,11.268,0.0745799,PDN15
49.8767,11.26,0.0745798,PDN15
49.8783,11.25,0.0745798,PDN15
49.88,11.242,0.0745792,PDN15
49.8817,11.235,0.0745752,PDN15
49.8833,11.226,0.0745721,PDN15
49.885,11.217,0.0745671,PDN15
49.8867,11.208,0.0745659,PDN15
49.8883,11.2,0.0745612,PDN15
49.89,11.192,0.0745594,PDN15
49.8917,11.185,0.0745617,PDN15
49.8933,11.176,0.0745643,PDN15
49.895,11.168,0.0745678,PDN15
49.8967,11.159,0.0745727,PDN15
49.8983,11.152,0.074582,PDN15
49.9,11.143,0.0745887,PDN15
49.9017,11.134,0.0745944,PDN15
49.9033,11.127,0.0745915,PDN15
49.905,11.118,0.0745852,PDN15
49.9067,11.109,0.0745754,PDN15
49.9083,11.1,0.074565,PDN15
49.91,11.093,0.0745567,PDN15
49.9117,11.084,0.0745478,PDN15
49.9133,11.076,0.0745396,PDN15
49.915,11.067,0.0745349,PDN15
49.9167,11.059,0.0745355,PDN15
49.9183,11.05,0.0745313,PDN15
49.92,11.043,0.0745274,PDN15
49.9217,11.035,0.0745178,PDN15
49.9233,11.024,0.0745059,PDN15
49.925,11.017,0.0744933,PDN15
49.9267,11.009,0.0744803,PDN15
49.9283,11.001,0.0744719,PDN15
49.93,10.993,0.0744676,PDN15
49.9317,10.984,0.0744685,PDN15
49.9333,10.978,0.0744713,PDN15
49.935,10.969,0.074479,PDN15
49.9367,10.959,0.0744851,PDN15
49.9383,10.951,0.0744889,PDN15
49.94,10.942,0.0744917,PDN15
49.9417,10.935,0.0744916,PDN15
49.9433,10.926,0.0744947,PDN15
49.945,10.919,0.0744943,PDN15
49.9467,10.91,0.0744909,PDN15
49.9483,10.9,0.0744813,PDN15
49.95,10.893,0.0744755,PDN15
49.9517,10.885,0.0744674,PDN15
49.9533,10.875,0.0744621,PDN15
49.955,10.867,0.0744594,PDN15
49.9567,10.86,0.0744547,PDN15
49.9583,10.851,0.0744499,PDN15
49.96,10.843,0.0744488,PDN15
49.9617,10.835,0.0744471,PDN15
49.9633,10.827,0.0744414,PDN15
49.965,10.818,0.0744346,PDN15
49.9667,10.81,0.074425,PDN15
49.9683,10.802,0.0744169,PDN15
49.97,10.793,0.0744054,PDN15
49.9717,10.785,0.0743954,PDN15
49.9733,10.776,0.0743871,PDN15
49.975,10.768,0.0743772,PDN15
49.9767,10.76,0.0743669,PDN15
49.9783,10.752,0.074356,PDN15
49.98,10.743,0.0743522,PDN15
49.9817,10.735,0.0743515,PDN15
49.9833,10.727,0.0743527,PDN15
49.985,10.719,0.0743536,PDN15
49.9867,10.711,0.074353,PDN15
49.9883,10.701,0.074352,PDN15
49.99,10.693,0.0743519,PDN15
49.9917,10.685,0.0743463,PDN15
49.9933,10.678,0.0743386,PDN15
49.995,10.668,0.0743303,PDN15
49.9967,10.661,0.0743166,PDN15
49.9983,10.651,0.0743032,PDN15
50,10.643,0.0742909,PDN15
50.0017,10.636,0.0742818,PDN15
50.0033,10.626,0.0742731,PDN15
50.005,10.618,0.0742652,PDN15
50.0067,10.609,0.0742587,PDN15
50.0083,10.601,0.0742515,PDN15
50.01,10.593,0.0742428,PDN15
50.0117,10.585,0.0742363,PDN15
50.0133,10.577,0.0742318,PDN15
50.015,10.569,0.0742305,PDN15
50.0167,10.56,0.0742291,PDN15
50.0183,10.552,0.0742216,PDN15
50.02,10.543,0.0742175,PDN15
50.0217,10.536,0.0742132,PDN15
50.0233,10.527,0.0742106,PDN15
50.025,10.518,0.0742086,PDN15
50.0267,10.511,0.0742057,PDN15
50.0283,10.502,0.0742,PDN15
50.03,10.494,0.0741991,PDN15
50.0317,10.485,0.0741992,PDN15
50.0333,10.476,0.0741967,PDN15
50.035,10.468,0.0741939,PDN15
50.0367,10.46,0.0741884,PDN15
50.0383,10.453,0.0741818,PDN15
50.04,10.443,0.0741731,PDN15
50.0417,10.436,0.0741618,PDN15
50.0433,10.427,0.0741526,PDN15
50.045,10.419,0.0741433,PDN15
50.0467,10.41,0.074136,PDN15
50.0483,10.402,0.0741342,PDN15
50.05,10.393,0.0741361,PDN15
50.0517,10.385,0.0741345,PDN15
50.0533,10.377,0.0741305,PDN15
50.055,10.368,0.0741216,PDN15
50.0567,10.359,0.0741119,PDN15
50.0583,10.352,0.0741038,PDN15
50.06,10.343,0.0740965,PDN15
50.0617,10.335,0.0740917,PDN15
50.0633,10.327,0.0740908,PDN15
50.065,10.318,0.0740889,PDN15
50.0667,10.31,0.0740823,PDN15
50.0683,10.302,0.0740771,PDN15
50.07,10.294,0.074074,PDN15
50.0717,10.286,0.0740681,PDN15
50.0733,10.276,0.0740614,PDN15
50.075,10.268,0.0740524,PDN15
50.0767,10.26,0.0740453,PDN15
50.0783,10.251,0.0740439,PDN15
50.08,10.243,0.0740444,PDN15
50.0817,10.235,0.0740491,PDN15
50.0833,10.226,0.0740558,PDN15
50.085,10.218,0.0740576,PDN15
50.0867,10.21,0.0740598,PDN15
50.0883,10.201,0.0740628,PDN15
50.09,10.193,0.0740641,PDN15
50.0917,10.184,0.0740688,PDN15
50.0933,10.177,0.0740728,PDN15
50.095,10.169,0.0740755,PDN15
50.0967,10.16,0.074078,PDN15
50.0983,10.152,0.0740751,PDN15
50.1,10.144,0.0740711,PDN15
50.1017,10.136,0.0740653,PDN15
50.1033,10.127,0.0740569,PDN15
50.105,10.118,0.0740512,PDN15
50.1067,10.11,0.0740477,PDN15
50.1083,10.102,0.0740456,PDN15
50.11,10.094,0.0740483,PDN15
50.1117,10.086,0.074054,PDN15
50.1133,10.077,0.0740636,PDN15
50.115,10.069,0.0740703,PDN15
50.1167,10.06,0.0740763,PDN15
50.1183,10.052,0.074079,PDN15
50.12,10.043,0.0740796,PDN15
50.1217,10.035,0.0740745,PDN15
50.1233,10.027,0.074066,PDN15
50.125,10.018,0.0740572,PDN15
50.1267,10.011,0.0740481,PDN15
50.1283,10.002,0.0740398,PDN15
50.13,9.993,0.0740298,PDN15
50.1317,9.986,0.0740199,PDN15
50.1333,9.977,0.0740088,PDN15
50.135,9.969,0.0740005,PDN15
50.1367,9.961,0.0739934,PDN15
50.1383,9.952,0.0739906,PDN15
50.14,9.944,0.0739877,PDN15
50.1417,9.936,0.0739855,PDN15
50.1433,9.927,0.0739844,PDN15
50.145,9.918,0.0739844,PDN15
50.1467,9.91,0.0739864,PDN15
50.1483,9.902,0.073987,PDN15
50.15,9.894,0.0739856,PDN15
50.1517,9.886,0.073986,PDN15
50.1533,9.876,0.0739882,PDN15
50.155,9.869,0.0739888,PDN15
50.1567,9.861,0.0739848,PDN15
50.1583,9.852,0.0739664,PDN15
50.16,9.844,0.0739514,PDN15
50.1617,9.836,0.0739329,PDN15
50.1633,9.827,0.0739196,PDN15
50.165,9.819,0.0739117,PDN15
50.1667,9.811,0.0739074,PDN15
50.1683,9.801,0.0739068,PDN15
50.17,9.794,0.0739076,PDN15
50.1717,9.787,0.0739124,PDN15
50.1733,9.777,0.0739196,PDN15
50.175,9.769,0.0739244,PDN15
50.1767,9.761,0.0739215,PDN15
50.1783,9.752,0.0739177,PDN15
50.18,9.743,0.0739131,PDN15
50.1817,9.736,0.0739066,PDN15
50.1833,9.727,0.0738989,PDN15
50.185,9.719,0.0738925,PDN15
50.1867,9.711,0.0738879,PDN15
50.1883,9.702,0.0738815,PDN15
50.19,9.694,0.0738732,PDN15
50.1917,9.685,0.0738671,PDN15
50.1933,9.678,0.0738608,PDN15
50.195,9.669,0.0738551,PDN15
50.1967,9.661,0.0738478,PDN15
50.1983,9.652,0.0738419,PDN15
50.2,9.644,0.0738367,PDN15
50.2017,9.635,0.0738295,PDN15
50.2033,9.627,0.0738223,PDN15
50.205,9.619,0.0738182,PDN15
50.2067,9.611,0.0738123,PDN15
50.2083,9.603,0.0738031,PDN15
50.21,9.595,0.0737954,PDN15
50.2117,9.588,0.0737908,PDN15
50.2133,9.578,0.0737867,PDN15
50.215,9.57,0.0737813,PDN15
50.2167,9.561,0.0737768,PDN15
50.2183,9.552,0.0737685,PDN15
50.22,9.544,0.0737559,PDN15
50.2217,9.536,0.07374,PDN15
50.2233,9.527,0.0737276,PDN15
50.225,9.519,0.0737145,PDN15
50.2267,9.511,0.0737042,PDN15
50.2283,9.503,0.0737005,PDN15
50.23,9.495,0.0737,PDN15
50.2317,9.486,0.0737028,PDN15
50.2333,9.478,0.0737071,PDN15
50.235,9.47,0.0737146,PDN15
50.2367,9.461,0.0737378,PDN15
50.2383,9.453,0.0737616,PDN15
50.24,9.445,0.0737795,PDN15
50.2417,9.436,0.0737888,PDN15
50.2433,9.428,0.0737909,PDN15
50.245,9.42,0.0737924,PDN15
50.2467,9.412,0.0737892,PDN15
50.2483,9.402,0.0737857,PDN15
50.25,9.396,0.0737787,PDN15
50.2517,9.387,0.0737659,PDN15
50.2533,9.379,0.0737532,PDN15
50.255,9.37,0.0737454,PDN15
50.2567,9.362,0.0737419,PDN15
50.2583,9.353,0.0737385,PDN15
50.26,9.345,0.0737371,PDN15
50.2617,9.337,0.0737374,PDN15
50.2633,9.329,0.0737389,PDN15
50.265,9.32,0.0737363,PDN15
50.2667,9.311,0.0737311,PDN15
50.2683,9.303,0.0737217,PDN15
50.27,9.295,0.07371,PDN15
50.2717,9.286,0.0736973,PDN15
50.2733,9.278,0.0736879,PDN15
50.275,9.27,0.073682,PDN15
50.2767,9.261,0.0736724,PDN15
50.2783,9.253,0.0736616,PDN15
50.28,9.246,0.0736477,PDN15
50.2817,9.236,0.0736396,PDN15
50.2833,9.228,0.0736303,PDN15
50.285,9.22,0.0736185,PDN15
50.2867,9.212,0.0736079,PDN15
50.2883,9.204,0.0736013,PDN15
50.29,9.195,0.0735982,PDN15
50.2917,9.186,0.0735982,PDN15
50.2933,9.179,0.0735966,PDN15
50.295,9.17,0.0735945,PDN15
50.2967,9.162,0.0735935,PDN15
50.2983,9.153,0.0735912,PDN15
50.3,9.145,0.0735933,PDN15
50.3017,9.137,0.073593,PDN15
50.3033,9.129,0.0735922,PDN15
50.305,9.12,0.0735904,PDN15
50.3067,9.112,0.0735887,PDN15
50.3083,9.104,0.073589,PDN15
50.31,9.096,0.0735878,PDN15
50.3117,9.088,0.0735826,PDN15
50.3133,9.079,0.0735748,PDN15
50.315,9.07,0.0735666,PDN15
50.3167,9.063,0.0735578,PDN15
50.3183,9.054,0.07355,PDN15
50.32,9.045,0.0735402,PDN15
50.3217,9.036,0.0735324,PDN15
50.3233,9.029,0.0735258,PDN15
50.325,9.02,0.0735219,PDN15
50.3267,9.012,0.0735195,PDN15
50.3283,9.003,0.073515,PDN15
50.33,8.995,0.0735076,PDN15
50.3317,8.986,0.0735033,PDN15
50.3333,8.979,0.0734971,PDN15
50.335,8.969,0.0734917,PDN15
50.3367,8.961,0.0734835,PDN15
50.3383,8.953,0.0734687,PDN15
50.34,8.945,0.0734535,PDN15
50.3417,8.937,0.0734383,PDN15
50.3433,8.929,0.073429,PDN15
50.345,8.92,0.0734209,PDN15
50.3467,8.911,0.0734117,PDN15
50.3483,8.903,0.0734036,PDN15
50.35,8.895,0.0734024,PDN15
50.3517,8.887,0.0734056,PDN15
50.3533,8.878,0.0734145,PDN15
50.355,8.869,0.0734181,PDN15
50.3567,8.861,0.0734204,PDN15
50.3583,8.853,0.0734202,PDN15
50.36,8.846,0.0734193,PDN15
50.3617,8.837,0.0734188,PDN15
50.3633,8.827,0.0734184,PDN15
50.365,8.821,0.0734153,PDN15
50.3667,8.81,0.0734089,PDN15
50.3683,8.804,0.0734059,PDN15
50.37,8.795,0.0734,PDN15
50.3717,8.787,0.0733938,PDN15
50.3733,8.778,0.0733865,PDN15
50.375,8.77,0.073381,PDN15
50.3767,8.761,0.0733758,PDN15
50.3783,8.754,0.0733717,PDN15
50.38,8.745,0.0733661,PDN15
50.3817,8.737,0.0733577,PDN15
50.3833,8.73,0.0733515,PDN15
50.385,8.721,0.0733423,PDN15
50.3867,8.712,0.0733391,PDN15
50.3883,8.705,0.0733352,PDN15
50.39,8.694,0.0733333,PDN15
50.3917,8.687,0.0733352,PDN15
50.3933,8.679,0.0733404,PDN15
50.395,8.67,0.0733465,PDN15
50.3967,8.663,0.0733516,PDN15
50.3983,8.655,0.0733497,PDN15
50.4,8.646,0.0733431,PDN15
50.4017,8.637,0.0733357,PDN15
50.4033,8.629,0.0733149,PDN15
50.405,8.621,0.0732772,PDN15
50.4067,8.612,0.0732514,PDN15
50.4083,8.603,0.0732375,PDN15
50.41,8.595,0.0732242,PDN15
50.4117,8.588,0.0732166,PDN15
50.4133,8.58,0.0732127,PDN15
50.415,8.571,0.0732125,PDN15
50.4167,8.562,0.0732119,PDN15
50.4183,8.554,0.0732099,PDN15
50.42,8.544,0.0732086,PDN15
50.4217,8.536,0.0732058,PDN15
50.4233,8.529,0.0732053,PDN15
50.425,8.52,0.0732067,PDN15
50.4267,8.511,0.0732066,PDN15
50.4283,8.502,0.0732028,PDN15
50.43,8.495,0.0732008,PDN15
50.4317,8.487,0.0732006,PDN15
50.4333,8.478,0.0731995,PDN15
50.435,8.47,0.0731976,PDN15
50.4367,8.462,0.0731984,PDN15
50.4383,8.454,0.0731979,PDN15
50.44,8.444,0.0731913,PDN15
50.4417,8.437,0.0731906,PDN15
50.4433,8.429,0.0731927,PDN15
50.445,8.421,0.0731909,PDN15
50.4467,8.412,0.073183,PDN15
50.4483,8.404,0.0731773,PDN15
50.45,8.396,0.0731704,PDN15
50.4517,8.387,0.0731633,PDN15
50.4533,8.379,0.0731577,PDN15
50.455,8.371,0.0731538,PDN15
50.4567,8.361,0.0731501,PDN15
50.4583,8.353,0.073141,PDN15
50.46,8.345,0.0731337,PDN15
50.4617,8.337,0.073127,PDN15
50.4633,8.327,0.0731161,PDN15
50.465,8.32,0.0730925,PDN15
50.4667,8.311,0.0730752,PDN15
50.4683,8.302,0.0730597,PDN15
50.47,8.296,0.0730477,PDN15
50.4717,8.286,0.0730372,PDN15
50.4733,8.278,0.073027,PDN15
50.475,8.269,0.0730104,PDN15
50.4767,8.261,0.0729968,PDN15
50.4783,8.254,0.072986,PDN15
50.48,8.245,0.072981,PDN15
50.4817,8.236,0.072983,PDN15
50.4833,8.229,0.072987,PDN15
50.485,8.221,0.0729963,PDN15
50.4867,8.211,0.0730546,PDN15
50.4883,8.204,0.073102,PDN15
50.49,8.196,0.0731518,PDN15
50.4917,8.186,0.0731855,PDN15
50.4933,8.178,0.0731917,PDN15
50.495,8.17,0.0731951,PDN15
50.4967,8.161,0.0731944,PDN15
50.4983,8.153,0.0731921,PDN15
50.5,8.146,0.0731871,PDN15
50.5017,8.137,0.073176,PDN15
50.5033,8.129,0.0731549,PDN15
50.505,8.12,0.0731421,PDN15
50.5067,8.112,0.0731282,PDN15
50.5083,8.104,0.0731163,PDN15
50.51,8.095,0.0731041,PDN15
50.5117,8.087,0.0730921,PDN15
50.5133,8.078,0.0730842,PDN15
50.515,8.069,0.0730811,PDN15
50.5167,8.062,0.0730835,PDN15
50.5183,8.053,0.0730941,PDN15
50.52,8.045,0.0731058,PDN15
50.5217,8.037,0.0731135,PDN15
50.5233,8.028,0.0731185,PDN15
50.525,8.02,0.0731191,PDN15
50.5267,8.012,0.0731217,PDN15
50.5283,8.004,0.0731209,PDN15
50.53,7.994,0.0731131,PDN15
50.5317,7.987,0.0731016,PDN15
50.5333,7.978,0.0730894,PDN15
50.535,7.97,0.0730766,PDN15
50.5367,7.961,0.0730666,PDN15
50.5383,7.954,0.0730597,PDN15
50.54,7.945,0.073058,PDN15
50.5417,7.937,0.0730581,PDN15
50.5433,7.929,0.0730558,PDN15
50.545,7.921,0.0730574,PDN15
50.5467,7.912,0.0730611,PDN15
50.5483,7.903,0.0730619,PDN15
50.55,7.895,0.0730622,PDN15
50.5517,7.887,0.0730584,PDN15
50.5533,7.878,0.0730533,PDN15
50.555,7.87,0.0730479,PDN15
50.5567,7.861,0.0730433,PDN15
50.5583,7.854,0.0730413,PDN15
50.56,7.845,0.0730381,PDN15
50.5617,7.835,0.0730349,PDN15
50.5633,7.829,0.073034,PDN15
50.565,7.82,0.0730322,PDN15
50.5667,7.812,0.0730277,PDN15
50.5683,7.803,0.0730229,PDN15
50.57,7.794,0.0730149,PDN15
50.5717,7.787,0.0730064,PDN15
50.5733,7.779,0.0730008,PDN15
50.575,7.771,0.0729995,PDN15
50.5767,7.762,0.0729987,PDN15
50.5783,7.753,0.0729949,PDN15
50.58,7.745,0.0729917,PDN15
50.5817,7.738,0.0729867,PDN15
50.5833,7.729,0.0729835,PDN15
50.585,7.72,0.0729762,PDN15
50.5867,7.712,0.0729716,PDN15
50.5883,7.704,0.0729667,PDN15
50.59,7.694,0.0729629,PDN15
50.5917,7.687,0.0729666,PDN15
50.5933,7.679,0.0729727,PDN15
50.595,7.671,0.0729773,PDN15
50.5967,7.661,0.072979,PDN15
50.5983,7.653,0.0729773,PDN15
50.6,7.645,0.0729769,PDN15
50.6017,7.637,0.0729775,PDN15
50.6033,7.629,0.0729763,PDN15
50.605,7.619,0.072975,PDN15
50.6067,7.612,0.0729699,PDN15
50.6083,7.604,0.0729668,PDN15
50.61,7.595,0.0729665,PDN15
50.6117,7.587,0.0729651,PDN15
50.6133,7.578,0.0729668,PDN15
50.615,7.57,0.0729678,PDN15
50.6167,7.562,0.0729671,PDN15
50.6183,7.554,0.0729657,PDN15
50.62,7.546,0.0729605,PDN15
50.6217,7.538,0.0729582,PDN15
50.6233,7.53,0.0729495,PDN15
50.625,7.521,0.0729261,PDN15
50.6267,7.513,0.0728962,PDN15
50.6283,7.504,0.0728782,PDN15
50.63,7.495,0.0728542,PDN15
50.6317,7.487,0.072839,PDN15
50.6333,7.479,0.0728254,PDN15
50.635,7.471,0.0728124,PDN15
50.6367,7.463,0.0728001,PDN15
50.6383,7.454,0.0727872,PDN15
50.64,7.445,0.0727781,PDN15
50.6417,7.437,0.0727725,PDN15
50.6433,7.429,0.0727644,PDN15
50.645,7.42,0.0727566,PDN15
50.6467,7.412,0.0727524,PDN15
50.6483,7.403,0.0727485,PDN15
50.65,7.396,0.0727467,PDN15
50.6517,7.387,0.072747,PDN15
50.6533,7.379,0.0727458,PDN15
50.655,7.371,0.0727456,PDN15
50.6567,7.363,0.072743,PDN15
50.6583,7.354,0.0727394,PDN15
50.66,7.345,0.0727405,PDN15
50.6617,7.338,0.0727398,PDN15
50.6633,7.328,0.0727386,PDN15
50.665,7.32,0.0727332,PDN15
50.6667,7.313,0.0727243,PDN15
50.6683,7.305,0.0727167,PDN15
50.67,7.295,0.0727106,PDN15
50.6717,7.287,0.0727043,PDN15
50.6733,7.279,0.0727001,PDN15
50.675,7.27,0.0726957,PDN15
50.6767,7.263,0.0726902,PDN15
50.6783,7.254,0.0726835,PDN15
50.68,7.246,0.0726737,PDN15
50.6817,7.237,0.0726662,PDN15
50.6833,7.23,0.0726593,PDN15
50.685,7.221,0.0726521,PDN15
50.6867,7.213,0.0726446,PDN15
50.6883,7.204,0.0726365,PDN15
50.69,7.196,0.0726284,PDN15
50.6917,7.187,0.072621,PDN15
50.6933,7.179,0.0726161,PDN15
50.695,7.17,0.0726112,PDN15
50.6967,7.162,0.0726015,PDN15
50.6983,7.154,0.0725901,PDN15
50.7,7.145,0.0725815,PDN15
50.7017,7.138,0.0725784,PDN15
50.7033,7.129,0.0725734,PDN15
50.705,7.12,0.0725708,PDN15
50.7067,7.113,0.0725675,PDN15
50.7083,7.105,0.0725654,PDN15
50.71,7.096,0.0725644,PDN15
50.7117,7.088,0.0725641,PDN15
50.7133,7.079,0.0725605,PDN15
50.715,7.071,0.0725524,PDN15
50.7167,7.063,0.0725418,PDN15
50.7183,7.055,0.0725323,PDN15
50.72,7.046,0.0725249,PDN15
50.7217,7.038,0.0725203,PDN15
50.7233,7.03,0.072518,PDN15
50.725,7.021,0.0725163,PDN15
50.7267,7.012,0.0725179,PDN15
50.7283,7.004,0.0725199,PDN15
50.73,6.995,0.0725252,PDN15
50.7317,6.988,0.0725365,PDN15
50.7333,6.98,0.0725447,PDN15
50.735,6.971,0.0725474,PDN15
50.7367,6.963,0.0725467,PDN15
50.7383,6.954,0.0725486,PDN15
50.74,6.947,0.0725493,PDN15
50.7417,6.938,0.0725465,PDN15
50.7433,6.929,0.0725373,PDN15
50.745,6.921,0.072525,PDN15
50.7467,6.913,0.0724922,PDN15
50.7483,6.903,0.0724114,PDN15
50.75,6.896,0.0723393,PDN15
50.7517,6.888,0.0723125,PDN15
50.7533,6.879,0.0722982,PDN15
50.755,6.871,0.0722843,PDN15
50.7567,6.862,0.0722762,PDN15
50.7583,6.855,0.0722765,PDN15
50.76,6.846,0.0722809,PDN15
50.7617,6.839,0.0722814,PDN15
50.7633,6.83,0.072284,PDN15
50.765,6.821,0.0722862,PDN15
50.7667,6.813,0.0722822,PDN15
50.7683,6.804,0.0722762,PDN15
50.77,6.796,0.0722703,PDN15
50.7717,6.788,0.0722654,PDN15
50.7733,6.779,0.072259,PDN15
50.775,6.771,0.0722512,PDN15
50.7767,6.764,0.0722454,PDN15
50.7783,6.755,0.07224,PDN15
50.78,6.746,0.0722299,PDN15
50.7817,6.738,0.072221,PDN15
50.7833,6.729,0.0722132,PDN15
50.785,6.722,0.072202,PDN15
50.7867,6.713,0.072195,PDN15
50.7883,6.704,0.0721898,PDN15
50.79,6.696,0.0721882,PDN15
50.7917,6.688,0.0721906,PDN15
50.7933,6.679,0.0721943,PDN15
50.795,6.671,0.0721975,PDN15
50.7967,6.663,0.072202,PDN15
50.7983,6.654,0.07221,PDN15
50.8,6.645,0.0722282,PDN15
50.8017,6.638,0.072242,PDN15
50.8033,6.629,0.072249,PDN15
50.805,6.62,0.0722489,PDN15
50.8067,6.613,0.0722395,PDN15
50.8083,6.604,0.0722268,PDN15
50.81,6.595,0.0722147,PDN15
50.8117,6.589,0.0722044,PDN15
50.8133,6.58,0.0721946,PDN15
50.815,6.571,0.0721868,PDN15
50.8167,6.563,0.0721854,PDN15
50.8183,6.554,0.072186,PDN15
50.82,6.546,0.0721861,PDN15
50.8217,6.537,0.0721887,PDN15
50.8233,6.528,0.0721888,PDN15
50.825,6.519,0.0721861,PDN15
50.8267,6.512,0.0721826,PDN15
50.8283,6.504,0.0721764,PDN15
50.83,6.495,0.0721709,PDN15
50.8317,6.487,0.0721642,PDN15
50.8333,6.479,0.0721593,PDN15
50.835,6.471,0.0721579,PDN15
50.8367,6.462,0.072161,PDN15
50.8383,6.455,0.0721663,PDN15
50.84,6.445,0.0721708,PDN15
50.8417,6.438,0.0721712,PDN15
50.8433,6.43,0.0721741,PDN15
50.845,6.421,0.0721782,PDN15
50.8467,6.412,0.0721813,PDN15
50.8483,6.404,0.0721834,PDN15
50.85,6.395,0.0721784,PDN15
50.8517,6.387,0.0721707,PDN15
50.8533,6.38,0.0721619,PDN15
50.855,6.372,0.0721562,PDN15
50.8567,6.363,0.0721541,PDN15
50.8583,6.354,0.0721506,PDN15
50.86,6.346,0.0721466,PDN15
50.8617,6.338,0.072141,PDN15
50.8633,6.33,0.072135,PDN15
50.865,6.321,0.0721268,PDN15
50.8667,6.312,0.0721173,PDN15
50.8683,6.304,0.0721064,PDN15
50.87,6.296,0.0720993,PDN15
50.8717,6.287,0.072094,PDN15
50.8733,6.28,0.0720918,PDN15
50.875,6.271,0.0720904,PDN15
50.8767,6.263,0.0720862,PDN15
50.8783,6.255,0.0720808,PDN15
50.88,6.246,0.0720775,PDN15
50.8817,6.238,0.0720731,PDN15
50.8833,6.229,0.072067,PDN15
50.885,6.222,0.0720582,PDN15
50.8867,6.212,0.0720544,PDN15
50.8883,6.204,0.072051,PDN15
50.89,6.196,0.0720496,PDN15
50.8917,6.187,0.0720508,PDN15
50.8933,6.179,0.0720493,PDN15
50.895,6.171,0.0720462,PDN15
50.8967,6.163,0.072045,PDN15
50.8983,6.156,0.0720468,PDN15
50.9,6.147,0.0720501,PDN15
50.9017,6.138,0.0720506,PDN15
50.9033,6.129,0.0720522,PDN15
50.905,6.123,0.0720614,PDN15
50.9067,6.114,0.0720713,PDN15
50.9083,6.105,0.0720971,PDN15
50.91,6.097,0.0721069,PDN15
50.9117,6.088,0.0721107,PDN15
50.9133,6.081,0.0721123,PDN15
50.915,6.072,0.0721069,PDN15
50.9167,6.064,0.0721,PDN15
50.9183,6.055,0.0720885,PDN15
50.92,6.048,0.0720669,PDN15
50.9217,6.039,0.0720401,PDN15
50.9233,6.031,0.0720233,PDN15
50.925,6.022,0.0720117,PDN15
50.9267,6.013,0.0720064,PDN15
50.9283,6.005,0.0720039,PDN15
50.93,5.997,0.0720009,PDN15
50.9317,5.988,0.0720023,PDN15
50.9333,5.98,0.0720035,PDN15
50.935,5.972,0.0720004,PDN15
50.9367,5.964,0.071997,PDN15
50.9383,5.955,0.0719937,PDN15
50.94,5.947,0.0719867,PDN15
50.9417,5.938,0.0719788,PDN15
50.9433,5.93,0.0719695,PDN15
50.945,5.922,0.0719606,PDN15
50.9467,5.914,0.0719531,PDN15
50.9483,5.905,0.0719445,PDN15
50.95,5.897,0.0719371,PDN15
50.9517,5.888,0.0719306,PDN15
50.9533,5.881,0.0719224,PDN15
50.955,5.872,0.0719166,PDN15
50.9567,5.864,0.0719083,PDN15
50.9583,5.854,0.071899,PDN15
50.96,5.848,0.0718901,PDN15
50.9617,5.838,0.0718846,PDN15
50.9633,5.831,0.0718789,PDN15
50.965,5.822,0.0718736,PDN15
50.9667,5.815,0.0718686,PDN15
50.9683,5.807,0.0718619,PDN15
50.97,5.798,0.071857,PDN15
50.9717,5.788,0.0718512,PDN15
50.9733,5.781,0.0718455,PDN15
50.975,5.772,0.071834,PDN15
50.9767,5.763,0.0718219,PDN15
50.9783,5.755,0.0718088,PDN15
50.98,5.747,0.0718052,PDN15
50.9817,5.739,0.0718012,PDN15
50.9833,5.731,0.0718001,PDN15
50.985,5.722,0.0718049,PDN15
50.9867,5.715,0.0718112,PDN15
50.9883,5.706,0.0718225,PDN15
50.99,5.698,0.0718302,PDN15
50.9917,5.69,0.0718385,PDN15
50.9933,5.681,0.0718406,PDN15
50.995,5.674,0.0718354,PDN15
50.9967,5.665,0.0718275,PDN15
50.9983,5.657,0.071818,PDN15
51,5.648,0.0718075,PDN15
51.0017,5.639,0.0717999,PDN15
51.0033,5.63,0.0717909,PDN15
51.005,5.622,0.0717786,PDN15
51.0067,5.615,0.0717637,PDN15
51.0083,5.606,0.0717348,PDN15
51.01,5.599,0.0717209,PDN15
51.0117,5.59,0.0717108,PDN15
51.0133,5.581,0.0716973,PDN15
51.015,5.573,0.0716852,PDN15
51.0167,5.565,0.0716737,PDN15
51.0183,5.556,0.0716625,PDN15
51.02,5.547,0.0716559,PDN15
51.0217,5.54,0.0716514,PDN15
51.0233,5.531,0.071644,PDN15
51.025,5.522,0.0716358,PDN15
51.0267,5.515,0.0716292,PDN15
51.0283,5.506,0.071629,PDN15
51.03,5.499,0.0716366,PDN15
51.0317,5.489,0.0716562,PDN15
51.0333,5.481,0.07167,PDN15
51.035,5.473,0.0716819,PDN15
51.0367,5.465,0.0716983,PDN15
51.0383,5.455,0.0717056,PDN15
51.04,5.449,0.0717086,PDN15
51.0417,5.44,0.0716997,PDN15
51.0433,5.431,0.0716794,PDN15
51.045,5.421,0.0716571,PDN15
51.0467,5.414,0.0716377,PDN15
51.0483,5.407,0.0716035,PDN15
51.05,5.398,0.0715689,PDN15
51.0517,5.389,0.0715524,PDN15
51.0533,5.381,0.0715371,PDN15
51.055,5.373,0.0715311,PDN15
51.0567,5.364,0.0715264,PDN15
51.0583,5.356,0.071523,PDN15
51.06,5.348,0.071519,PDN15
51.0617,5.339,0.071514,PDN15
51.0633,5.331,0.0715137,PDN15
51.065,5.323,0.0715122,PDN15
51.0667,5.314,0.0715084,PDN15
51.0683,5.307,0.0715045,PDN15
51.07,5.298,0.0715009,PDN15
51.0717,5.289,0.0714988,PDN15
51.0733,5.281,0.0714969,PDN15
51.075,5.272,0.0714906,PDN15
51.0767,5.264,0.07148,PDN15
51.0783,5.256,0.0714671,PDN15
51.08,5.248,0.0714538,PDN15
51.0817,5.24,0.0714406,PDN15
51.0833,5.231,0.0714261,PDN15
51.085,5.221,0.0714127,PDN15
51.0867,5.214,0.0714005,PDN15
51.0883,5.205,0.0713907,PDN15
51.09,5.197,0.0713866,PDN15
51.0917,5.19,0.0713854,PDN15
51.0933,5.182,0.0713903,PDN15
51.095,5.173,0.0713961,PDN15
51.0967,5.165,0.0714001,PDN15
51.0983,5.155,0.0714051,PDN15
51.1,5.147,0.0714112,PDN15
51.1017,5.139,0.0714163,PDN15
51.1033,5.131,0.0714213,PDN15
51.105,5.123,0.0714233,PDN15
51.1067,5.114,0.0714242,PDN15
51.1083,5.106,0.0714257,PDN15
51.11,5.097,0.0714282,PDN15
51.1117,5.089,0.0714305,PDN15
51.1133,5.081,0.0714329,PDN15
51.115,5.072,0.0714367,PDN15
51.1167,5.065,0.071442,PDN15
51.1183,5.055,0.0714472,PDN15
51.12,5.048,0.0714521,PDN15
51.1217,5.039,0.0714589,PDN15
51.1233,5.03,0.0714669,PDN15
51.125,5.023,0.0714731,PDN15
51.1267,5.014,0.0714803,PDN15
51.1283,5.005,0.0714854,PDN15
51.13,4.996,0.0714876,PDN15
51.1317,4.989,0.0714844,PDN15
51.1333,4.981,0.0714795,PDN15
51.135,4.972,0.0714756,PDN15
51.1367,4.964,0.0714693,PDN15
51.1383,4.955,0.0714611,PDN15
51.14,4.946,0.0714562,PDN15
51.1417,4.938,0.0714551,PDN15
51.1433,4.931,0.0714569,PDN15
51.145,4.923,0.0714585,PDN15
51.1467,4.913,0.0714549,PDN15
51.1483,4.906,0.0714461,PDN15
51.15,4.899,0.0714359,PDN15
51.1517,4.889,0.0714151,PDN15
51.1533,4.88,0.0713865,PDN15
51.155,4.873,0.0713694,PDN15
51.1567,4.863,0.0713611,PDN15
51.1583,4.857,0.0713575,PDN15
51.16,4.849,0.0713559,PDN15
51.1617,4.839,0.0713581,PDN15
51.1633,4.831,0.0713587,PDN15
51.165,4.822,0.0713543,PDN15
51.1667,4.813,0.0713519,PDN15
51.1683,4.806,0.0713493,PDN15
51.17,4.798,0.0713418,PDN15
51.1717,4.788,0.071332,PDN15
51.1733,4.78,0.0713221,PDN15
51.175,4.773,0.0713215,PDN15
51.1767,4.764,0.0713239,PDN15
51.1783,4.756,0.0713298,PDN15
51.18,4.747,0.0713354,PDN15
51.1817,4.739,0.0713417,PDN15
51.1833,4.73,0.0713437,PDN15
51.185,4.722,0.0713378,PDN15
51.1867,4.714,0.071327,PDN15
51.1883,4.705,0.0713133,PDN15
51.19,4.697,0.0712991,PDN15
51.1917,4.689,0.071262,PDN15
51.1933,4.68,0.0712429,PDN15
51.195,4.673,0.0712295,PDN15
51.1967,4.665,0.0712203,PDN15
51.1983,4.656,0.0712142,PDN15
51.2,4.647,0.0712145,PDN15
51.2017,4.639,0.0712204,PDN15
51.2033,4.631,0.0712298,PDN15
51.205,4.622,0.071244,PDN15
51.2067,4.615,0.0712502,PDN15
51.2083,4.606,0.0712566,PDN15
51.21,4.598,0.0712593,PDN15
51.2117,4.589,0.0712617,PDN15
51.2133,4.581,0.0712617,PDN15
51.215,4.572,0.0712609,PDN15
51.2167,4.564,0.0712549,PDN15
51.2183,4.556,0.0712523,PDN15
51.22,4.547,0.0712528,PDN15
51.2217,4.539,0.0712559,PDN15
51.2233,4.531,0.0712575,PDN15
51.225,4.523,0.071254,PDN15
51.2267,4.514,0.0712491,PDN15
51.2283,4.505,0.0712397,PDN15
51.23,4.499,0.0712319,PDN15
51.2317,4.489,0.0712189,PDN15
51.2333,4.482,0.0712106,PDN15
51.235,4.473,0.0712044,PDN15
51.2367,4.464,0.0711997,PDN15
51.2383,4.457,0.0711951,PDN15
51.24,4.447,0.0711946,PDN15
51.2417,4.44,0.0711907,PDN15
51.2433,4.431,0.0711871,PDN15
51.245,4.423,0.0711868,PDN15
51.2467,4.414,0.0711874,PDN15
51.2483,4.406,0.0711882,PDN15
51.25,4.397,0.0711842,PDN15
51.2517,4.389,0.0711824,PDN15
51.2533,4.382,0.0711816,PDN15
51.255,4.374,0.0711786,PDN15
51.2567,4.365,0.0711716,PDN15
51.2583,4.357,0.0711651,PDN15
51.26,4.347,0.0711529,PDN15
51.2617,4.339,0.0711392,PDN15
51.2633,4.331,0.0711291,PDN15
51.265,4.323,0.0711161,PDN15
51.2667,4.314,0.0711045,PDN15
51.2683,4.307,0.0710953,PDN15
51.27,4.298,0.0710895,PDN15
51.2717,4.29,0.0710808,PDN15
51.2733,4.282,0.071071,PDN15
51.275,4.274,0.0710621,PDN15
51.2767,4.264,0.0710516,PDN15
51.2783,4.256,0.0710435,PDN15
51.28,4.248,0.0710368,PDN15
51.2817,4.239,0.0710265,PDN15
51.2833,4.231,0.071015,PDN15
51.285,4.223,0.0710082,PDN15
51.2867,4.215,0.0710104,PDN15
51.2883,4.208,0.0710153,PDN15
51.29,4.198,0.0710154,PDN15
51.2917,4.189,0.0710117,PDN15
51.2933,4.181,0.0710085,PDN15
51.295,4.173,0.071003,PDN15
51.2967,4.164,0.0709957,PDN15
51.2983,4.157,0.0709882,PDN15
51.3,4.148,0.070979,PDN15
51.3017,4.14,0.0709664,PDN15
51.3033,4.132,0.0709574,PDN15
51.305,4.123,0.070951,PDN15
51.3067,4.114,0.0709465,PDN15
51.3083,4.107,0.0709375,PDN15
51.31,4.098,0.0709283,PDN15
51.3117,4.09,0.0709225,PDN15
51.3133,4.081,0.0709184,PDN15
51.315,4.073,0.0709128,PDN15
51.3167,4.064,0.070906,PDN15
51.3183,4.057,0.0709006,PDN15
51.32,4.049,0.070899,PDN15
51.3217,4.039,0.0708955,PDN15
51.3233,4.032,0.0708929,PDN15
51.325,4.023,0.0708875,PDN15
51.3267,4.013,0.0708771,PDN15
51.3283,4.007,0.0708658,PDN15
51.33,3.998,0.0708545,PDN15
51.3317,3.99,0.0708453,PDN15
51.3333,3.982,0.0708377,PDN15
51.335,3.973,0.0708247,PDN15
51.3367,3.965,0.0708132,PDN15
51.3383,3.956,0.0708064,PDN15
51.34,3.947,0.0708032,PDN15
51.3417,3.939,0.070803,PDN15
51.3433,3.932,0.0708047,PDN15
51.345,3.924,0.0708059,PDN15
51.3467,3.915,0.0708076,PDN15
51.3483,3.907,0.0708106,PDN15
51.35,3.898,0.0708126,PDN15
51.3517,3.891,0.0708169,PDN15
51.3533,3.882,0.0708173,PDN15
51.355,3.874,0.0708093,PDN15
51.3567,3.866,0.0708009,PDN15
51.3583,3.857,0.0707929,PDN15
51.36,3.85,0.0707828,PDN15
51.3617,3.839,0.070769,PDN15
51.3633,3.833,0.0707561,PDN15
51.365,3.823,0.0707443,PDN15
51.3667,3.816,0.0707344,PDN15
51.3683,3.807,0.0707299,PDN15
51.37,3.798,0.0707294,PDN15
51.3717,3.79,0.070729,PDN15
51.3733,3.782,0.0707281,PDN15
51.375,3.773,0.0707248,PDN15
51.3767,3.765,0.0707221,PDN15
51.3783,3.758,0.0707185,PDN15
51.38,3.748,0.0707129,PDN15
51.3817,3.74,0.0707103,PDN15
51.3833,3.732,0.0707051,PDN15
51.385,3.723,0.0706974,PDN15
51.3867,3.716,0.0706892,PDN15
51.3883,3.708,0.0706775,PDN15
51.39,3.699,0.0706658,PDN15
51.3917,3.689,0.0706558,PDN15
51.3933,3.683,0.0706462,PDN15
51.395,3.673,0.0706413,PDN15
51.3967,3.665,0.0706372,PDN15
51.3983,3.657,0.0706383,PDN15
51.4,3.649,0.0706422,PDN15
51.4017,3.641,0.0706463,PDN15
51.4033,3.631,0.0706492,PDN15
51.405,3.624,0.0706538,PDN15
51.4067,3.615,0.0706575,PDN15
51.4083,3.607,0.0706549,PDN15
51.41,3.599,0.0706508,PDN15
51.4117,3.59,0.0706481,PDN15
51.4133,3.582,0.0706477,PDN15
51.415,3.574,0.0706479,PDN15
51.4167,3.565,0.0706505,PDN15
51.4183,3.557,0.07065,PDN15
51.42,3.549,0.070648,PDN15
51.4217,3.541,0.0706421,PDN15
51.4233,3.532,0.0706386,PDN15
51.425,3.524,0.0706332,PDN15
51.4267,3.516,0.0706243,PDN15
51.4283,3.507,0.0706124,PDN15
51.43,3.498,0.0705973,PDN15
51.4317,3.491,0.0705831,PDN15
51.4333,3.482,0.0705739,PDN15
51.435,3.474,0.0705698,PDN15
51.4367,3.466,0.0705686,PDN15
51.4383,3.457,0.0705707,PDN15
51.44,3.449,0.0705706,PDN15
51.4417,3.441,0.0705677,PDN15
51.4433,3.432,0.0705612,PDN15
51.445,3.424,0.0705556,PDN15
51.4467,3.416,0.0705475,PDN15
51.4483,3.408,0.0705396,PDN15
51.45,3.399,0.0705298,PDN15
51.4517,3.39,0.0705205,PDN15
51.4533,3.382,0.0705128,PDN15
51.455,3.375,0.0705035,PDN15
51.4567,3.365,0.0704938,PDN15
51.4583,3.357,0.0704891,PDN15
51.46,3.349,0.0704819,PDN15
51.4617,3.342,0.0704772,PDN15
51.4633,3.333,0.0704739,PDN15
51.465,3.325,0.070474,PDN15
51.4667,3.316,0.0704763,PDN15
51.4683,3.307,0.0704796,PDN15
51.47,3.299,0.0704811,PDN15
51.4717,3.291,0.0704785,PDN15
51.4733,3.282,0.070473,PDN15
51.475,3.274,0.0704644,PDN15
51.4767,3.265,0.0704541,PDN15
51.4783,3.258,0.0704401,PDN15
51.48,3.249,0.0704149,PDN15
51.4817,3.241,0.0703997,PDN15
51.4833,3.234,0.0703844,PDN15
51.485,3.225,0.0703594,PDN15
51.4867,3.216,0.0703442,PDN15
51.4883,3.208,0.0703328,PDN15
51.49,3.199,0.0703247,PDN15
51.4917,3.192,0.0703201,PDN15
51.4933,3.183,0.07032,PDN15
51.495,3.174,0.0703237,PDN15
51.4967,3.167,0.0703284,PDN15
51.4983,3.158,0.0703287,PDN15
51.5,3.149,0.0703279,PDN15
51.5017,3.141,0.0703267,PDN15
51.5033,3.132,0.0703141,PDN15
51.505,3.125,0.0702962,PDN15
51.5067,3.117,0.070271,PDN15
51.5083,3.108,0.0702557,PDN15
51.51,3.1,0.0702438,PDN15
51.5117,3.091,0.0702373,PDN15
51.5133,3.083,0.0702337,PDN15
51.515,3.075,0.0702369,PDN15
51.5167,3.066,0.0702381,PDN15
51.5183,3.058,0.0702374,PDN15
51.52,3.05,0.0702401,PDN15
51.5217,3.041,0.0702403,PDN15
51.5233,3.033,0.0702394,PDN15
51.525,3.025,0.0702368,PDN15
51.5267,3.016,0.0702363,PDN15
51.5283,3.008,0.0702368,PDN15
51.53,3,0.0702359,PDN15
51.5317,2.992,0.070233,PDN15
51.5333,2.983,0.0702295,PDN15
51.535,2.975,0.0702223,PDN15
51.5367,2.966,0.0702143,PDN15
51.5383,2.959,0.0702073,PDN15
51.54,2.95,0.0701998,PDN15
51.5417,2.941,0.0701935,PDN15
51.5433,2.932,0.0701893,PDN15
51.545,2.924,0.0701874,PDN15
51.5467,2.916,0.0701899,PDN15
51.5483,2.909,0.0701899,PDN15
51.55,2.9,0.070188,PDN15
51.5517,2.892,0.0701801,PDN15
51.5533,2.882,0.0701672,PDN15
51.555,2.875,0.0701558,PDN15
51.5567,2.867,0.0701452,PDN15
51.5583,2.858,0.0701314,PDN15
51.56,2.85,0.0701176,PDN15
51.5617,2.842,0.0701094,PDN15
51.5633,2.834,0.0701046,PDN15
51.565,2.825,0.0701016,PDN15
51.5667,2.817,0.0700976,PDN15
51.5683,2.808,0.0700926,PDN15
51.57,2.8,0.0700828,PDN15
51.5717,2.792,0.0700775,PDN15
51.5733,2.782,0.0700748,PDN15
51.575,2.776,0.0700766,PDN15
51.5767,2.767,0.0700809,PDN15
51.5783,2.758,0.0700894,PDN15
51.58,2.749,0.0700962,PDN15
51.5817,2.742,0.0701015,PDN15
51.5833,2.734,0.0701028,PDN15
51.585,2.725,0.0700958,PDN15
51.5867,2.716,0.0700876,PDN15
51.5883,2.708,0.0700641,PDN15
51.59,2.7,0.0700513,PDN15
51.5917,2.692,0.070039,PDN15
51.5933,2.684,0.0700289,PDN15
51.595,2.675,0.0700224,PDN15
51.5967,2.666,0.0700222,PDN15
51.5983,2.659,0.0700259,PDN15
51.6,2.65,0.0700273,PDN15
51.6017,2.642,0.0700284,PDN15
51.6033,2.634,0.0700244,PDN15
51.605,2.625,0.0700186,PDN15
51.6067,2.617,0.0700093,PDN15
51.6083,2.609,0.0699979,PDN15
51.61,2.599,0.0699866,PDN15
51.6117,2.591,0.0699778,PDN15
51.6133,2.584,0.069972,PDN15
51.615,2.575,0.0699664,PDN15
51.6167,2.567,0.0699661,PDN15
51.6183,2.56,0.0699691,PDN15
51.62,2.549,0.0699737,PDN15
51.6217,2.543,0.0699766,PDN15
51.6233,2.533,0.0699757,PDN15
51.625,2.525,0.0699735,PDN15
51.6267,2.518,0.0699654,PDN15
51.6283,2.508,0.0699606,PDN15
51.63,2.501,0.0699557,PDN15
51.6317,2.492,0.0699505,PDN15
51.6333,2.484,0.0699396,PDN15
51.635,2.475,0.0699304,PDN15
51.6367,2.467,0.0699268,PDN15
51.6383,2.458,0.0699283,PDN15
51.64,2.45,0.0699324,PDN15
51.6417,2.443,0.0699316,PDN15
51.6433,2.433,0.0699297,PDN15
51.645,2.425,0.0699265,PDN15
51.6467,2.417,0.0699263,PDN15
51.6483,2.409,0.0699222,PDN15
51.65,2.4,0.0699204,PDN15
51.6517,2.393,0.0699151,PDN15
51.6533,2.383,0.069907,PDN15
51.655,2.376,0.0698967,PDN15
51.6567,2.367,0.0698836,PDN15
51.6583,2.359,0.0698733,PDN15
51.66,2.351,0.0698715,PDN15
51.6617,2.342,0.0698743,PDN15
51.6633,2.335,0.0698816,PDN15
51.665,2.325,0.0698857,PDN15
51.6667,2.317,0.0698823,PDN15
51.6683,2.309,0.0698792,PDN15
51.67,2.301,0.0698745,PDN15
51.6717,2.293,0.0698707,PDN15
51.6733,2.283,0.0698636,PDN15
51.675,2.276,0.0698499,PDN15
51.6767,2.268,0.0698304,PDN15
51.6783,2.259,0.06982,PDN15
51.68,2.251,0.0698098,PDN15
51.6817,2.242,0.0698025,PDN15
51.6833,2.234,0.0697957,PDN15
51.685,2.226,0.0697867,PDN15
51.6867,2.218,0.069773,PDN15
51.6883,2.209,0.0697599,PDN15
51.69,2.201,0.0697544,PDN15
51.6917,2.192,0.0697488,PDN15
51.6933,2.184,0.0697421,PDN15
51.695,2.177,0.069737,PDN15
51.6967,2.167,0.0697318,PDN15
51.6983,2.159,0.0697297,PDN15
51.7,2.151,0.0697348,PDN15
51.7017,2.143,0.0697408,PDN15
51.7033,2.135,0.0697417,PDN15
51.705,2.126,0.0697373,PDN15
51.7067,2.118,0.069725,PDN15
51.7083,2.109,0.0697153,PDN15
51.71,2.102,0.0697055,PDN15
51.7117,2.093,0.0696928,PDN15
51.7133,2.084,0.0696778,PDN15
51.715,2.076,0.0696639,PDN15
51.7167,2.067,0.069656,PDN15
51.7183,2.059,0.0696518,PDN15
51.72,2.051,0.0696498,PDN15
51.7217,2.043,0.069646,PDN15
51.7233,2.035,0.0696481,PDN15
51.725,2.027,0.0696475,PDN15
51.7267,2.017,0.0696478,PDN15
51.7283,2.009,0.0696484,PDN15
51.73,2.001,0.0696412,PDN15
51.7317,1.992,0.0696321,PDN15
51.7333,1.984,0.0696232,PDN15
51.735,1.975,0.0696163,PDN15
51.7367,1.968,0.0696093,PDN15
51.7383,1.959,0.0695999,PDN15
51.74,1.951,0.0695859,PDN15
51.7417,1.943,0.0695738,PDN15
51.7433,1.935,0.0695602,PDN15
51.745,1.926,0.0695557,PDN15
51.7467,1.917,0.0695554,PDN15
51.7483,1.91,0.0695539,PDN15
51.75,1.901,0.069557,PDN15
51.7517,1.894,0.069562,PDN15
51.7533,1.885,0.0695688,PDN15
51.755,1.876,0.069574,PDN15
51.7567,1.867,0.0695773,PDN15
51.7583,1.859,0.0695784,PDN15
51.76,1.851,0.0695721,PDN15
51.7617,1.844,0.0695606,PDN15
51.7633,1.835,0.0695502,PDN15
51.765,1.827,0.0695391,PDN15
51.7667,1.818,0.0695247,PDN15
51.7683,1.811,0.06951,PDN15
51.77,1.801,0.0694969,PDN15
51.7717,1.793,0.0694868,PDN15
51.7733,1.785,0.069473,PDN15
51.775,1.776,0.0694593,PDN15
51.7767,1.769,0.0694497,PDN15
51.7783,1.76,0.0694352,PDN15
51.78,1.751,0.0694213,PDN15
51.7817,1.743,0.0694061,PDN15
51.7833,1.735,0.0693919,PDN15
51.785,1.727,0.0693753,PDN15
51.7867,1.718,0.0693618,PDN15
51.7883,1.71,0.0693549,PDN15
51.79,1.702,0.0693554,PDN15
51.7917,1.693,0.0693581,PDN15
51.7933,1.686,0.0693667,PDN15
51.795,1.676,0.0693894,PDN15
51.7967,1.668,0.0694009,PDN15
51.7983,1.661,0.0694053,PDN15
51.8,1.652,0.0694076,PDN15
51.8017,1.643,0.0694041,PDN15
51.8033,1.636,0.0693917,PDN15
51.805,1.628,0.069362,PDN15
51.8067,1.619,0.0693005,PDN15
51.8083,1.611,0.0692639,PDN15
51.81,1.602,0.0692466,PDN15
51.8117,1.595,0.0692377,PDN15
51.8133,1.585,0.0692338,PDN15
51.815,1.577,0.0692332,PDN15
51.8167,1.57,0.0692378,PDN15
51.8183,1.559,0.0692607,PDN15
51.82,1.552,0.0692784,PDN15
51.8217,1.543,0.069285,PDN15
51.8233,1.536,0.0692865,PDN15
51.825,1.528,0.0692829,PDN15
51.8267,1.518,0.0692763,PDN15
51.8283,1.51,0.0692631,PDN15
51.83,1.503,0.0692479,PDN15
51.8317,1.495,0.0692347,PDN15
51.8333,1.485,0.0692225,PDN15
51.835,1.477,0.0692124,PDN15
51.8367,1.47,0.0692021,PDN15
51.8383,1.46,0.069191,PDN15
51.84,1.452,0.069181,PDN15
51.8417,1.444,0.0691703,PDN15
51.8433,1.436,0.0691604,PDN15
51.845,1.427,0.0691495,PDN15
51.8467,1.418,0.0691393,PDN15
51.8483,1.411,0.0691329,PDN15
51.85,1.402,0.0691278,PDN15
51.8517,1.394,0.0691292,PDN15
51.8533,1.385,0.0691303,PDN15
51.855,1.377,0.0691324,PDN15
51.8567,1.368,0.069131,PDN15
51.8583,1.36,0.069132,PDN15
51.86,1.352,0.0691319,PDN15
51.8617,1.344,0.0691329,PDN15
51.8633,1.335,0.0691307,PDN15
51.865,1.327,0.0691284,PDN15
51.8667,1.32,0.0691282,PDN15
51.8683,1.311,0.0691251,PDN15
51.87,1.303,0.0691236,PDN15
51.8717,1.294,0.0691163,PDN15
51.8733,1.287,0.0691091,PDN15
51.875,1.278,0.0690983,PDN15
51.8767,1.27,0.0690843,PDN15
51.8783,1.262,0.0690734,PDN15
51.88,1.252,0.0690677,PDN15
51.8817,1.244,0.0690682,PDN15
51.8833,1.236,0.0690685,PDN15
51.885,1.228,0.0690669,PDN15
51.8867,1.219,0.0690635,PDN15
51.8883,1.213,0.0690636,PDN15
51.89,1.203,0.0690613,PDN15
51.8917,1.194,0.0690576,PDN15
51.8933,1.186,0.0690522,PDN15
51.895,1.179,0.0690449,PDN15
51.8967,1.17,0.0690414,PDN15
51.8983,1.162,0.0690408,PDN15
51.9,1.154,0.069045,PDN15
51.9017,1.145,0.0690502,PDN15
51.9033,1.137,0.0690515,PDN15
51.905,1.129,0.0690479,PDN15
51.9067,1.12,0.0690409,PDN15
51.9083,1.111,0.0690329,PDN15
51.91,1.104,0.0690245,PDN15
51.9117,1.094,0.0690112,PDN15
51.9133,1.087,0.0689946,PDN15
51.915,1.077,0.0689801,PDN15
51.9167,1.07,0.0689697,PDN15
51.9183,1.062,0.0689596,PDN15
51.92,1.053,0.0689522,PDN15
51.9217,1.045,0.068941,PDN15
51.9233,1.037,0.0689325,PDN15
51.925,1.03,0.068924,PDN15
51.9267,1.02,0.0689167,PDN15
51.9283,1.012,0.0689156,PDN15
51.93,1.004,0.0689116,PDN15
51.9317,0.995,0.0689041,PDN15
51.9333,0.987,0.0688973,PDN15
51.935,0.978,0.0688923,PDN15
51.9367,0.97,0.0688889,PDN15
51.9383,0.963,0.0688884,PDN15
51.94,0.955,0.0688839,PDN15
51.9417,0.945,0.0688814,PDN15
51.9433,0.937,0.0688782,PDN15
51.945,0.929,0.0688706,PDN15
51.9467,0.92,0.0688669,PDN15
51.9483,0.913,0.0688604,PDN15
51.95,0.905,0.0688504,PDN15
51.9517,0.895,0.0688378,PDN15
51.9533,0.886,0.0688257,PDN15
51.955,0.879,0.0688141,PDN15
51.9567,0.871,0.0688052,PDN15
51.9583,0.863,0.0687978,PDN15
51.96,0.854,0.0687965,PDN15
51.9617,0.846,0.0687932,PDN15
51.9633,0.838,0.068794,PDN15
51.965,0.829,0.0687953,PDN15
51.9667,0.82,0.0687912,PDN15
51.9683,0.812,0.0687799,PDN15
51.97,0.804,0.0687698,PDN15
51.9717,0.795,0.0687614,PDN15
51.9733,0.787,0.0687566,PDN15
51.975,0.779,0.0687533,PDN15
51.9767,0.77,0.0687516,PDN15
51.9783,0.762,0.06875,PDN15
51.98,0.752,0.0687503,PDN15
51.9817,0.745,0.0687535,PDN15
51.9833,0.736,0.0687571,PDN15
51.985,0.729,0.0687568,PDN15
51.9867,0.721,0.0687515,PDN15
51.9883,0.713,0.0687509,PDN15
51.99,0.703,0.0687514,PDN15
51.9917,0.695,0.0687532,PDN15
51.9933,0.688,0.0687574,PDN15
51.995,0.679,0.0687658,PDN15
51.9967,0.671,0.0687687,PDN15
51.9983,0.662,0.0687672,PDN15
52,0.654,0.0687649,PDN15
52.0017,0.646,0.0687641,PDN15
52.0033,0.638,0.0687624,PDN15
52.005,0.629,0.0687563,PDN15
52.0067,0.62,0.0687546,PDN15
52.0083,0.613,0.0687547,PDN15
52.01,0.603,0.0687575,PDN15
52.0117,0.596,0.0687615,PDN15
52.0133,0.587,0.0687648,PDN15
52.015,0.579,0.0687628,PDN15
52.0167,0.571,0.0687575,PDN15
52.0183,0.562,0.0687569,PDN15
52.02,0.554,0.0687521,PDN15
52.0217,0.545,0.068748,PDN15
52.0233,0.538,0.0687437,PDN15
52.025,0.529,0.0687401,PDN15
52.0267,0.521,0.0687379,PDN15
52.0283,0.513,0.0687357,PDN15
52.03,0.505,0.0687332,PDN15
52.0317,0.496,0.0687304,PDN15
52.0333,0.488,0.068724,PDN15
52.035,0.478,0.0687171,PDN15
52.0367,0.471,0.0687167,PDN15
52.0383,0.462,0.068713,PDN15
52.04,0.454,0.0687102,PDN15
52.0417,0.446,0.0687094,PDN15
52.0433,0.437,0.0687071,PDN15
52.045,0.428,0.0687018,PDN15
52.0467,0.42,0.0686965,PDN15
52.0483,0.414,0.0686859,PDN15
52.05,0.405,0.068673,PDN15
52.0517,0.395,0.0686631,PDN15
52.0533,0.387,0.0686608,PDN15
52.055,0.38,0.0686629,PDN15
52.0567,0.371,0.0686646,PDN15
52.0583,0.362,0.0686643,PDN15
52.06,0.354,0.0686721,PDN15
52.0617,0.345,0.0686784,PDN15
52.0633,0.335,0.0686854,PDN15
52.065,0.329,0.0686932,PDN15
52.0667,0.321,0.068701,PDN15
52.0683,0.313,0.0687041,PDN15
52.07,0.303,0.0687033,PDN15
52.0717,0.297,0.0687032,PDN15
52.0733,0.288,0.0687013,PDN15
52.075,0.279,0.0686962,PDN15
52.0767,0.272,0.068686,PDN15
52.0783,0.263,0.0686767,PDN15
52.08,0.255,0.0686637,PDN15
52.0817,0.246,0.0686525,PDN15
52.0833,0.238,0.0686289,PDN15
52.085,0.23,0.0686226,PDN15
52.0867,0.221,0.0686191,PDN15
52.0883,0.213,0.0686128,PDN15
52.09,0.204,0.0686077,PDN15
52.0917,0.197,0.0686021,PDN15
52.0933,0.187,0.068597,PDN15
52.095,0.18,0.0685959,PDN15
52.0967,0.172,0.0685974,PDN15
52.0983,0.162,0.0686009,PDN15
52.1,0.155,0.068614,PDN15
52.1017,0.145,0.0686202,PDN15
52.1033,0.138,0.0686288,PDN15
52.105,0.13,0.0686344,PDN15
52.1067,0.122,0.0686362,PDN15
52.1083,0.114,0.0686388,PDN15
52.11,0.105,0.0686388,PDN15
52.1117,0.096,0.0686347,PDN15
52.1133,0.088,0.0686288,PDN15
52.115,0.081,0.0686229,PDN15
52.1167,0.072,0.0686177,PDN15
52.1183,0.063,0.0686189,PDN15
52.12,0.054,0.0686222,PDN15
52.1217,0.047,0.0686218,PDN15
52.1233,0.039,0.0686174,PDN15
52.125,0.031,0.0686132,PDN15
52.1267,0.022,0.0686124,PDN15
52.1283,0.014,0.0686156,PDN15
52.13,0.006,0.0686163,PDN15
52.1317,-0.003,0.0686142,PDN15
52.1333,-0.012,0.0686107,PDN15
52.135,-0.02,0.0686049,PDN15
52.1367,-0.028,0.068601,PDN15
52.1383,-0.037,0.0686021,PDN15
52.14,-0.045,0.068597,PDN15
52.1417,-0.053,0.0685912,PDN15
52.1433,-0.061,0.0685872,PDN15
52.145,-0.07,0.0685795,PDN15
52.1467,-0.078,0.0685729,PDN15
52.1483,-0.086,0.0685674,PDN15
52.15,-0.095,0.0685636,PDN15
52.1517,-0.103,0.0685583,PDN15
52.1533,-0.111,0.0685537,PDN15
52.155,-0.119,0.0685491,PDN15
52.1567,-0.129,0.068546,PDN15
52.1583,-0.136,0.0685422,PDN15
52.16,-0.145,0.0685384,PDN15
52.1617,-0.153,0.0685374,PDN15
52.1633,-0.162,0.0685334,PDN15
52.165,-0.17,0.0685267,PDN15
52.1667,-0.178,0.0685203,PDN15
52.1683,-0.186,0.0685156,PDN15
52.17,-0.195,0.0685101,PDN15
52.1717,-0.203,0.0685047,PDN15
52.1733,-0.211,0.0684982,PDN15
52.175,-0.22,0.0684943,PDN15
52.1767,-0.228,0.0684919,PDN15
52.1783,-0.237,0.0684889,PDN15
52.18,-0.246,0.0684874,PDN15
52.1817,-0.254,0.0684814,PDN15
52.1833,-0.262,0.0684735,PDN15
52.185,-0.27,0.0684684,PDN15
52.1867,-0.278,0.0684667,PDN15
52.1883,-0.287,0.0684641,PDN15
52.19,-0.294,0.0684587,PDN15
52.1917,-0.303,0.0684518,PDN15
52.1933,-0.311,0.0684509,PDN15
52.195,-0.32,0.0684504,PDN15
52.1967,-0.328,0.0684506,PDN15
52.1983,-0.336,0.068448,PDN15
52.2,-0.345,0.0684437,PDN15
52.2017,-0.354,0.068442,PDN15
52.2033,-0.362,0.0684412,PDN15
52.205,-0.37,0.0684427,PDN15
52.2067,-0.378,0.0684427,PDN15
52.2083,-0.387,0.0684431,PDN15
52.21,-0.395,0.0684411,PDN15
52.2117,-0.403,0.0684384,PDN15
52.2133,-0.412,0.0684346,PDN15
52.215,-0.42,0.0684312,PDN15
52.2167,-0.428,0.0684253,PDN15
52.2183,-0.436,0.0684211,PDN15
52.22,-0.445,0.0684209,PDN15
52.2217,-0.453,0.0684242,PDN15
52.2233,-0.461,0.0684278,PDN15
52.225,-0.47,0.0684298,PDN15
52.2267,-0.48,0.0684282,PDN15
52.2283,-0.487,0.0684262,PDN15
52.23,-0.494,0.0684228,PDN15
52.2317,-0.503,0.0684174,PDN15
52.2333,-0.511,0.0684159,PDN15
52.235,-0.52,0.0684108,PDN15
52.2367,-0.528,0.0684093,PDN15
52.2383,-0.536,0.0684101,PDN15
52.24,-0.544,0.0684104,PDN15
52.2417,-0.553,0.0684145,PDN15
52.2433,-0.562,0.0684201,PDN15
52.245,-0.57,0.068423,PDN15
52.2467,-0.577,0.0684228,PDN15
52.2483,-0.586,0.0684259,PDN15
52.25,-0.595,0.0684234,PDN15
52.2517,-0.603,0.0684221,PDN15
52.2533,-0.611,0.0684212,PDN15
52.255,-0.62,0.0684184,PDN15
52.2567,-0.628,0.0684143,PDN15
52.2583,-0.638,0.0684073,PDN15
52.26,-0.645,0.0684057,PDN15
52.2617,-0.654,0.0684116,PDN15
52.2633,-0.661,0.0684236,PDN15
52.265,-0.671,0.0684368,PDN15
52.2667,-0.678,0.0684803,PDN15
52.2683,-0.687,0.0685006,PDN15
52.27,-0.695,0.0685141,PDN15
52.2717,-0.703,0.0685272,PDN15
52.2733,-0.712,0.068537,PDN15
52.275,-0.721,0.0685407,PDN15
52.2767,-0.729,0.0685414,PDN15
52.2783,-0.737,0.0685424,PDN15
52.28,-0.745,0.0685432,PDN15
52.2817,-0.755,0.0685394,PDN15
52.2833,-0.761,0.0685334,PDN15
52.285,-0.77,0.0685278,PDN15
52.2867,-0.779,0.0685218,PDN15
52.2883,-0.786,0.0685124,PDN15
52.29,-0.795,0.0685023,PDN15
52.2917,-0.804,0.0684955,PDN15
52.2933,-0.811,0.0684873,PDN15
52.295,-0.82,0.068483,PDN15
52.2967,-0.827,0.0684729,PDN15
52.2983,-0.837,0.0684639,PDN15
52.3,-0.845,0.0684528,PDN15
52.3017,-0.853,0.068441,PDN15
52.3033,-0.862,0.0684321,PDN15
52.305,-0.87,0.0684275,PDN15
52.3067,-0.878,0.0684233,PDN15
52.3083,-0.886,0.0684213,PDN15
52.31,-0.895,0.0684195,PDN15
52.3117,-0.904,0.0684225,PDN15
52.3133,-0.912,0.0684249,PDN15
52.315,-0.92,0.0684268,PDN15
52.3167,-0.928,0.0684268,PDN15
52.3183,-0.936,0.0684213,PDN15
52.32,-0.945,0.0684131,PDN15
52.3217,-0.954,0.068404,PDN15
52.3233,-0.962,0.0683987,PDN15
52.325,-0.97,0.0683941,PDN15
52.3267,-0.98,0.0683929,PDN15
52.3283,-0.987,0.0683895,PDN15
52.33,-0.995,0.0683909,PDN15
52.3317,-1.004,0.0683885,PDN15
52.3333,-1.01,0.0683845,PDN15
52.335,-1.02,0.0683848,PDN15
52.3367,-1.028,0.0683838,PDN15
52.3383,-1.036,0.0683793,PDN15
52.34,-1.045,0.0683704,PDN15
52.3417,-1.054,0.0683622,PDN15
52.3433,-1.063,0.0683535,PDN15
52.345,-1.071,0.068347,PDN15
52.3467,-1.079,0.0683393,PDN15
52.3483,-1.088,0.0683361,PDN15
52.35,-1.096,0.068336,PDN15
52.3517,-1.104,0.068336,PDN15
52.3533,-1.113,0.0683399,PDN15
52.355,-1.12,0.0683535,PDN15
52.3567,-1.129,0.0683686,PDN15
52.3583,-1.137,0.0683749,PDN15
52.36,-1.146,0.0683757,PDN15
52.3617,-1.155,0.0683731,PDN15
52.3633,-1.163,0.0683646,PDN15
52.365,-1.171,0.0683389,PDN15
52.3667,-1.179,0.0683104,PDN15
52.3683,-1.188,0.0682968,PDN15
52.37,-1.197,0.0682862,PDN15
52.3717,-1.204,0.0682773,PDN15
52.3733,-1.212,0.0682737,PDN15
52.375,-1.221,0.0682764,PDN15
52.3767,-1.229,0.0682811,PDN15
52.3783,-1.237,0.0682873,PDN15
52.38,-1.245,0.0682957,PDN15
52.3817,-1.254,0.0683046,PDN15
52.3833,-1.262,0.0683192,PDN15
52.385,-1.27,0.0683354,PDN15
52.3867,-1.278,0.0683454,PDN15
52.3883,-1.287,0.0683556,PDN15
52.39,-1.296,0.0683594,PDN15
52.3917,-1.303,0.0683572,PDN15
52.3933,-1.312,0.0683525,PDN15
52.395,-1.321,0.068346,PDN15
52.3967,-1.329,0.068337,PDN15
52.3983,-1.337,0.0683281,PDN15
52.4,-1.345,0.0683227,PDN15
52.4017,-1.353,0.0683187,PDN15
52.4033,-1.361,0.0683158,PDN15
52.405,-1.37,0.0683129,PDN15
52.4067,-1.378,0.0683093,PDN15
52.4083,-1.387,0.0683033,PDN15
52.41,-1.395,0.0682965,PDN15
52.4117,-1.405,0.06829,PDN15
52.4133,-1.412,0.0682843,PDN15
52.415,-1.421,0.0682759,PDN15
52.4167,-1.429,0.0682707,PDN15
52.4183,-1.437,0.0682663,PDN15
52.42,-1.446,0.0682647,PDN15
52.4217,-1.454,0.0682651,PDN15
52.4233,-1.463,0.0682615,PDN15
52.425,-1.47,0.068258,PDN15
52.4267,-1.479,0.0682532,PDN15
52.4283,-1.487,0.0682489,PDN15
52.43,-1.496,0.068249,PDN15
52.4317,-1.504,0.0682498,PDN15
52.4333,-1.512,0.0682478,PDN15
52.435,-1.522,0.0682472,PDN15
52.4367,-1.53,0.0682456,PDN15
52.4383,-1.537,0.0682451,PDN15
52.44,-1.546,0.0682458,PDN15
52.4417,-1.553,0.0682456,PDN15
52.4433,-1.563,0.0682461,PDN15
52.445,-1.57,0.0682469,PDN15
52.4467,-1.579,0.0682489,PDN15
52.4483,-1.586,0.0682544,PDN15
52.45,-1.595,0.0682613,PDN15
52.4517,-1.604,0.0682638,PDN15
52.4533,-1.613,0.0682618,PDN15
52.455,-1.621,0.0682547,PDN15
52.4567,-1.628,0.0682387,PDN15
52.4583,-1.637,0.0682265,PDN15
52.46,-1.645,0.0682161,PDN15
52.4617,-1.654,0.0682062,PDN15
52.4633,-1.663,0.0681932,PDN15
52.465,-1.671,0.0681819,PDN15
52.4667,-1.679,0.0681707,PDN15
52.4683,-1.686,0.0681643,PDN15
52.47,-1.695,0.0681584,PDN15
52.4717,-1.704,0.0681497,PDN15
52.4733,-1.713,0.0681428,PDN15
52.475,-1.72,0.0681348,PDN15
52.4767,-1.729,0.0681286,PDN15
52.4783,-1.737,0.0681257,PDN15
52.48,-1.745,0.0681276,PDN15
52.4817,-1.754,0.0681286,PDN15
52.4833,-1.761,0.0681307,PDN15
52.485,-1.77,0.0681368,PDN15
52.4867,-1.779,0.0681445,PDN15
52.4883,-1.787,0.0681484,PDN15
52.49,-1.794,0.0681485,PDN15
52.4917,-1.803,0.0681437,PDN15
52.4933,-1.811,0.0681358,PDN15
52.495,-1.82,0.0681303,PDN15
52.4967,-1.828,0.0681256,PDN15
52.4983,-1.837,0.0681255,PDN15
52.5,-1.845,0.0681251,PDN15
52.5017,-1.853,0.0681245,PDN15
52.5033,-1.862,0.0681249,PDN15
52.505,-1.87,0.0681259,PDN15
52.5067,-1.877,0.0681267,PDN15
52.5083,-1.886,0.0681283,PDN15
52.51,-1.895,0.0681225,PDN15
52.5117,-1.903,0.0681094,PDN15
52.5133,-1.911,0.0680962,PDN15
52.515,-1.92,0.0680819,PDN15
52.5167,-1.928,0.0680682,PDN15
52.5183,-1.937,0.0680538,PDN15
52.52,-1.945,0.0680457,PDN15
52.5217,-1.954,0.0680376,PDN15
52.5233,-1.962,0.0680285,PDN15
52.525,-1.969,0.068019,PDN15
52.5267,-1.979,0.0680141,PDN15
52.5283,-1.985,0.0680101,PDN15
52.53,-1.995,0.0680031,PDN15
52.5317,-2.002,0.0679972,PDN15
52.5333,-2.011,0.0679888,PDN15
52.535,-2.018,0.0679809,PDN15
52.5367,-2.027,0.0679752,PDN15
52.5383,-2.036,0.0679744,PDN15
52.54,-2.045,0.0679758,PDN15
52.5417,-2.053,0.0679779,PDN15
52.5433,-2.062,0.067975,PDN15
52.545,-2.069,0.0679735,PDN15
52.5467,-2.078,0.0679733,PDN15
52.5483,-2.085,0.067973,PDN15
52.55,-2.094,0.0679694,PDN15
52.5517,-2.103,0.0679627,PDN15
52.5533,-2.111,0.067956,PDN15
52.555,-2.119,0.0679511,PDN15
52.5567,-2.127,0.0679492,PDN15
52.5583,-2.135,0.0679492,PDN15
52.56,-2.144,0.0679528,PDN15
52.5617,-2.152,0.067953,PDN15
52.5633,-2.16,0.0679507,PDN15
52.565,-2.169,0.0679495,PDN15
52.5667,-2.177,0.0679481,PDN15
52.5683,-2.184,0.0679445,PDN15
52.57,-2.194,0.0679433,PDN15
52.5717,-2.202,0.0679376,PDN15
52.5733,-2.211,0.0679331,PDN15
52.575,-2.219,0.0679279,PDN15
52.5767,-2.227,0.0679263,PDN15
52.5783,-2.236,0.0679272,PDN15
52.58,-2.244,0.0679255,PDN15
52.5817,-2.253,0.0679203,PDN15
52.5833,-2.261,0.0679129,PDN15
52.585,-2.269,0.0679018,PDN15
52.5867,-2.277,0.067889,PDN15
52.5883,-2.286,0.0678777,PDN15
52.59,-2.295,0.0678632,PDN15
52.5917,-2.303,0.0678431,PDN15
52.5933,-2.31,0.0678288,PDN15
52.595,-2.318,0.0678177,PDN15
52.5967,-2.329,0.0678063,PDN15
52.5983,-2.335,0.0677987,PDN15
52.6,-2.345,0.0677961,PDN15
52.6017,-2.353,0.0677948,PDN15
52.6033,-2.36,0.0677968,PDN15
52.605,-2.37,0.0677952,PDN15
52.6067,-2.377,0.0677945,PDN15
52.6083,-2.387,0.0677917,PDN15
52.61,-2.394,0.0677879,PDN15
52.6117,-2.402,0.0677851,PDN15
52.6133,-2.411,0.0677844,PDN15
52.615,-2.42,0.0677791,PDN15
52.6167,-2.428,0.0677736,PDN15
52.6183,-2.436,0.067773,PDN15
52.62,-2.444,0.0677738,PDN15
52.6217,-2.453,0.0677739,PDN15
52.6233,-2.46,0.0677732,PDN15
52.625,-2.471,0.067773,PDN15
52.6267,-2.477,0.0677694,PDN15
52.6283,-2.485,0.0677713,PDN15
52.63,-2.494,0.0677732,PDN15
52.6317,-2.502,0.0677758,PDN15
52.6333,-2.512,0.0677773,PDN15
52.635,-2.519,0.0677774,PDN15
52.6367,-2.528,0.0677794,PDN15
52.6383,-2.536,0.0677774,PDN15
52.64,-2.546,0.067773,PDN15
52.6417,-2.552,0.0677665,PDN15
52.6433,-2.561,0.0677546,PDN15
52.645,-2.569,0.0677375,PDN15
52.6467,-2.578,0.0677236,PDN15
52.6483,-2.586,0.0677085,PDN15
52.65,-2.594,0.0676939,PDN15
52.6517,-2.602,0.0676849,PDN15
52.6533,-2.611,0.067678,PDN15
52.655,-2.62,0.0676792,PDN15
52.6567,-2.627,0.0676806,PDN15
52.6583,-2.636,0.0676859,PDN15
52.66,-2.644,0.0676909,PDN15
52.6617,-2.652,0.0676946,PDN15
52.6633,-2.661,0.0676994,PDN15
52.665,-2.669,0.0676997,PDN15
52.6667,-2.676,0.067697,PDN15
52.6683,-2.685,0.0676906,PDN15
52.67,-2.694,0.0676834,PDN15
52.6717,-2.702,0.0676764,PDN15
52.6733,-2.711,0.0676698,PDN15
52.675,-2.718,0.0676635,PDN15
52.6767,-2.726,0.0676567,PDN15
52.6783,-2.736,0.0676534,PDN15
52.68,-2.744,0.0676534,PDN15
52.6817,-2.753,0.067656,PDN15
52.6833,-2.76,0.0676587,PDN15
52.685,-2.769,0.0676612,PDN15
52.6867,-2.777,0.0676634,PDN15
52.6883,-2.786,0.0676626,PDN15
52.69,-2.794,0.0676647,PDN15
52.6917,-2.803,0.0676623,PDN15
52.6933,-2.811,0.0676613,PDN15
52.695,-2.819,0.0676567,PDN15
52.6967,-2.828,0.0676485,PDN15
52.6983,-2.836,0.0676394,PDN15
52.7,-2.844,0.0676296,PDN15
52.7017,-2.853,0.0676224,PDN15
52.7033,-2.861,0.0676132,PDN15
52.705,-2.869,0.0676061,PDN15
52.7067,-2.877,0.0675995,PDN15
52.7083,-2.887,0.0675975,PDN15
52.71,-2.895,0.0675954,PDN15
52.7117,-2.901,0.0675996,PDN15
52.7133,-2.911,0.0676012,PDN15
52.715,-2.919,0.0675987,PDN15
52.7167,-2.927,0.0675915,PDN15
52.7183,-2.936,0.0675884,PDN15
52.72,-2.944,0.0675834,PDN15
52.7217,-2.954,0.06758,PDN15
52.7233,-2.961,0.0675803,PDN15
52.725,-2.969,0.0675819,PDN15
52.7267,-2.977,0.0675872,PDN15
52.7283,-2.985,0.0675915,PDN15
52.73,-2.994,0.0675929,PDN15
52.7317,-3.003,0.0675911,PDN15
52.7333,-3.01,0.0675829,PDN15
52.735,-3.019,0.06757,PDN15
52.7367,-3.028,0.0675607,PDN15
52.7383,-3.036,0.0675434,PDN15
52.74,-3.045,0.0675302,PDN15
52.7417,-3.053,0.0675208,PDN15
52.7433,-3.06,0.0675151,PDN15
52.745,-3.069,0.0675113,PDN15
52.7467,-3.078,0.0675121,PDN15
52.7483,-3.086,0.0675098,PDN15
52.75,-3.095,0.0675125,PDN15
52.7517,-3.102,0.0675092,PDN15
52.7533,-3.111,0.0675083,PDN15
52.755,-3.118,0.0675107,PDN15
52.7567,-3.126,0.0675118,PDN15
52.7583,-3.135,0.0675099,PDN15
52.76,-3.144,0.0675076,PDN15
52.7617,-3.152,0.0675048,PDN15
52.7633,-3.161,0.0674984,PDN15
52.765,-3.17,0.0674936,PDN15
52.7667,-3.178,0.0674936,PDN15
52.7683,-3.186,0.0674951,PDN15
52.77,-3.194,0.067493,PDN15
52.7717,-3.203,0.0674937,PDN15
52.7733,-3.211,0.0674976,PDN15
52.775,-3.219,0.0675045,PDN15
52.7767,-3.228,0.0675215,PDN15
52.7783,-3.236,0.0675313,PDN15
52.78,-3.244,0.0675368,PDN15
52.7817,-3.253,0.0675389,PDN15
52.7833,-3.261,0.0675424,PDN15
52.785,-3.269,0.0675452,PDN15
52.7867,-3.278,0.0675423,PDN15
52.7883,-3.286,0.0675347,PDN15
52.79,-3.295,0.0675273,PDN15
52.7917,-3.302,0.0675224,PDN15
52.7933,-3.311,0.0675173,PDN15
52.795,-3.32,0.0675157,PDN15
52.7967,-3.327,0.0675161,PDN15
52.7983,-3.334,0.0675179,PDN15
52.8,-3.343,0.0675194,PDN15
52.8017,-3.352,0.0675222,PDN15
52.8033,-3.36,0.0675264,PDN15
52.805,-3.369,0.0675301,PDN15
52.8067,-3.378,0.06753,PDN15
52.8083,-3.386,0.0675278,PDN15
52.81,-3.395,0.0675244,PDN15
52.8117,-3.403,0.0675199,PDN15
52.8133,-3.41,0.0675141,PDN15
52.815,-3.419,0.0675053,PDN15
52.8167,-3.429,0.0674989,PDN15
52.8183,-3.435,0.0674908,PDN15
52.82,-3.444,0.0674818,PDN15
52.8217,-3.452,0.0674762,PDN15
52.8233,-3.461,0.0674697,PDN15
52.825,-3.469,0.0674674,PDN15
52.8267,-3.478,0.0674635,PDN15
52.8283,-3.487,0.0674574,PDN15
52.83,-3.493,0.0674512,PDN15
52.8317,-3.503,0.0674458,PDN15
52.8333,-3.511,0.0674369,PDN15
52.835,-3.519,0.0674264,PDN15
52.8367,-3.527,0.0674163,PDN15
52.8383,-3.535,0.0674063,PDN15
52.84,-3.544,0.0673987,PDN15
52.8417,-3.552,0.0673916,PDN15
52.8433,-3.561,0.0673893,PDN15
52.845,-3.569,0.0673884,PDN15
52.8467,-3.578,0.0673892,PDN15
52.8483,-3.585,0.0673938,PDN15
52.85,-3.595,0.0673962,PDN15
52.8517,-3.602,0.0673945,PDN15
52.8533,-3.611,0.0673915,PDN15
52.855,-3.619,0.0673856,PDN15
52.8567,-3.627,0.0673778,PDN15
52.8583,-3.636,0.0673705,PDN15
52.86,-3.644,0.0673628,PDN15
52.8617,-3.652,0.0673577,PDN15
52.8633,-3.661,0.0673545,PDN15
52.865,-3.669,0.0673566,PDN15
52.8667,-3.677,0.067361,PDN15
52.8683,-3.686,0.0673662,PDN15
52.87,-3.695,0.06737,PDN15
52.8717,-3.703,0.0673683,PDN15
52.8733,-3.711,0.0673685,PDN15
52.875,-3.72,0.0673704,PDN15
52.8767,-3.728,0.0673688,PDN15
52.8783,-3.736,0.0673664,PDN15
52.88,-3.744,0.0673616,PDN15
52.8817,-3.752,0.0673546,PDN15
52.8833,-3.76,0.0673476,PDN15
52.885,-3.769,0.0673408,PDN15
52.8867,-3.777,0.0673334,PDN15
52.8883,-3.787,0.0673257,PDN15
52.89,-3.794,0.0673208,PDN15
52.8917,-3.801,0.0673214,PDN15
52.8933,-3.812,0.0673253,PDN15
52.895,-3.82,0.0673306,PDN15
52.8967,-3.828,0.0673365,PDN15
52.8983,-3.836,0.0673397,PDN15
52.9,-3.845,0.0673389,PDN15
52.9017,-3.853,0.067336,PDN15
52.9033,-3.861,0.0673294,PDN15
52.905,-3.87,0.0673214,PDN15
52.9067,-3.878,0.0673163,PDN15
52.9083,-3.886,0.067314,PDN15
52.91,-3.894,0.067313,PDN15
52.9117,-3.903,0.0673136,PDN15
52.9133,-3.91,0.067314,PDN15
52.915,-3.92,0.0673158,PDN15
52.9167,-3.927,0.067315,PDN15
52.9183,-3.936,0.0673114,PDN15
52.92,-3.943,0.0673045,PDN15
52.9217,-3.953,0.0672978,PDN15
52.9233,-3.962,0.0672914,PDN15
52.925,-3.969,0.0672848,PDN15
52.9267,-3.978,0.0672783,PDN15
52.9283,-3.986,0.06727,PDN15
52.93,-3.995,0.0672601,PDN15
52.9317,-4.002,0.0672539,PDN15
52.9333,-4.011,0.0672462,PDN15
52.935,-4.018,0.0672403,PDN15
52.9367,-4.027,0.0672345,PDN15
52.9383,-4.036,0.0672307,PDN15
52.94,-4.044,0.0672261,PDN15
52.9417,-4.051,0.0672205,PDN15
52.9433,-4.061,0.0672173,PDN15
52.945,-4.069,0.0672168,PDN15
52.9467,-4.076,0.0672142,PDN15
52.9483,-4.087,0.0672134,PDN15
52.95,-4.095,0.0672123,PDN15
52.9517,-4.102,0.0672095,PDN15
52.9533,-4.112,0.0672043,PDN15
52.955,-4.118,0.0671934,PDN15
52.9567,-4.128,0.0671799,PDN15
52.9583,-4.135,0.0671516,PDN15
52.96,-4.143,0.0671184,PDN15
52.9617,-4.152,0.0670836,PDN15
52.9633,-4.16,0.0670597,PDN15
52.965,-4.168,0.0670509,PDN15
52.9667,-4.177,0.0670485,PDN15
52.9683,-4.185,0.0670544,PDN15
52.97,-4.195,0.0670599,PDN15
52.9717,-4.201,0.0670668,PDN15
52.9733,-4.21,0.0670725,PDN15
52.975,-4.218,0.0670774,PDN15
52.9767,-4.227,0.0670768,PDN15
52.9783,-4.235,0.0670766,PDN15
52.98,-4.244,0.0670765,PDN15
52.9817,-4.253,0.0670729,PDN15
52.9833,-4.261,0.0670781,PDN15
52.985,-4.269,0.0670833,PDN15
52.9867,-4.278,0.0670896,PDN15
52.9883,-4.286,0.0670921,PDN15
52.99,-4.294,0.0670929,PDN15
52.9917,-4.303,0.0670883,PDN15
52.9933,-4.311,0.067083,PDN15
52.995,-4.318,0.0670767,PDN15
52.9967,-4.329,0.0670684,PDN15
52.9983,-4.336,0.0670572,PDN15
53,-4.344,0.0670463,PDN15
53.0017,-4.352,0.0670396,PDN15
53.0033,-4.36,0.0670366,PDN15
53.005,-4.369,0.0670389,PDN15
53.0067,-4.378,0.0670429,PDN15
53.0083,-4.386,0.067047,PDN15
53.01,-4.394,0.0670511,PDN15
53.0117,-4.402,0.0670536,PDN15
53.0133,-4.411,0.067055,PDN15
53.015,-4.419,0.067058,PDN15
53.0167,-4.428,0.0670556,PDN15
53.0183,-4.436,0.067043,PDN15
53.02,-4.444,0.0670139,PDN15
53.0217,-4.452,0.0669732,PDN15
53.0233,-4.46,0.0669464,PDN15
53.025,-4.47,0.0669099,PDN15
53.0267,-4.478,0.0668952,PDN15
53.0283,-4.485,0.0668821,PDN15
53.03,-4.494,0.0668722,PDN15
53.0317,-4.502,0.0668605,PDN15
53.0333,-4.511,0.066854,PDN15
53.035,-4.519,0.0668451,PDN15
53.0367,-4.528,0.0668323,PDN15
53.0383,-4.535,0.066824,PDN15
53.04,-4.545,0.0668164,PDN15
53.0417,-4.553,0.0668117,PDN15
53.0433,-4.561,0.0668113,PDN15
53.045,-4.569,0.0668148,PDN15
53.0467,-4.578,0.066821,PDN15
53.0483,-4.587,0.0668268,PDN15
53.05,-4.593,0.0668313,PDN15
53.0517,-4.603,0.0668372,PDN15
53.0533,-4.612,0.0668367,PDN15
53.055,-4.62,0.0668271,PDN15
53.0567,-4.627,0.0668169,PDN15
53.0583,-4.635,0.0668027,PDN15
53.06,-4.644,0.0667903,PDN15
53.0617,-4.653,0.0667775,PDN15
53.0633,-4.661,0.0667652,PDN15
53.065,-4.669,0.0667536,PDN15
53.0667,-4.677,0.066745,PDN15
53.0683,-4.686,0.0667367,PDN15
53.07,-4.694,0.0667305,PDN15
53.0717,-4.702,0.0667279,PDN15
53.0733,-4.71,0.066726,PDN15
53.075,-4.719,0.0667254,PDN15
53.0767,-4.727,0.0667248,PDN15
53.0783,-4.735,0.0667294,PDN15
53.08,-4.744,0.0667339,PDN15
53.0817,-4.753,0.0667384,PDN15
53.0833,-4.76,0.066744,PDN15
53.085,-4.769,0.0667435,PDN15
53.0867,-4.777,0.0667382,PDN15
53.0883,-4.786,0.0667283,PDN15
53.09,-4.794,0.0667234,PDN15
53.0917,-4.802,0.0667206,PDN15
53.0933,-4.81,0.0667192,PDN15
53.095,-4.819,0.0667209,PDN15
53.0967,-4.827,0.0667255,PDN15
53.0983,-4.836,0.0667339,PDN15
53.1,-4.844,0.0667425,PDN15
53.1017,-4.852,0.0667615,PDN15
53.1033,-4.861,0.0667711,PDN15
53.105,-4.869,0.0667828,PDN15
53.1067,-4.876,0.0668019,PDN15
53.1083,-4.886,0.0668243,PDN15
53.11,-4.893,0.0668539,PDN15
53.1117,-4.901,0.066864,PDN15
53.1133,-4.911,0.0668682,PDN15
53.115,-4.919,0.0668642,PDN15
53.1167,-4.927,0.0668571,PDN15
53.1183,-4.936,0.066841,PDN15
53.12,-4.945,0.0668127,PDN15
53.1217,-4.952,0.0667677,PDN15
53.1233,-4.961,0.0667446,PDN15
53.125,-4.969,0.0667317,PDN15
53.1267,-4.978,0.0667215,PDN15
53.1283,-4.986,0.0667152,PDN15
53.13,-4.994,0.0667122,PDN15
53.1317,-5.003,0.066705,PDN15
53.1333,-5.011,0.0666974,PDN15
53.135,-5.019,0.066692,PDN15
53.1367,-5.029,0.066687,PDN15
53.1383,-5.036,0.066681,PDN15
53.14,-5.045,0.0666798,PDN15
53.1417,-5.053,0.0666795,PDN15
53.1433,-5.062,0.0666794,PDN15
53.145,-5.069,0.0666772,PDN15
53.1467,-5.077,0.0666727,PDN15
53.1483,-5.087,0.0666685,PDN15
53.15,-5.094,0.0666605,PDN15
53.1517,-5.102,0.0666491,PDN15
53.1533,-5.112,0.0666361,PDN15
53.155,-5.119,0.0666215,PDN15
53.1567,-5.127,0.0666091,PDN15
53.1583,-5.136,0.066598,PDN15
53.16,-5.145,0.0665892,PDN15
53.1617,-5.153,0.0665847,PDN15
53.1633,-5.161,0.0665831,PDN15
53.165,-5.171,0.066581,PDN15
53.1667,-5.177,0.0665837,PDN15
53.1683,-5.187,0.0665851,PDN15
53.17,-5.195,0.066586,PDN15
53.1717,-5.203,0.0665867,PDN15
53.1733,-5.211,0.0665889,PDN15
53.175,-5.218,0.0665912,PDN15
53.1767,-5.228,0.0665913,PDN15
53.1783,-5.237,0.0665851,PDN15
53.18,-5.244,0.066576,PDN15
53.1817,-5.253,0.0665658,PDN15
53.1833,-5.26,0.0665538,PDN15
53.185,-5.269,0.0665434,PDN15
53.1867,-5.278,0.0665377,PDN15
53.1883,-5.286,0.0665369,PDN15
53.19,-5.294,0.066539,PDN15
53.1917,-5.303,0.066545,PDN15
53.1933,-5.311,0.0665493,PDN15
53.195,-5.319,0.0665538,PDN15
53.1967,-5.327,0.066558,PDN15
53.1983,-5.336,0.0665575,PDN15
53.2,-5.345,0.0665554,PDN15
53.2017,-5.353,0.066552,PDN15
53.2033,-5.359,0.0665464,PDN15
53.205,-5.369,0.0665423,PDN15
53.2067,-5.379,0.0665417,PDN15
53.2083,-5.386,0.0665399,PDN15
53.21,-5.394,0.0665438,PDN15
53.2117,-5.403,0.0665465,PDN15
53.2133,-5.412,0.066552,PDN15
53.215,-5.42,0.0665548,PDN15
53.2167,-5.427,0.0665543,PDN15
53.2183,-5.435,0.0665534,PDN15
53.22,-5.444,0.0665499,PDN15
53.2217,-5.452,0.0665438,PDN15
53.2233,-5.461,0.0665322,PDN15
53.225,-5.469,0.06652,PDN15
53.2267,-5.477,0.0665047,PDN15
53.2283,-5.485,0.0664852,PDN15
53.23,-5.494,0.0664642,PDN15
53.2317,-5.502,0.0664551,PDN15
53.2333,-5.51,0.0664498,PDN15
53.235,-5.519,0.0664461,PDN15
53.2367,-5.527,0.0664436,PDN15
53.2383,-5.536,0.0664393,PDN15
53.24,-5.544,0.066438,PDN15
53.2417,-5.552,0.0664335,PDN15
53.2433,-5.561,0.066432,PDN15
53.245,-5.57,0.0664326,PDN15
53.2467,-5.577,0.0664319,PDN15
53.2483,-5.585,0.0664303,PDN15
53.25,-5.593,0.0664296,PDN15
53.2517,-5.603,0.0664272,PDN15
53.2533,-5.61,0.0664233,PDN15
53.255,-5.62,0.0664185,PDN15
53.2567,-5.627,0.0664133,PDN15
53.2583,-5.636,0.0664066,PDN15
53.26,-5.644,0.0663962,PDN15
53.2617,-5.652,0.0663829,PDN15
53.2633,-5.661,0.0663695,PDN15
53.265,-5.669,0.0663555,PDN15
53.2667,-5.676,0.0663455,PDN15
53.2683,-5.685,0.066337,PDN15
53.27,-5.695,0.0663295,PDN15
53.2717,-5.703,0.0663265,PDN15
53.2733,-5.71,0.066329,PDN15
53.275,-5.72,0.066336,PDN15
53.2767,-5.727,0.0663514,PDN15
53.2783,-5.736,0.0663617,PDN15
53.28,-5.745,0.0663675,PDN15
53.2817,-5.753,0.0663672,PDN15
53.2833,-5.761,0.0663595,PDN15
53.285,-5.769,0.0663447,PDN15
53.2867,-5.779,0.0663068,PDN15
53.2883,-5.786,0.0662776,PDN15
53.29,-5.795,0.0662603,PDN15
53.2917,-5.803,0.0662401,PDN15
53.2933,-5.811,0.0662291,PDN15
53.295,-5.819,0.0662246,PDN15
53.2967,-5.827,0.0662275,PDN15
53.2983,-5.836,0.0662392,PDN15
53.3,-5.844,0.0662524,PDN15
53.3017,-5.853,0.0662566,PDN15
53.3033,-5.86,0.0662571,PDN15
53.305,-5.869,0.0662577,PDN15
53.3067,-5.879,0.0662579,PDN15
53.3083,-5.885,0.0662547,PDN15
53.31,-5.895,0.0662481,PDN15
53.3117,-5.902,0.0662409,PDN15
53.3133,-5.911,0.0662322,PDN15
53.315,-5.919,0.0662257,PDN15
53.3167,-5.927,0.0662208,PDN15
53.3183,-5.935,0.0662183,PDN15
53.32,-5.945,0.0662164,PDN15
53.3217,-5.952,0.0662162,PDN15
53.3233,-5.96,0.0662137,PDN15
53.325,-5.968,0.0662108,PDN15
53.3267,-5.977,0.0662059,PDN15
53.3283,-5.985,0.066202,PDN15
53.33,-5.994,0.0662004,PDN15
53.3317,-6.003,0.0661974,PDN15
53.3333,-6.01,0.0661983,PDN15
53.335,-6.019,0.0662022,PDN15
53.3367,-6.027,0.0662083,PDN15
53.3383,-6.037,0.0662166,PDN15
53.34,-6.045,0.0662198,PDN15
53.3417,-6.053,0.0662183,PDN15
53.3433,-6.061,0.0662075,PDN15
53.345,-6.069,0.0661955,PDN15
53.3467,-6.078,0.0661847,PDN15
53.3483,-6.086,0.066164,PDN15
53.35,-6.095,0.0661529,PDN15
53.3517,-6.103,0.0661482,PDN15
53.3533,-6.111,0.0661492,PDN15
53.355,-6.12,0.06615,PDN15
53.3567,-6.128,0.0661514,PDN15
53.3583,-6.136,0.0661497,PDN15
53.36,-6.144,0.0661468,PDN15
53.3617,-6.153,0.0661374,PDN15
53.3633,-6.161,0.0661255,PDN15
53.365,-6.169,0.0661165,PDN15
53.3667,-6.177,0.0661058,PDN15
53.3683,-6.185,0.0660955,PDN15
53.37,-6.194,0.0660908,PDN15
53.3717,-6.203,0.066089,PDN15
53.3733,-6.212,0.0660856,PDN15
53.375,-6.22,0.0660811,PDN15
53.3767,-6.229,0.0660788,PDN15
53.3783,-6.236,0.0660759,PDN15
53.38,-6.244,0.0660712,PDN15
53.3817,-6.253,0.0660624,PDN15
53.3833,-6.261,0.0660514,PDN15
53.385,-6.27,0.0660457,PDN15
53.3867,-6.278,0.0660423,PDN15
53.3883,-6.286,0.06604,PDN15
53.39,-6.294,0.0660463,PDN15
53.3917,-6.302,0.0660529,PDN15
53.3933,-6.312,0.0660591,PDN15
53.395,-6.319,0.0660746,PDN15
53.3967,-6.328,0.0660794,PDN15
53.3983,-6.337,0.0660769,PDN15
53.4,-6.344,0.0660703,PDN15
53.4017,-6.352,0.0660585,PDN15
53.4033,-6.361,0.0660451,PDN15
53.405,-6.37,0.0660336,PDN15
53.4067,-6.378,0.0660229,PDN15
53.4083,-6.386,0.0660173,PDN15
53.41,-6.394,0.066013,PDN15
53.4117,-6.402,0.0660096,PDN15
53.4133,-6.411,0.0660093,PDN15
53.415,-6.42,0.0660085,PDN15
53.4167,-6.429,0.0660086,PDN15
53.4183,-6.436,0.0660112,PDN15
53.42,-6.445,0.0660101,PDN15
53.4217,-6.454,0.0660105,PDN15
53.4233,-6.461,0.0660131,PDN15
53.425,-6.471,0.06602,PDN15
53.4267,-6.479,0.0660253,PDN15
53.4283,-6.487,0.0660282,PDN15
53.43,-6.496,0.066029,PDN15
53.4317,-6.504,0.0660269,PDN15
53.4333,-6.511,0.0660234,PDN15
53.435,-6.519,0.0660184,PDN15
53.4367,-6.528,0.06601,PDN15
53.4383,-6.536,0.0660005,PDN15
53.44,-6.545,0.065992,PDN15
53.4417,-6.553,0.0659831,PDN15
53.4433,-6.561,0.0659794,PDN15
53.445,-6.57,0.0659797,PDN15
53.4467,-6.579,0.0659827,PDN15
53.4483,-6.586,0.0659848,PDN15
53.45,-6.594,0.0659852,PDN15
53.4517,-6.604,0.0659816,PDN15
53.4533,-6.612,0.0659748,PDN15
53.455,-6.619,0.0659569,PDN15
53.4567,-6.628,0.0659267,PDN15
53.4583,-6.637,0.0658883,PDN15
53.46,-6.644,0.0658664,PDN15
53.4617,-6.653,0.0658535,PDN15
53.4633,-6.661,0.0658419,PDN15
53.465,-6.67,0.0658335,PDN15
53.4667,-6.678,0.0658307,PDN15
53.4683,-6.685,0.0658304,PDN15
53.47,-6.695,0.0658353,PDN15
53.4717,-6.703,0.0658372,PDN15
53.4733,-6.712,0.0658324,PDN15
53.475,-6.72,0.0658253,PDN15
53.4767,-6.729,0.0658142,PDN15
53.4783,-6.737,0.0658053,PDN15
53.48,-6.745,0.0658011,PDN15
53.4817,-6.754,0.0657963,PDN15
53.4833,-6.762,0.065786,PDN15
53.485,-6.771,0.0657741,PDN15
53.4867,-6.779,0.0657617,PDN15
53.4883,-6.788,0.0657546,PDN15
53.49,-6.796,0.0657488,PDN15
53.4917,-6.804,0.0657437,PDN15
53.4933,-6.812,0.0657407,PDN15
53.495,-6.821,0.0657375,PDN15
53.4967,-6.829,0.0657394,PDN15
53.4983,-6.838,0.0657439,PDN15
53.5,-6.845,0.065749,PDN15
53.5017,-6.854,0.0657525,PDN15
53.5033,-6.862,0.0657543,PDN15
53.505,-6.87,0.0657553,PDN15
53.5067,-6.879,0.0657538,PDN15
53.5083,-6.887,0.065752,PDN15
53.51,-6.896,0.0657515,PDN15
53.5117,-6.905,0.0657492,PDN15
53.5133,-6.912,0.0657417,PDN15
53.515,-6.92,0.0657323,PDN15
53.5167,-6.929,0.0657227,PDN15
53.5183,-6.938,0.0657119,PDN15
53.52,-6.946,0.065701,PDN15
53.5217,-6.954,0.0656913,PDN15
53.5233,-6.961,0.0656842,PDN15
53.525,-6.97,0.0656814,PDN15
53.5267,-6.979,0.0656831,PDN15
53.5283,-6.986,0.0656872,PDN15
53.53,-6.995,0.0656916,PDN15
53.5317,-7.005,0.0656942,PDN15
53.5333,-7.013,0.0656914,PDN15
53.535,-7.022,0.0656894,PDN15
53.5367,-7.029,0.0656859,PDN15
53.5383,-7.037,0.0656782,PDN15
53.54,-7.045,0.0656709,PDN15
53.5417,-7.055,0.0656616,PDN15
53.5433,-7.062,0.065653,PDN15
53.545,-7.071,0.0656466,PDN15
53.5467,-7.078,0.0656433,PDN15
53.5483,-7.088,0.0656439,PDN15
53.55,-7.096,0.065648,PDN15
53.5517,-7.103,0.0656487,PDN15
53.5533,-7.112,0.0656549,PDN15
53.555,-7.121,0.0656617,PDN15
53.5567,-7.129,0.0656681,PDN15
53.5583,-7.138,0.0656744,PDN15
53.56,-7.145,0.0656823,PDN15
53.5617,-7.154,0.0656869,PDN15
53.5633,-7.162,0.0656955,PDN15
53.565,-7.171,0.0657005,PDN15
53.5667,-7.179,0.0657015,PDN15
53.5683,-7.186,0.0656936,PDN15
53.57,-7.195,0.0656814,PDN15
53.5717,-7.204,0.0656704,PDN15
53.5733,-7.211,0.065658,PDN15
53.575,-7.22,0.0656383,PDN15
53.5767,-7.228,0.0655997,PDN15
53.5783,-7.236,0.0655847,PDN15
53.58,-7.246,0.0655586,PDN15
53.5817,-7.254,0.0655496,PDN15
53.5833,-7.262,0.0655433,PDN15
53.585,-7.271,0.0655399,PDN15
53.5867,-7.279,0.0655329,PDN15
53.5883,-7.287,0.0655235,PDN15
53.59,-7.294,0.0655153,PDN15
53.5917,-7.304,0.0655079,PDN15
53.5933,-7.312,0.0654996,PDN15
53.595,-7.32,0.065487,PDN15
53.5967,-7.33,0.0654761,PDN15
53.5983,-7.337,0.0654641,PDN15
53.6,-7.345,0.0654578,PDN15
53.6017,-7.354,0.0654531,PDN15
53.6033,-7.363,0.0654504,PDN15
53.605,-7.37,0.0654472,PDN15
53.6067,-7.378,0.0654432,PDN15
53.6083,-7.386,0.0654386,PDN15
53.61,-7.394,0.0654366,PDN15
53.6117,-7.403,0.0654372,PDN15
53.6133,-7.412,0.065434,PDN15
53.615,-7.42,0.0654265,PDN15
53.6167,-7.429,0.0654151,PDN15
53.6183,-7.438,0.0654066,PDN15
53.62,-7.444,0.0653957,PDN15
53.6217,-7.453,0.0653842,PDN15
53.6233,-7.461,0.0653732,PDN15
53.625,-7.47,0.0653581,PDN15
53.6267,-7.479,0.065344,PDN15
53.6283,-7.487,0.0653328,PDN15
53.63,-7.495,0.0653221,PDN15
53.6317,-7.505,0.0653137,PDN15
53.6333,-7.512,0.065306,PDN15
53.635,-7.52,0.0652993,PDN15
53.6367,-7.529,0.065298,PDN15
53.6383,-7.537,0.0652979,PDN15
53.64,-7.545,0.0652975,PDN15
53.6417,-7.553,0.065297,PDN15
53.6433,-7.562,0.0652963,PDN15
53.645,-7.569,0.0652975,PDN15
53.6467,-7.579,0.0653004,PDN15
53.6483,-7.586,0.0653016,PDN15
53.65,-7.596,0.0652995,PDN15
53.6517,-7.604,0.0652964,PDN15
53.6533,-7.612,0.0652903,PDN15
53.655,-7.621,0.0652858,PDN15
53.6567,-7.627,0.0652856,PDN15
53.6583,-7.636,0.0652811,PDN15
53.66,-7.645,0.0652769,PDN15
53.6617,-7.654,0.0652699,PDN15
53.6633,-7.662,0.0652626,PDN15
53.665,-7.67,0.0652573,PDN15
53.6667,-7.678,0.0652517,PDN15
53.6683,-7.686,0.0652469,PDN15
53.67,-7.695,0.0652427,PDN15
53.6717,-7.703,0.065241,PDN15
53.6733,-7.713,0.0652384,PDN15
53.675,-7.72,0.0652323,PDN15
53.6767,-7.728,0.0652299,PDN15
53.6783,-7.736,0.0652285,PDN15
53.68,-7.745,0.0652283,PDN15
53.6817,-7.753,0.0652268,PDN15
53.6833,-7.761,0.0652222,PDN15
53.685,-7.77,0.0652112,PDN15
53.6867,-7.778,0.0652043,PDN15
53.6883,-7.786,0.0651964,PDN15
53.69,-7.794,0.0651937,PDN15
53.6917,-7.803,0.0651918,PDN15
53.6933,-7.811,0.0651849,PDN15
53.695,-7.82,0.0651762,PDN15
53.6967,-7.828,0.0651683,PDN15
53.6983,-7.837,0.0651589,PDN15
53.7,-7.845,0.0651466,PDN15
53.7017,-7.853,0.0651334,PDN15
53.7033,-7.862,0.0651168,PDN15
53.705,-7.87,0.0651026,PDN15
53.7067,-7.878,0.0650897,PDN15
53.7083,-7.886,0.0650817,PDN15
53.71,-7.896,0.0650763,PDN15
53.7117,-7.904,0.0650751,PDN15
53.7133,-7.911,0.0650767,PDN15
53.715,-7.92,0.0650787,PDN15
53.7167,-7.928,0.0650801,PDN15
53.7183,-7.937,0.0650815,PDN15
53.72,-7.945,0.0650792,PDN15
53.7217,-7.953,0.065075,PDN15
53.7233,-7.962,0.0650678,PDN15
53.725,-7.97,0.0650576,PDN15
53.7267,-7.978,0.0650468,PDN15
53.7283,-7.987,0.0650354,PDN15
53.73,-7.995,0.0650229,PDN15
53.7317,-8.003,0.0650101,PDN15
53.7333,-8.011,0.0649978,PDN15
53.735,-8.021,0.0649874,PDN15
53.7367,-8.027,0.0649794,PDN15
53.7383,-8.037,0.0649744,PDN15
53.74,-8.045,0.064968,PDN15
53.7417,-8.054,0.0649646,PDN15
53.7433,-8.062,0.064963,PDN15
53.745,-8.07,0.0649592,PDN15
53.7467,-8.078,0.0649604,PDN15
53.7483,-8.087,0.064966,PDN15
53.75,-8.096,0.064971,PDN15
53.7517,-8.103,0.0649769,PDN15
53.7533,-8.111,0.064982,PDN15
53.755,-8.12,0.0649784,PDN15
53.7567,-8.129,0.0649737,PDN15
53.7583,-8.137,0.0649639,PDN15
53.76,-8.145,0.0649543,PDN15
53.7617,-8.154,0.0649397,PDN15
53.7633,-8.163,0.0649262,PDN15
53.765,-8.17,0.0649139,PDN15
53.7667,-8.179,0.0648992,PDN15
53.7683,-8.187,0.0648886,PDN15
53.77,-8.196,0.0648821,PDN15
53.7717,-8.204,0.064882,PDN15
53.7733,-8.213,0.0648813,PDN15
53.775,-8.22,0.0648805,PDN15
53.7767,-8.228,0.0648788,PDN15
53.7783,-8.236,0.0648779,PDN15
53.78,-8.245,0.0648769,PDN15
53.7817,-8.255,0.0648771,PDN15
53.7833,-8.262,0.0648789,PDN15
53.785,-8.271,0.064876,PDN15
53.7867,-8.279,0.0648678,PDN15
53.7883,-8.288,0.0648604,PDN15
53.79,-8.296,0.0648521,PDN15
53.7917,-8.304,0.0648463,PDN15
53.7933,-8.312,0.0648476,PDN15
53.795,-8.322,0.0648511,PDN15
53.7967,-8.329,0.064857,PDN15
53.7983,-8.337,0.0648614,PDN15
53.8,-8.345,0.0648629,PDN15
53.8017,-8.354,0.0648619,PDN15
53.8033,-8.362,0.0648538,PDN15
53.805,-8.371,0.0648386,PDN15
53.8067,-8.38,0.0648243,PDN15
53.8083,-8.388,0.0648091,PDN15
53.81,-8.396,0.0647996,PDN15
53.8117,-8.404,0.0647924,PDN15
53.8133,-8.412,0.0647879,PDN15
53.815,-8.421,0.0647894,PDN15
53.8167,-8.429,0.0647953,PDN15
53.8183,-8.437,0.0648156,PDN15
53.82,-8.446,0.0648339,PDN15
53.8217,-8.454,0.064844,PDN15
53.8233,-8.462,0.0648552,PDN15
53.825,-8.471,0.0648578,PDN15
53.8267,-8.478,0.0648582,PDN15
53.8283,-8.487,0.0648566,PDN15
53.83,-8.496,0.0648511,PDN15
53.8317,-8.503,0.064843,PDN15
53.8333,-8.512,0.0648332,PDN15
53.835,-8.522,0.0648091,PDN15
53.8367,-8.529,0.0647819,PDN15
53.8383,-8.537,0.0647682,PDN15
53.84,-8.546,0.0647551,PDN15
53.8417,-8.554,0.0647447,PDN15
53.8433,-8.563,0.0647324,PDN15
53.845,-8.571,0.064721,PDN15
53.8467,-8.579,0.0647075,PDN15
53.8483,-8.587,0.0646978,PDN15
53.85,-8.596,0.0646925,PDN15
53.8517,-8.604,0.0646858,PDN15
53.8533,-8.612,0.0646722,PDN15
53.855,-8.621,0.0646553,PDN15
53.8567,-8.631,0.0646434,PDN15
53.8583,-8.638,0.0646335,PDN15
53.86,-8.646,0.0646259,PDN15
53.8617,-8.654,0.0646197,PDN15
53.8633,-8.663,0.0646154,PDN15
53.865,-8.672,0.0646118,PDN15
53.8667,-8.68,0.06461,PDN15
53.8683,-8.687,0.0646135,PDN15
53.87,-8.696,0.0646176,PDN15
53.8717,-8.705,0.0646174,PDN15
53.8733,-8.713,0.0646119,PDN15
53.875,-8.72,0.0646046,PDN15
53.8767,-8.728,0.0645978,PDN15
53.8783,-8.737,0.0645879,PDN15
53.88,-8.746,0.0645807,PDN15
53.8817,-8.755,0.0645716,PDN15
53.8833,-8.763,0.0645627,PDN15
53.885,-8.771,0.0645517,PDN15
53.8867,-8.779,0.0645453,PDN15
53.8883,-8.788,0.0645384,PDN15
53.89,-8.796,0.0645301,PDN15
53.8917,-8.805,0.0645193,PDN15
53.8933,-8.812,0.0645087,PDN15
53.895,-8.821,0.0645032,PDN15
53.8967,-8.829,0.0645014,PDN15
53.8983,-8.838,0.0645052,PDN15
53.9,-8.846,0.0645118,PDN15
53.9017,-8.855,0.064517,PDN15
53.9033,-8.861,0.0645187,PDN15
53.905,-8.87,0.0645196,PDN15
53.9067,-8.879,0.0645156,PDN15
53.9083,-8.888,0.0645065,PDN15
53.91,-8.895,0.0644901,PDN15
53.9117,-8.905,0.0644758,PDN15
53.9133,-8.913,0.0644612,PDN15
53.915,-8.922,0.0644519,PDN15
53.9167,-8.929,0.064446,PDN15
53.9183,-8.937,0.0644431,PDN15
53.92,-8.946,0.0644447,PDN15
53.9217,-8.955,0.0644466,PDN15
53.9233,-8.963,0.0644517,PDN15
53.925,-8.971,0.0644566,PDN15
53.9267,-8.98,0.0644599,PDN15
53.9283,-8.987,0.0644609,PDN15
53.93,-8.997,0.0644641,PDN15
53.9317,-9.004,0.0644646,PDN15
53.9333,-9.013,0.0644653,PDN15
53.935,-9.021,0.0644642,PDN15
53.9367,-9.029,0.0644565,PDN15
53.9383,-9.037,0.0644494,PDN15
53.94,-9.047,0.064444,PDN15
53.9417,-9.054,0.0644419,PDN15
53.9433,-9.063,0.0644413,PDN15
53.945,-9.071,0.0644349,PDN15
